Fuel Type Code,Station Name,Street Address,Intersection Directions,City,State,ZIP,Plus4,Station Phone,Status Code,Expected Date,Groups With Access Code,Access Days Time,Cards Accepted,BD Blends,NG Fill Type Code,NG PSI,EV Level1 EVSE Num,EV Level2 EVSE Num,EV DC Fast Count,EV Other Info,EV Network,EV Network Web,Geocode Status,Latitude,Longitude,Date Last Confirmed,ID,Updated At,Owner Type Code,Federal Agency ID,Federal Agency Name,Open Date,Hydrogen Status Link,NG Vehicle Class,LPG Primary,E85 Blender Pump,EV Connector Types,Country,Intersection Directions (French),Access Days Time (French),BD Blends (French),Groups With Access Code (French),Hydrogen Is Retail,Access Code,Access Detail Code,Federal Agency Code,Facility Type,CNG Dispenser Num,CNG On-Site Renewable Source,CNG Total Compression Capacity,CNG Storage Capacity,LNG On-Site Renewable Source,E85 Other Ethanol Blends,EV Pricing,EV Pricing (French),LPG Nozzle Types,Hydrogen Pressures,Hydrogen Standards,CNG Fill Type Code,CNG PSI,CNG Vehicle Class,LNG Vehicle Class,EV On-Site Renewable Source,Restricted Access,RD Blends,RD Blends (French),RD Blended with Biodiesel,RD Maximum Biodiesel Level,NPS Unit Name,CNG Station Sells Renewable Natural Gas,LNG Station Sells Renewable Natural Gas,Maximum Vehicle Class,EV Workplace Charging,Funding Sources
ELEC,Peaches Bed & Breakfast,29 Gay Ave SE,,Grand Rapids,MI,49503,,616-454-8000,E,,Public - Call ahead,24 hours daily; for guest use only,,,,,,1.0,,,Non-Networked,,200-9,42.962078,-85.659019,2025-11-13,38778,2026-02-02 23:16:24 UTC,P,,,2011-04-15,,,,,J1772,US,,,,Public - Appeler à l'avance,,public,CALL,,B_AND_B,,,,,,,Free,,,,,,,,,,True,,,,,,,,LD,False,
ELEC,CITY OF HOLLAND 127 E 8TH,127 E 8th St,,Holland,MI,49423,,888-758-4389,E,,Public,24 hours daily,,,,,,2.0,,,ChargePoint Network,https://www.chargepoint.com,GPS,42.790376,-86.101511,2026-08-09,40444,2026-08-09 01:31:51 UTC,,,,2011-05-17,,,,,J1772,US,,,,Public,,public,,,,,,,,,,,,,,,,,,,,False,,,,,,,,,False,
ELEC,MGM Casino - Public Parking Structure,1777 3rd St,"Southwest of intersection of 3rd Street and Fisher Highway; spaces in center of the 6th floor of public parking structure, immediately east and west of the center electrical/facilities room.",Detroit,MI,48226,,877-888-2121,E,,Public,24 hours daily,,,,,,24.0,,7 Conductive 120V,Non-Networked,,GPS,42.33476,-83.0608,2023-02-13,40603,2026-06-25 00:28:12 UTC,T,,,2012-08-13,,,,,J1772,US,,,,Public,,public,,,OTHER_ENTERTAINMENT,,,,,,,Free,,,,,,,,,,False,,,,,,,,LD,False,
ELEC,City of Saline - City Parking Lot #2,101 E Henry St,Southeast of intersection of Ann Arbor Street and Michigan Avenue; single unit behind Comerica Bank in City Parking Lot #2 on northern end of center island.,Saline,MI,48176,,734-429-4907,E,,Public,24 hours daily,,,,,,1.0,,,Non-Networked,,GPS,42.166498,-83.780162,2025-12-12,40610,2026-02-02 23:16:24 UTC,T,,,2011-06-21,,,,,J1772,US,,,,Public,,public,,,PARKING_LOT,,,,,,,Free,,,,,,,,,,False,,,,,,,,LD,False,
ELEC,Crystal Mountain Resort & Spa,12500 Crystal Mountain Dr,M-115 and Lindy Road,Thompsonville,MI,49683,,231-378-2000,E,,Public - Call ahead,24 hours daily; for customer or guest use only,,,,,,3.0,,,Non-Networked,,200-9,44.520371,-85.991356,2025-06-06,40653,2026-02-02 23:16:24 UTC,P,,,2011-07-15,,,,,J1772,US,,,,Public - Appeler à l'avance,,public,CALL,,HOTEL,,,,,,,Free,,,,,,,,,,True,,,,,,,,LD,False,
ELEC,CITY OF GR MGR OTTAWA FULTON 1,50 Ottawa Ave NW,,Grand Rapids,MI,49503,,888-758-4389,E,,Public,24 hours daily,,,,,,2.0,,,ChargePoint Network,https://www.chargepoint.com,GPS,42.963679,-85.670993,2026-08-09,42720,2026-08-09 01:24:46 UTC,,,,2011-12-15,,,,,J1772,US,,,,Public,,public,,,,,,,,,,,,,,,,,,,,False,,,,,,,,,False,
ELEC,CITY OF GR MGR GALLERY PLACE,10 Commerce Ave SW,,Grand Rapids,MI,49503,,888-758-4389,E,,Public,24 hours daily,,,,,,2.0,,,ChargePoint Network,https://www.chargepoint.com,GPS,42.962871,-85.668737,2026-08-09,42729,2026-08-09 01:24:23 UTC,,,,2011-12-15,,,,,J1772,US,,,,Public,,public,,,,,,,,,,,,,,,,,,,,False,,,,,,,,,False,
ELEC,University of Detroit Mercy,4001 W McNichols Rd,Regular parking spaces (fifth through eighth) north of handicapped parking spaces along western face of Calihan Hall by building's western emergency exit.,Detroit,MI,48221,,313-993-1234,E,,Public,24 hours daily; for students and staff only,,,,,,2.0,,,Non-Networked,,GPS,42.41423,-83.1364,2025-07-03,43253,2026-02-02 23:16:24 UTC,T,,,2012-05-03,,,,,J1772,US,,,,Public,,public,,,COLLEGE_CAMPUS,,,,,,,Free,,,,,,,,,,True,,,,,,,,LD,True,
ELEC,Ann Arbor Nissan,3975 Jackson Rd,,Ann Arbor,MI,48103,,734-663-7770,E,,Public - Call ahead,Dealership business hours,,,,,,1.0,2.0,,Non-Networked,,GPS,42.284447,-83.808724,2026-01-13,44287,2026-02-02 23:16:24 UTC,P,,,2011-11-30,,,,,CHADEMO J1772 J1772COMBO,US,,,,Public - Appeler à l'avance,,public,CALL,,CAR_DEALER,,,,,,,Free,,,,,,,,,,False,,,,,,,,LD,False,
ELEC,Gezon Nissan,3985 Plainfield Ave NE,,Grand Rapids,MI,49525,,,E,,Public - Call ahead,Dealership business hours; contact 616-361-7361 for more information,,,,,,1.0,1.0,,Non-Networked,,200-8,43.0363,-85.61852,2024-02-12,44289,2025-02-12 00:16:32 UTC,P,,,2011-11-30,,,,,CHADEMO J1772 J1772COMBO,US,,,,Public - Appeler à l'avance,,public,CALL,,CAR_DEALER,,,,,,,,,,,,,,,,,False,,,,,,,,LD,False,
ELEC,Gezon Nissan,3985 Plainfield Ave NE,,Grand Rapids,MI,49525,,,E,,Private,,,,,,,2.0,,,Non-Networked,,200-8,43.0363,-85.61852,2024-02-12,44290,2025-02-12 00:16:32 UTC,P,,,2011-11-30,,,,,J1772,US,,,,Privé,,private,,,CAR_DEALER,,,,,,,,,,,,,,,,,,,,,,,,,LD,False,
ELEC,Fox Nissan,4430 28th St SE,,Kentwood,MI,49512,,616-942-8040,E,,Public,24 hours daily,,,,,,3.0,,,Non-Networked,,GPS,42.911653,-85.5583,2026-01-13,44293,2026-02-02 23:16:24 UTC,P,,,2018-09-12,,,,,J1772,US,,,,Public,,public,,,CAR_DEALER,,,,,,,,,,,,,,,,,True,,,,,,,,LD,False,
ELEC,Fox Nissan,4430 28th St SE,,Kentwood,MI,49512,,616-942-8040,E,,Private,,,,,,,1.0,,,Non-Networked,,GPS,42.911653,-85.5583,2026-01-13,44294,2026-02-02 23:16:24 UTC,P,,,2011-11-30,,,,,J1772,US,,,,Privé,,private,,,CAR_DEALER,,,,,,,,,,,,,,,,,,,,,,,,,LD,False,
ELEC,Garber Nissan,5450 Bay Rd,,Saginaw,MI,48604,,989-790-0120,E,,Public - Call ahead,Dealership business hours,,,,,,1.0,,,Non-Networked,,GPS,43.486850143,-83.973901793,2026-01-13,44295,2026-02-02 23:16:24 UTC,P,,,2011-11-30,,,,,J1772,US,,,,Public - Appeler à l'avance,,public,CALL,,CAR_DEALER,,,,,,,Free,,,,,,,,,,False,,,,,,,,LD,False,
ELEC,Traverse City Auto Plaza,1331 S Garfield Ave,,Traverse City,MI,49686,,231-946-5540,E,,Public - Call ahead,Dealership business hours,,,,,,1.0,,,Non-Networked,,200-8,44.74352,-85.59523,2024-02-12,44297,2025-02-12 00:16:32 UTC,P,,,2011-11-30,,,,,J1772,US,,,,Public - Appeler à l'avance,,public,CALL,,CAR_DEALER,,,,,,,Free,,,,,,,,,,False,,,,,,,,LD,False,
ELEC,Traverse City Auto Plaza,1331 S Garfield Ave,,Traverse City,MI,49686,,231-946-5540,E,,Private,,,,,,,1.0,,,Non-Networked,,200-8,44.74352,-85.59523,2024-02-12,44298,2025-02-12 00:16:32 UTC,P,,,2011-11-30,,,,,J1772,US,,,,Privé,,private,,,CAR_DEALER,,,,,,,,,,,,,,,,,,,,,,,,,,False,
ELEC,Suburban Nissan - Troy,1800 Maplelawn Dr,,Troy,MI,48084,,248-649-2300,E,,Public - Call ahead,Dealership business hours,,,,,,1.0,1.0,,Non-Networked,,200-9,42.553452,-83.175063,2024-02-12,44299,2025-02-12 00:16:32 UTC,P,,,2011-11-30,,,,,J1772 J1772COMBO,US,,,,Public - Appeler à l'avance,,public,CALL,,CAR_DEALER,,,,,,,Free,,,,,,,,,,False,,,,,,,,LD,False,
ELEC,Suburban Nissan - Troy,1800 Maplelawn Dr,,Troy,MI,48084,,248-649-2300,E,,Private,,,,,,,1.0,,,Non-Networked,,200-9,42.553452,-83.175063,2024-02-12,44300,2025-02-12 00:16:32 UTC,P,,,2011-11-30,,,,,J1772,US,,,,Privé,,private,,,CAR_DEALER,,,,,,,,,,,,,,,,,,,,,,,,,LD,False,
ELEC,Cranbrook Institute of Science - Parking Deck,39221 Woodward Ave,"Northeast corner of top level of parking deck, off Institute Way",Bloomfield Hills,MI,48303,,248-645-3200,E,,Public,7:30am-6pm M-F,,,,,,1.0,,,Non-Networked,,GPS,42.57181646,-83.25019,2023-01-10,49172,2026-06-25 00:08:10 UTC,P,,,2019-06-18,,,,,J1772,US,,,,Public,,public,,,MUSEUM,,,,,,,Free,,,,,,,,,,False,,,,,,,,LD,False,
ELEC,McNaughton McKay Electric Co,1357 E Lincoln Ave,East side of building near customer Will Call entrance,Madison Heights,MI,48071,,,E,,Private,For employee use only,,,,,,2.0,,,Non-Networked,,GPS,42.484615,-83.09264,2026-07-15,49174,2026-07-15 18:47:09 UTC,T,,,2011-10-31,,,,,J1772,US,,,,Privé,,private,,,UTILITY,,,,,,,Free,,,,,,,,,,,,,,,,,,MD,True,
ELEC,Lawrence Technological University,21000 W 10 Mile Rd,"Along southern edge of parking lot C east of North Housing, between the two parking spaces immediately east of the handicap parking spaces that face the Buell Management Building",Southfield,MI,48075,,800-225-5588,E,,Public,24 hours daily,,,,,,1.0,,,Non-Networked,,GPS,42.476386,-83.24981,2025-06-06,49175,2026-02-02 23:16:24 UTC,P,,,2012-08-30,,,,,J1772,US,,,,Public,,public,,,COLLEGE_CAMPUS,,,,,,,Free,,,,,,,,,,False,,,,,,,,LD,False,
ELEC,Tony Serra Highland Nissan,2530 E Highland Rd,,Highland,MI,48356,,248-887-8900,E,,Public - Call ahead,Dealership business hours,,,,,,1.0,,,Non-Networked,,200-9,42.653294,-83.57998,2024-02-12,49836,2025-02-12 00:16:32 UTC,P,,,2012-10-25,,,,,J1772,US,,,,Public - Appeler à l'avance,,public,CALL,,CAR_DEALER,,,,,,,,,,,,,,,,,False,,,,,,,,,False,
ELEC,Elhart Nissan,870 Chicago Dr,,Holland,MI,49423,,616-396-0441,E,,Private,,,,,,,1.0,,,Non-Networked,,GPS,42.799261,-86.070841,2026-01-13,49837,2026-02-02 23:16:24 UTC,P,,,2012-10-25,,,,,J1772,US,,,,Privé,,private,,,CAR_DEALER,,,,,,,,,,,,,,,,,,,,,,,,,,False,
ELEC,Gerweck Nissan,15407 S Monroe St,,Monroe,MI,48161,,734-457-0100,E,,Public - Call ahead,Dealership business hours,,,,,,1.0,,,Non-Networked,,200-8,41.90001,-83.41238,2024-02-12,49840,2025-02-12 00:16:32 UTC,P,,,2012-10-25,,,,,J1772,US,,,,Public - Appeler à l'avance,,public,CALL,,CAR_DEALER,,,,,,,,,,,,,,,,,False,,,,,,,,LD,False,
ELEC,Gerweck Nissan,15407 S Monroe St,,Monroe,MI,48161,,734-457-0100,E,,Private,,,,,,,1.0,,,Non-Networked,,200-8,41.90001,-83.41238,2024-02-12,49841,2025-02-12 00:16:32 UTC,P,,,2012-10-25,,,,,J1772,US,,,,Privé,,private,,,CAR_DEALER,,,,,,,,,,,,,,,,,,,,,,,,,,False,
ELEC,Nissan - Muskegon,1860 E Sternberg Rd,,Muskegon,MI,49444,,231-799-2866,E,,Public,Dealership business hours,,,,,,1.0,,,Non-Networked,,GPS,43.15417,-86.19898,2026-01-13,49842,2026-02-02 23:16:24 UTC,P,,,2012-06-05,,,,,J1772,US,,,,Public,,public,,,CAR_DEALER,,,,,,,,,,,,,,,,,True,,,,,,,,LD,False,
ELEC,Nissan - Muskegon,1860 E Sternberg Rd,,Muskegon,MI,49444,,231-799-2866,E,,Private,,,,,,,1.0,,,Non-Networked,,GPS,43.15417,-86.19898,2026-01-13,49843,2026-02-02 23:16:24 UTC,P,,,2012-10-25,,,,,J1772,US,,,,Privé,,private,,,CAR_DEALER,,,,,,,,,,,,,,,,,,,,,,,,,LD,False,
ELEC,Graff Nissan,1728 Grand River Ave,,Okemos,MI,48864,,517-827-0273,E,,Public - Call ahead,Dealership business hours,,,,,,1.0,,,Non-Networked,,200-9,42.718888,-84.411549,2024-02-12,49844,2025-02-12 00:16:32 UTC,P,,,2019-11-23,,,,,J1772,US,,,,Public - Appeler à l'avance,,public,CALL,,CAR_DEALER,,,,,,,,,,,,,,,,,False,,,,,,,,,False,
ELEC,Jeffrey Automotive Group,30800 Gratiot Ave,,Roseville,MI,48066,,586-296-1300,E,,Public - Call ahead,Dealership business hours,,,,,,1.0,,,Non-Networked,,200-9,42.523619,-82.917703,2024-02-12,49846,2025-02-12 00:16:32 UTC,P,,,2012-10-25,,,,,J1772,US,,,,Public - Appeler à l'avance,,public,CALL,,CAR_DEALER,,,,,,,Free,,,,,,,,,,False,,,,,,,,LD,False,
ELEC,Jeffrey Automotive Group,30800 Gratiot Ave,,Roseville,MI,48066,,586-296-1300,E,,Private,,,,,,,1.0,,,Non-Networked,,200-9,42.523619,-82.917703,2024-02-12,49847,2025-02-12 00:16:32 UTC,P,,,2012-10-25,,,,,J1772,US,,,,Privé,,private,,,CAR_DEALER,,,,,,,,,,,,,,,,,,,,,,,,,,False,
ELEC,Tamaroff Nissan,28585 Telegraph Rd,,Southfield,MI,48034,,248-353-1300,E,,Public - Call ahead,Dealership business hours,,,,,,1.0,,,Non-Networked,,GPS,42.498163,-83.286597,2026-01-13,49848,2026-02-02 23:16:24 UTC,P,,,2012-10-25,,,,,J1772,US,,,,Public - Appeler à l'avance,,public,CALL,,CAR_DEALER,,,,,,,Free,,,,,,,,,,False,,,,,,,,LD,False,
ELEC,Delta Township Administration Building,7710 W Saginaw Hwy,,Lansing,MI,48917,,517-323-8500,E,,Public,24 hours daily,,,,,,2.0,,,Non-Networked,,GPS,42.741735,-84.662569,2025-08-12,50171,2026-02-02 23:16:24 UTC,LG,,,2012-12-01,,,,,J1772,US,,,,Public,,public,,,MUNI_GOV,,,,,,,Free,,,,,,,,,,False,,,,,,,,LD,False,
ELEC,East Lansing - City Hall,410 Abbott Rd,Located in the north lot,East Lansing,MI,48823,,517- 319-6904,E,,Public,24 hours daily; pay lot during city operating hours,,,,,,1.0,,,Non-Networked,,200-9,42.737068,-84.483322,2025-07-03,50835,2026-02-02 23:16:24 UTC,P,,,2013-01-05,,,,,J1772,US,,,,Public,,public,,,MUNI_GOV,,,,,,,Free,,,,,,,,,,False,,,,,,,,LD,False,
ELEC,East Lansing - Library,950 Abbott Rd,,East Lansing,MI,48823,,517-351-2420,E,,Public,24 hours daily,,,,,,1.0,,,Non-Networked,,200-8,42.743375,-84.483726,2025-07-03,50836,2026-02-02 23:16:24 UTC,P,,,2018-04-22,,,,,J1772,US,,,,Public,,public,,,LIBRARY,,,,,,,Free,,,,,,,,,,False,,,,,,,,LD,False,
ELEC,Delta Township Library,5130 Davenport Dr,Located in the South Side of the parking lot,Lansing,MI,48917,,517-321-4014,E,,Public,24 hours daily,,,,,,1.0,,,Non-Networked,,GPS,42.745881,-84.62145,2025-11-13,50837,2026-02-02 23:16:24 UTC,P,,,2012-09-19,,,,,J1772,US,,,,Public,,public,,,LIBRARY,,,,,,,Free,,,,,,,,,,False,,,,,,,,LD,False,
ELEC,Suburban Ford - Sterling Heights,40333 Van Dyke Ave,,Sterling Heights,MI,48313,,586-268-7500,E,,Public,Dealership business hours; for customers only,,,,,,4.0,,,Non-Networked,,200-9,42.589877,-83.0319,2025-07-03,52277,2026-02-02 23:16:24 UTC,P,,,2013-06-01,,,,,J1772,US,,,,Public,,public,,,CAR_DEALER,,,,,,,Free,,,,,,,,,,True,,,,,,,,LD,False,
ELEC,Pauli Ford,2380 Old U.S. 27,,Saint Johns,MI,48879,,888-357-1009,E,,Public,24 hours daily,A ANDROID_PAY APPLE_PAY CREDIT D Debit M V,,,,,,4.0,,FORD_CHARGE,https://www.ford.com/support/category/electric-vehicle/charging/public-charging/,GPS,42.981307,-84.543605,2026-08-09,52545,2026-08-09 05:16:57 UTC,,,,2013-04-01,,,,,J1772COMBO,US,,,,Public,,public,,,PUBLIC,,,,,,,,,,,,,,,,,False,,,,,,,,,False,
ELEC,Suburban Ford - Waterford,6975 Highland Rd,Located by the service entrance,Waterford,MI,48327,,248-674-4781,E,,Public,24 hours daily,,,,,,2.0,2.0,,Non-Networked,,200-9,42.657461,-83.424174,2026-07-15,52546,2026-07-15 18:47:09 UTC,P,,,2013-06-01,,,,,J1772 J1772COMBO,US,,,,Public,,public,,,CAR_DEALER,,,,,,,,,,,,,,,,,False,,,,,,,,LD,False,
ELEC,Nissan Technical Center,39001 Sunrise Dr,Located in front of the Nissan building,Farmington Hills,MI,48331,,248-488-4123,E,,Public,8am-5pm daily,,,,,,14.0,,,Non-Networked,,GPS,42.493902,-83.427189,2022-09-14,53100,2026-06-25 15:31:27 UTC,P,,,2019-11-15,,,,,J1772,US,,,,Public,,public,,,RESEARCH_FACILITY,,,,,,,Free,,,,,,,,,,False,,,,,,,,LD,False,
ELEC,Krapohl Ford Lincoln,1415 E Pickard,Located near the body shop,Mt. Pleasant,MI,48858,,989-546-3880,E,,Public - Call ahead,Dealership business hours; for dealership use only,,,,,,1.0,,,Non-Networked,,GPS,43.6122065,-84.7589758,2025-11-13,53869,2026-02-02 23:16:24 UTC,P,,,2013-04-01,,,,,J1772,US,,,,Public - Appeler à l'avance,,public,CALL,,CAR_DEALER,,,,,,,Free,,,,,,,,,,True,,,,,,,,LD,False,
ELEC,PARKING LOT #4 STATION 01,120 Washington St,Located in parking lot near intesection of Washington St and S Courtland St,Hart,MI,49420,,888-758-4389,E,,Public,24 hours daily,,,,,,2.0,,,ChargePoint Network,https://www.chargepoint.com,GPS,43.701965,-86.364653,2026-08-09,58299,2026-08-09 01:06:43 UTC,,,,2014-01-20,,,,,J1772,US,,,,Public,,public,,,,,,,,,,,,,,,,,,,,False,,,,,,,,,False,
ELEC,Lansing Mall,5330 W Saginaw Hwy,"Located in front of the main entrance, near Chipotle",Lansing,MI,48917,,517-327-3706,E,,Public,24 hours daily,,,,,,1.0,,,Non-Networked,,GPS,42.742187,-84.627385,2025-08-12,62801,2026-02-02 23:16:24 UTC,P,,,2013-09-30,,,,,J1772,US,,,,Public,,public,,,SHOPPING_MALL,,,,,,,Free,,,,,,,,,,False,,,,,,,,LD,False,
ELEC,Seymour Ford Lincoln,2601 Seymour Rd,,Jackson,MI,49201,,517-787-9500,E,,Public - Call ahead,"9am-8pm M and W, 9am-6pm T, 9am-6pm Th and F, 10am-4pm Sat; for customer use only",,,,,,2.0,,,Non-Networked,,200-9,42.277271,-84.373149,2025-08-12,63622,2026-02-02 23:16:24 UTC,P,,,2014-08-01,,,,,J1772,US,,,,Public - Appeler à l'avance,,public,CALL,,CAR_DEALER,,,,,,,Free,,,,,,,,,,True,,,,,,,,LD,False,
ELEC,Varsity Ford,3480 Jackson Rd,,Ann Arbor,MI,48103,,,E,,Private,Service center use only,,,,,,1.0,,,Non-Networked,,200-9,42.285984,-83.797918,2025-07-03,63647,2026-02-02 23:16:24 UTC,P,,,2014-08-01,,,,,J1772,US,,,,Privé,,private,,,CAR_DEALER,,,,,,,,,,,,,,,,,,,,,,,,,LD,False,
ELEC,Borgman Ford Mazda,3150 28th St SW,,Grandville,MI,49148,,616-534-7651,E,,Public - Call ahead,Dealership business hours,,,,,,2.0,,,Non-Networked,,200-9,42.912785,-85.742455,2025-01-13,63651,2025-02-12 00:16:32 UTC,P,,,2013-06-15,,,,,J1772,US,,,,Public - Appeler à l'avance,,public,CALL,,CAR_DEALER,,,,,,,Free,,,,,,,,,,False,,,,,,,,LD,False,
ELEC,Avis Ford,29200 Telegraph Rd,,Southfield,MI,48034,,248-355-7500,E,,Public,Dealership business hours,,,,,,2.0,,,Non-Networked,,200-9,42.502907,-83.28388,2025-08-12,63714,2026-02-02 23:16:24 UTC,P,,,2014-08-01,,,,,J1772,US,,,,Public,,public,,,CAR_DEALER,,,,,,,Free,,,,,,,,,,False,,,,,,,,LD,False,
ELEC,Serra Ford Rochester Hills,2890 S Rochester Rd,,Rochester Hills,MI,48307,,,E,,Private,Service center use only,,,,,,2.0,,,Non-Networked,,200-9,42.638074,-83.132983,2023-06-12,63715,2025-12-15 15:07:17 UTC,P,,,2014-08-01,,,,,J1772,US,,,,Privé,,private,,,CAR_DEALER,,,,,,,,,,,,,,,,,,,,,,,,,LD,False,
ELEC,Suburban Ford - Ferndale,21600 Woodward St,,Ferndale,MI,48220,,,E,,Private,Service center use only,,,,,,1.0,,,Non-Networked,,200-9,42.45145,-83.127736,2025-07-03,63717,2026-02-02 23:16:24 UTC,P,,,2014-08-01,,,,,J1772,US,,,,Privé,,private,,,CAR_DEALER,,,,,,,,,,,,,,,,,,,,,,,,,LD,False,
ELEC,Gorno Bros Ford,22025 Allen Rd,,Woodhaven,MI,48183,,,E,,Private,For service center use only,,,,,,2.0,,,Non-Networked,,GPS,42.14717573777452,-83.22535304893495,2023-06-12,63742,2026-06-25 00:32:52 UTC,P,,,2014-10-01,,,,,J1772,US,,,,Privé,,private,,,CAR_DEALER,,,,,,,,,,,,,,,,,,,,,,,,,LD,False,
ELEC,North Brothers Ford,33300 Ford Rd,,Westland,MI,48185,,,E,,Private,Service center use only,,,,,,2.0,,,Non-Networked,,200-9,42.326409,-83.367414,2025-07-03,63745,2026-02-02 23:16:24 UTC,P,,,2013-01-01,,,,,J1772,US,,,,Privé,,private,,,CAR_DEALER,,,,,,,,,,,,,,,,,,,,,,,,,LD,False,
ELEC,Atchinson Ford,9800 Belleville Rd,,Belleville,MI,48111,,,E,,Private,Service center use only,,,,,,2.0,,,Non-Networked,,200-9,42.23113,-83.485851,2023-06-12,63802,2026-06-25 14:34:04 UTC,P,,,2014-08-01,,,,,J1772,US,,,,Privé,,private,,,CAR_DEALER,,,,,,,,,,,,,,,,,,,,,,,,,LD,False,
ELEC,Briarwood Ford,7070 E Michigan Ave,,Saline,MI,48176,,877-810-1637,E,,Public,Dealership business hours; for customer use only,,,,,,1.0,,,Non-Networked,,200-9,42.185792,-83.740207,2025-07-03,63804,2026-02-02 23:16:24 UTC,P,,,2014-08-01,,,,,J1772,US,,,,Public,,public,,,CAR_DEALER,,,,,,,Free,,,,,,,,,,True,,,,,,,,LD,False,
ELEC,Bay City - State Recreation Area,3582 State Park Dr,Located in the NW end of the Recreation Area near the Saginaw Bay Visitor Center.,Bay City,MI,48706,,989-684-3020,E,,Public,State park hours,,,,,1.0,,,,Non-Networked,,GPS,43.667638,-83.907611,2025-07-03,63806,2026-02-02 23:16:24 UTC,LG,,,2014-10-14,,,,,J1772,US,,,,Public,,public,,,PARK,,,,,,,Free,,,,,,,,,,False,,,,,,,,LD,False,
ELEC,Crest Ford,26333 Van Dyke,,Center Line,MI,48331,,,E,,Private,For service center use only; Drivers must bring their own J1772 cordset for Level 1 charging,,,,,1.0,1.0,,,Non-Networked,,200-9,42.487246,-83.028484,2023-07-11,63807,2026-06-25 00:41:40 UTC,P,,,2014-08-01,,,,,J1772 NEMA520,US,,,,Privé,,private,,,CAR_DEALER,,,,,,,,,,,,,,,,,,,,,,,,,LD,False,
ELEC,BRCHARGE BRCHARGE,226 N Michigan Ave,"Located on the west edge of the public parking lot on North Michigan Avenue, 100 yards south of City Hall",Big Rapids,MI,49307,,888-758-4389,E,,Public,24 hours daily,,,,,,2.0,,,ChargePoint Network,https://www.chargepoint.com,GPS,43.699595,-85.481822,2026-08-09,64462,2026-08-09 01:08:28 UTC,,,,2014-12-02,,,,,J1772,US,,,,Public,,public,,,,,,,,,,,,,,,,,,,,False,,,,,,,,,False,
ELEC,Wayne State University - Parking Structure #1,450 W Palmer,Located on the first level in section 2E,Detroit,MI,48202,,313-577-1979,E,,Public,Garage business hours,,,,,,6.0,,,Non-Networked,,GPS,42.3612218163908,-83.0711717437953,2024-01-09,64728,2026-08-03 20:15:47 UTC,P,,,2014-11-15,,,,,J1772,US,,,,Public,,public,,,COLLEGE_CAMPUS,,,,,,,,,,,,,,,,,False,,,,,,,,LD,False,
ELEC,Wayne State University - Parking Structure #2,5150 Lodge Service Dr,Located in the southwest corner of the structure in sections 1/2 and 3/1,Detroit,MI,48202,,313-577-1979,E,,Public,Garage business hours,,,,,,6.0,,,Non-Networked,,GPS,42.3565840255467,-83.0733826383948,2024-01-09,64729,2026-08-03 20:15:47 UTC,P,,,2014-11-15,,,,,J1772,US,,,,Public,,public,,,COLLEGE_CAMPUS,,,,,,,Free,,,,,,,,,,False,,,,,,,,LD,False,
ELEC,Wayne State University - Parking Structure #3,45 E Warren,,Detroit,MI,48202,,313-577-1979,E,,Public,Garage business hours,,,,,,1.0,,,Non-Networked,,GPS,42.3573546377245,-83.0633437167853,2024-01-09,64730,2026-08-03 20:15:47 UTC,P,,,2014-11-15,,,,,J1772,US,,,,Public,,public,,,COLLEGE_CAMPUS,,,,,,,Free,,,,,,,,,,False,,,,,,,,LD,False,
ELEC,Wayne State University - Parking Structure #4,555 E Canfield,Three are located on the first ramp (southbound) into the garage from the Canfield entrance and three are located on the level one ramp (northbound).,Detroit,MI,48202,,313-577-1979,E,,Public,Garage business hours,,,,,,6.0,,,Non-Networked,,GPS,42.3559279,-83.055206,2024-01-09,64731,2026-08-03 20:15:47 UTC,P,,,2014-11-15,,,,,J1772,US,,,,Public,,public,,,COLLEGE_CAMPUS,,,,,,,,,,,,,,,,,False,,,,,,,,LD,False,
ELEC,Wayne State University - Parking Structure #5,5501 Anthony Wayne Dr,Located on the first level in sections 1/4 and 1/5,Detroit,MI,48202,,313-577-1979,E,,Public,Garage business hours,,,,,,6.0,,,Non-Networked,,GPS,42.3577454220504,-83.0738475825638,2024-01-09,64732,2026-08-03 20:15:47 UTC,P,,,2014-11-15,,,,,J1772,US,,,,Public,,public,,,COLLEGE_CAMPUS,,,,,,,,,,,,,,,,,False,,,,,,,,LD,False,
ELEC,Wayne State University - Parking Structure #6,61 Putnam,Four are located on the second level in the east end of the structure Student/Staff side. Two are located on the first level in the Visitor section.,Detroit,MI,48202,,313-577-1979,E,,Public,Garage business hours,,,,,,6.0,,,Non-Networked,,GPS,42.3574317712337,-83.0660457070917,2024-01-09,64733,2026-08-03 20:15:47 UTC,P,,,2014-11-15,,,,,J1772,US,,,,Public,,public,,,COLLEGE_CAMPUS,,,,,,,Free,,,,,,,,,,False,,,,,,,,LD,False,
ELEC,Wayne State University - Parking Structure #7,3717 John R,Three are located in section GN and three are located in section 2S.,Detroit,MI,48202,,313-577-1979,E,,Public,Garage business hours,,,,,,6.0,,,Non-Networked,,GPS,42.349218009098,-83.0565744079649,2024-01-09,64734,2026-08-03 20:15:47 UTC,P,,,2014-11-15,,,,,J1772,US,,,,Public,,public,,,COLLEGE_CAMPUS,,,,,,,Free,,,,,,,,,,False,,,,,,,,LD,False,
ELEC,Wayne State University - Parking Structure #8,91 W Forest,Located in the lower level of the structure at the bottom of the west ramp.,Detroit,MI,48202,,313-577-1979,E,,Public,Garage business hours,,,,,,6.0,,,Non-Networked,,GPS,42.3542634789208,-83.0641661133649,2024-01-09,64735,2026-08-03 20:15:47 UTC,P,,,2014-11-15,,,,,J1772,US,,,,Public,,public,,,COLLEGE_CAMPUS,,,,,,,,,,,,,,,,,False,,,,,,,,LD,False,
ELEC,Wayne State University - Lot #50,1200 W Warren,Located just west of the Warren Ave. entrance close to the parking booth.,Detroit,MI,48202,,313-577-1979,E,,Public,Garage business hours,,,,,,4.0,,,Non-Networked,,GPS,42.3535883333534,-83.0752607214385,2024-01-09,64736,2026-08-03 20:15:47 UTC,P,,,2014-11-15,,,,,J1772,US,,,,Public,,public,,,COLLEGE_CAMPUS,,,,,,,Free,,,,,,,,,,False,,,,,,,,MD,False,
ELEC,Wayne State University - Lot #75,545 E Canfield,Located on the northeast side of the lot near Structure 4 north entry/exit gate.,Detroit,MI,48202,,313-577-1979,E,,Public,Garage business hours,,,,,,4.0,,,Non-Networked,,GPS,42.355273766443,-83.0555882770568,2024-01-09,64737,2026-08-03 20:15:47 UTC,P,,,2014-11-15,,,,,J1772,US,,,,Public,,public,,,COLLEGE_CAMPUS,,,,,,,,,,,,,,,,,False,,,,,,,,LD,False,
ELEC,Cole Ford Lincoln,410 E Chicago St,,Coldwater,MI,49036,,,E,,Private,For service center use only,,,,,,1.0,,,Non-Networked,,200-9,41.937123,-84.984168,2023-06-12,65660,2026-06-25 00:03:37 UTC,P,,,2014-03-01,,,,,J1772,US,,,,Privé,,private,,,CAR_DEALER,,,,,,,,,,,,,,,,,,,,,,,,,LD,False,
ELEC,City of Niles - District Library,620 E Main St,,Niles,MI,49120,,269-683-0075,E,,Public,24 hours daily,,,,,,1.0,,,Non-Networked,,200-9,41.829209,-86.25175,2023-08-10,70665,2026-06-25 00:11:01 UTC,P,,,2015-08-01,,,,,J1772,US,,,,Public,,public,,,LIBRARY,,,,,,,Free,,,,,,,,,,False,,,,,,,,LD,False,
ELEC,City of Niles - Second Street Public Parking,211 2nd St,,Niles,MI,49120,,269-684-3901,E,,Public,24 hours daily,,,,,,2.0,,,Non-Networked,,200-9,41.83037,-86.257139,2023-08-10,70666,2026-06-25 00:44:27 UTC,P,,,2015-08-01,,,,,J1772,US,,,,Public,,public,,,PARKING_LOT,,,,,,,Free,,,,,,,,,,False,,,,,,,,LD,False,
ELEC,City of Niles - Riverfront Park,34 Sycamore St,,Niles,MI,49120,,269-684-3901,E,,Public,24 hours daily,,,,,,1.0,,,Non-Networked,,200-9,41.830596,-86.259229,2023-08-10,70667,2026-06-25 00:05:24 UTC,P,,,2015-08-01,,,,,J1772,US,,,,Public,,public,,,PARK,,,,,,,Free,,,,,,,,,,False,,,,,,,,LD,False,
ELEC,Residence Inn - East Lansing,2841 Hannah Blvd,,East Lansing,MI,48823,,517-657-2875,E,,Public,24 hours daily; for guest use only,,,,,,1.0,,,Non-Networked,,GPS,42.718325,-84.456427,2025-11-13,71071,2026-02-02 23:16:24 UTC,P,,,2015-11-01,,,,,J1772,US,,,,Public,,public,,,HOTEL,,,,,,,Free,,,,,,,,,,True,,,,,,,,LD,False,
ELEC,Ann Arbor Downtown Development Authority - Ashley and Washington Parking Structure,215 W Washington,Washington and Ashley,Ann Arbor,MI,48104,,734-994-6697,E,,Public,24 hours daily; pay lot,,,,,,3.0,,,Non-Networked,,GPS,42.2805401,-83.7504773,2026-07-15,74325,2026-07-15 18:47:09 UTC,LG,,,2015-05-14,,,,,J1772,US,,,,Public,,public,,,PAY_GARAGE,,,,,,,,,,,,,,,,,False,,,,,,,,LD,False,
ELEC,Wayne State University - Advanced Technology Center,14601 E Twelve Mile Rd,,Warren,MI,48088,,586-447-3905,E,,Public,24 hours daily,,,,,,4.0,,,Non-Networked,,GPS,42.509012,-82.97426,2024-01-09,75468,2026-08-03 20:15:47 UTC,P,,,2016-04-15,,,,,J1772,US,,,,Public,,public,,,COLLEGE_CAMPUS,,,,,,,Free,,,,,,,,,,False,,,,,,,,LD,False,
ELEC,BEDROCK NEW CENTER 1-2,116 Lothrop Rd,Level 1 near front entrance,Detroit,MI,48202,,888-758-4389,E,,Public,24 hours daily,,,,,,2.0,,,ChargePoint Network,https://www.chargepoint.com,GPS,42.371047,-83.076173,2026-08-09,76147,2026-08-09 01:14:10 UTC,,,,2016-06-04,,,,,J1772,US,,,,Public,,public,,,,,,,,,,,,,,,,,,,,False,,,,,,,,,False,
ELEC,HFHS OFP LOT 1A,1 Ford Pl,,Detroit,MI,48202,,888-758-4389,E,,Public,24 hours daily,,,,,,2.0,,,ChargePoint Network,https://www.chargepoint.com,GPS,42.363564,-83.07509,2026-08-09,76335,2026-08-09 01:16:53 UTC,,,,2016-06-17,,,,,J1772,US,,,,Public,,public,,,,,,,,,,,,,,,,,,,,False,,,,,,,,,False,
ELEC,900 TOWER 900 TOWER,900 Tower Dr,Old drive through in rear,Troy,MI,48098,,888-758-4389,E,,Public,24 hours daily,,,,,,2.0,,,ChargePoint Network,https://www.chargepoint.com,GPS,42.596955,-83.167094,2026-08-09,77196,2026-08-09 01:14:06 UTC,,,,2016-07-28,,,,,J1772,US,,,,Public,,public,,,,,,,,,,,,,,,,,,,,False,,,,,,,,,False,
ELEC,BEDROCK ONE DETROIT 1-1,100 E Congress St,Near elevator 1st floor,Detroit,MI,48226,,888-758-4389,E,,Public,24 hours daily,,,,,,2.0,,,ChargePoint Network,https://www.chargepoint.com,GPS,42.330459,-83.044429,2026-08-09,77413,2026-08-09 01:15:45 UTC,,,,2016-08-09,,,,,J1772,US,,,,Public,,public,,,,,,,,,,,,,,,,,,,,False,,,,,,,,,False,
ELEC,BEDROCK GREEKTOWN 1-1,1001 Brush St,Randolph entrance on first ramp,Detroit,MI,48226,,888-758-4389,E,,Public,24 hours daily,,,,,,2.0,,,ChargePoint Network,https://www.chargepoint.com,GPS,42.333694,-83.043548,2026-08-09,78472,2026-08-09 01:17:13 UTC,,,,2016-09-15,,,,,J1772,US,,,,Public,,public,,,,,,,,,,,,,,,,,,,,False,,,,,,,,,False,
ELEC,BEDROCK Z DECK 2-4,219 Gratiot Ave,2nd floor near elevators,Detroit,MI,48226,,888-758-4389,E,,Public,24 hours daily,,,,,,2.0,,,ChargePoint Network,https://www.chargepoint.com,GPS,42.334881,-83.047255,2026-08-09,78474,2026-08-09 01:17:03 UTC,,,,2016-09-15,,,,,J1772,US,,,,Public,,public,,,,,,,,,,,,,,,,,,,,False,,,,,,,,,False,
ELEC,BEDROCK BRICKTOWN 2-1,713 Beaubien Blvd,2nd floor across from elevators,Detroit,MI,48226,,888-758-4389,E,,Public,24 hours daily,,,,,,2.0,,,ChargePoint Network,https://www.chargepoint.com,GPS,42.333239,-83.041969,2026-08-09,78475,2026-08-09 01:17:02 UTC,,,,2016-09-15,,,,,J1772,US,,,,Public,,public,,,,,,,,,,,,,,,,,,,,False,,,,,,,,,False,
ELEC,BEDROCK Z DECK 2-1,219 Gratiot Ave,2nd Level near Elevators,Detroit,MI,48226,,888-758-4389,E,,Public,24 hours daily,,,,,,2.0,,,ChargePoint Network,https://www.chargepoint.com,GPS,42.334284,-83.046188,2026-08-09,78476,2026-08-09 01:17:01 UTC,,,,2016-09-15,,,,,J1772,US,,,,Public,,public,,,,,,,,,,,,,,,,,,,,False,,,,,,,,,False,
ELEC,BEDROCK FIRST NAT'L 2-1,609 Bates St,Across from 2nd floor elevator,Detroit,MI,48226,,888-758-4389,E,,Public,24 hours daily,,,,,,2.0,,,ChargePoint Network,https://www.chargepoint.com,GPS,42.330768,-83.044749,2026-08-09,78486,2026-08-09 01:14:45 UTC,,,,2016-09-15,,,,,J1772,US,,,,Public,,public,,,,,,,,,,,,,,,,,,,,False,,,,,,,,,False,
ELEC,BEDROCK KAHN GARAGE 2-1,801 W Lafayette Blvd,2nd floor center of south wall,Detroit,MI,48226,,888-758-4389,E,,Public,24 hours daily,,,,,,2.0,,,ChargePoint Network,https://www.chargepoint.com,GPS,42.328078,-83.055087,2026-08-09,78487,2026-08-09 01:14:35 UTC,,,,2016-09-15,,,,,J1772,US,,,,Public,,public,,,,,,,,,,,,,,,,,,,,False,,,,,,,,,False,
ELEC,BEDROCK CASS 2-2,6540 Cass Ave,Space #136 #137 on North Side of Garage,Detroit,MI,48202,,888-758-4389,E,,Public,24 hours daily,,,,,,2.0,,,ChargePoint Network,https://www.chargepoint.com,GPS,42.369064,-83.074143,2026-08-09,78488,2026-08-09 01:14:06 UTC,,,,2016-09-15,,,,,J1772,US,,,,Public,,public,,,,,,,,,,,,,,,,,,,,False,,,,,,,,,False,
ELEC,MAIN CAMPUS NRC 1-4,9001 Riley St,,Zeeland,MI,49464,,888-758-4389,E,,Public,24 hours daily,,,,,,2.0,,,ChargePoint Network,https://www.chargepoint.com,GPS,42.829763,-86.006108,2026-08-09,78876,2026-08-09 01:15:44 UTC,,,,2016-10-07,,,,,J1772,US,,,,Public,,public,,,,,,,,,,,,,,,,,,,,False,,,,,,,,,False,
ELEC,First Martin,115 Depot St,,Ann Arbor,MI,48104,,,E,,Private,For employee use only,,,,,,1.0,,,Non-Networked,,200-9,42.288951,-83.746518,2023-07-11,79282,2026-06-25 00:36:55 UTC,P,,,2016-08-01,,,,,J1772,US,,,,Privé,,private,,,OFFICE_BLDG,,,,,,,,,,,,,,,,,,,,,,,,,LD,True,
ELEC,MEADOWLARK BLDG STATION 2,3250 W Liberty Rd,,Ann Arbor,MI,48103,,888-758-4389,E,,Public,24 hours daily,,,,,,1.0,,,ChargePoint Network,https://www.chargepoint.com,GPS,42.274082,-83.794254,2026-08-09,80037,2026-08-09 01:41:16 UTC,,,,2016-12-02,,,,,J1772,US,,,,Public,,public,,,,,,,,,,,,,,,,,,,,False,,,,,,,,,False,
ELEC,BEDROCK TWO DETROIT 1-1,160 E Congress St,Near Larned st. 1st level,Detroit,MI,48226,,888-758-4389,E,,Public,24 hours daily,,,,,,2.0,,,ChargePoint Network,https://www.chargepoint.com,GPS,42.330479,-83.043102,2026-08-09,80977,2026-08-09 01:18:49 UTC,,,,2017-01-24,,,,,J1772,US,,,,Public,,public,,,,,,,,,,,,,,,,,,,,False,,,,,,,,,False,
ELEC,Sleeping Bear Dunes National Lakeshore - Headquarters,9922 Front St,,Empire,MI,49630,,,E,,Private - Government only,,,,,,,1.0,,,Non-Networked,,GPS,44.811093,-86.054435,2026-01-13,82176,2026-02-02 23:16:24 UTC,FG,16.0,Department of the Interior,2015-08-01,,,,,J1772,US,,,,Privé - Réservé au gouvernement,,private,GOVERNMENT,DOI,NATL_PARK,,,,,,,,,,,,,,,,,,,,,,Sleeping Bear Dunes National Lakeshore,,,LD,True,
ELEC,Sleeping Bear Dunes National Lakeshore - Maintenance Area,12447 Wisniewski Rd,,Empire,MI,49630,,,E,,Private - Government only,,,,,,,2.0,,,Non-Networked,,GPS,44.801905,-86.052511,2026-01-13,82177,2026-02-02 23:16:24 UTC,FG,16.0,Department of the Interior,2015-08-01,,,,,J1772,US,,,,Privé - Réservé au gouvernement,,private,GOVERNMENT,DOI,NATL_PARK,,,,,,,,,,,,,,,,,,,,,,Sleeping Bear Dunes National Lakeshore,,,LD,True,
ELEC,Sleeping Bear Dunes National Lakeshore - Platte River Campground,5685 Lake Michigan Rd,,Honor,MI,49640,,,E,,Private - Government only,,,,,,,1.0,,,Non-Networked,,GPS,44.723562,-86.132419,2026-01-13,82178,2026-02-02 23:16:24 UTC,FG,16.0,Department of the Interior,2015-08-01,,,,,J1772,US,,,,Privé - Réservé au gouvernement,,private,GOVERNMENT,DOI,NATL_PARK,,,,,,,,,,,,,,,,,,,,,,Sleeping Bear Dunes National Lakeshore,,,LD,True,
ELEC,Sleeping Bear Dunes National Lakeshore - D.H. Day Campground,8010 W Harbour Hwy,,Glen Arbor,MI,49636,,,E,,Private - Government only,,,,,,,1.0,,,Non-Networked,,GPS,44.897219,-86.025567,2026-01-13,82179,2026-02-02 23:16:24 UTC,FG,16.0,Department of the Interior,2018-05-01,,,,,J1772,US,,,,Privé - Réservé au gouvernement,,private,GOVERNMENT,DOI,NATL_PARK,,,,,,,,,,,,,,,,,,,,,,Sleeping Bear Dunes National Lakeshore,,,LD,True,
ELEC,MAE NORMAN SAARI #2,7109 W Saginaw Hwy,Behind building on the south-east corner,Lansing,MI,48917,,888-758-4389,E,,Public,24 hours daily,,,,,,2.0,,,ChargePoint Network,https://www.chargepoint.com,GPS,42.740094,-84.653339,2026-08-09,82823,2026-08-09 01:09:33 UTC,,,,2017-06-01,,,,,J1772,US,,,,Public,,public,,,,,,,,,,,,,,,,,,,,False,,,,,,,,,False,
ELEC,Graff Chevrolet Okemos MI,1748 W Grand River Ave,,Meridian Charter Township,MI,48864,,313-262-6722,E,,Public,,,,,,,2.0,2.0,,RED_E,https://www.redecharge.com,GPS,42.71917613922,-84.41220057212,2026-08-09,85956,2026-08-09 05:12:14 UTC,,,,2017-07-01,,,,,CHADEMO J1772 J1772COMBO,US,,,,Public,,public,,,PUBLIC,,,,,,,,,,,,,,,,,False,,,,,,,,,False,
ELEC,Grand Blanc Nissan,8346 Holly Rd,,Grand Blanc,MI,48439,,810-893-6510,E,,Public - Call ahead,Dealership business hours,,,,,,1.0,,,Non-Networked,,200-9,42.908435,-83.629098,2024-02-12,85966,2025-02-12 00:16:32 UTC,P,,,2017-03-01,,,,,J1772,US,,,,Public - Appeler à l'avance,,public,CALL,,CAR_DEALER,,,,,,,Free,,,,,,,,,,False,,,,,,,,,False,
ELEC,MAIN CAMPUS 475-2,475 N. Centennial St,,Zeeland,MI,49464,,888-758-4389,E,,Public,24 hours daily,,,,,,2.0,,,ChargePoint Network,https://www.chargepoint.com,GPS,42.822435,-86.010354,2026-08-09,86841,2026-08-09 01:17:52 UTC,,,,2017-08-18,,,,,J1772,US,,,,Public,,public,,,,,,,,,,,,,,,,,,,,False,,,,,,,,,False,
ELEC,Comfort Inn - Metro Airport,31800 Wick Rd,,Romulus,MI,48174,,734-326-2100,E,,Public,24 hours daily; for guest use only,A Cash D Debit M V,,,,,2.0,,,Non-Networked,,200-9,42.239321,-83.351692,2026-06-12,86861,2026-06-12 17:15:57 UTC,P,,,2017-01-01,,,,,J1772,US,,,,Public,,public,,,HOTEL,,,,,,,Free,,,,,,,,,,True,,,,,,,,LD,False,
ELEC,MEIJER STORES 237 WARREN 2,29367 Mound Rd,,Warren,MI,48092,,888-758-4389,E,,Public,24 hours daily,,,,,,2.0,,,ChargePoint Network,https://www.chargepoint.com,GPS,42.508981,-83.048751,2026-08-09,86982,2026-08-09 01:22:15 UTC,,,,2017-08-31,,,,,J1772,US,,,,Public,,public,,,,,,,,,,,,,,,,,,,,False,,,,,,,,,False,
ELEC,Tom's Family Market,20597 State St,State St. (M-68) and Veteran's Dr.,Onaway,MI,49765,,800-423-6634,E,,Public,24 hours daily,,,,,,2.0,,,Non-Networked,,GPS,45.357097,-84.22614,2023-06-12,88092,2025-12-03 17:04:52 UTC,T,,,2017-10-16,,,,,J1772,US,,,,Public,,public,,,GROCERY,,,,,,,Free,,,,,,,,,,False,,,,,,,,LD,False,
ELEC,BEDROCK FIN DIST 2-1,131 W Lafayette Blvd,2nd level elevators,Detroit,MI,48226,,888-758-4389,E,,Public,24 hours daily,,,,,,2.0,,,ChargePoint Network,https://www.chargepoint.com,GPS,42.331492,-83.049356,2026-08-09,88103,2026-08-09 01:22:51 UTC,,,,2017-10-24,,,,,J1772,US,,,,Public,,public,,,,,,,,,,,,,,,,,,,,False,,,,,,,,,False,
ELEC,AUBURN HILLS GARAGE EV 02,3380 Auburn Rd,3rd near elevator,Auburn Hills,MI,48326,,888-758-4389,E,,Public,24 hours daily,,,,,,2.0,,,ChargePoint Network,https://www.chargepoint.com,GPS,42.633362,-83.221102,2026-08-09,88181,2026-08-09 01:21:47 UTC,,,,2017-10-31,,,,,J1772,US,,,,Public,,public,,,,,,,,,,,,,,,,,,,,False,,,,,,,,,False,
ELEC,AUBURN HILLS COMMUNITYCENTER,1827 N Squirrel Rd,Near tennis court,Auburn Hills,MI,48326,,888-758-4389,E,,Public,24 hours daily,,,,,,2.0,,,ChargePoint Network,https://www.chargepoint.com,GPS,42.670548,-83.221635,2026-08-09,88182,2026-08-09 01:21:41 UTC,,,,2017-10-31,,,,,J1772,US,,,,Public,,public,,,,,,,,,,,,,,,,,,,,False,,,,,,,,,False,
ELEC,Best Western - East Lansing,2209 University Park Dr,,Okemos,MI,48864,,517-349-8700,E,,Public,24 hours daily; guest use only,,,,,,3.0,,,Non-Networked,,200-9,42.680279,-84.430031,2025-01-13,88526,2025-02-12 00:16:32 UTC,P,,,2017-11-15,,,,,J1772,US,,,,Public,,public,,,HOTEL,,,,,,,Free,,,,,,,,,,True,,,,,,,,LD,False,
ELEC,Holiday Inn Express & Suites - University Area,2350 Jolly Oak Rd,,Okemos,MI,48864,,517-999-8700,E,,Public,24 hours daily; for registered guests only,,,,,,2.0,,,Non-Networked,,GPS,42.68563,-84.43553,2025-06-06,88527,2026-02-02 23:16:24 UTC,P,,,2017-11-15,,,,,J1772,US,,,,Public,,public,,,HOTEL,,,,,,,Free,,,,,,,,,,True,,,,,,,,LD,False,
ELEC,776 KROGERSOUTHGATE,16705 Fort St,,Southgate,MI,48195,,888-758-4389,E,,Public,24 hours daily,,,,,,2.0,,,ChargePoint Network,https://www.chargepoint.com,GPS,42.18641,-83.1847,2026-08-09,88560,2026-08-09 01:22:31 UTC,,,,2017-11-23,,,,,J1772,US,,,,Public,,public,,,,,,,,,,,,,,,,,,,,False,,,,,,,,,False,
ELEC,HOLLAND BPW 621 HASTINGS AV,577-613 Hastings Ave,,Holland,MI,49423,,888-758-4389,E,,Public,24 hours daily,,,,,,2.0,,,ChargePoint Network,https://www.chargepoint.com,GPS,42.774276,-86.084912,2026-08-09,88823,2026-08-09 01:23:28 UTC,,,,2017-12-14,,,,,J1772,US,,,,Public,,public,,,,,,,,,,,,,,,,,,,,False,,,,,,,,,False,
ELEC,Harvey Cadillac,2600 28th St SE,,Grand Rapids,MI,49512,,616-949-1140,E,,Private,,,,,,,1.0,,,Non-Networked,,200-9,42.911868,-85.602661,2023-01-10,91888,2026-06-30 20:08:11 UTC,P,,,2018-01-01,,,,,J1772,US,,,,Privé,,private,,,CAR_DEALER,,,,,,,,,,,,,,,,,,,,,,,,,LD,False,
ELEC,Audi Grand Rapids,6045 28th St SE,,Cascade,MI,49546,,616-988-9797,E,,Public,Dealership business hours,,,,,,2.0,2.0,,Non-Networked,,200-9,42.913853,-85.518448,2022-05-05,91890,2025-12-18 14:58:21 UTC,P,,,2016-04-01,,,,,J1772 J1772COMBO,US,,,,Public,,public,,,CAR_DEALER,,,,,,,,,,,,,,,,,True,,,,,,,,LD,False,
ELEC,GRAND TRAVERSE RESORT AND SPA,100 Grand Traverse Village Blvd,Just off the main boulevard,Acme,MI,49610,,888-758-4389,E,,Public,24 hours daily,,,,,,2.0,,,ChargePoint Network,https://www.chargepoint.com,GPS,44.779571,-85.488206,2026-08-09,92244,2026-08-09 01:24:31 UTC,,,,2018-03-07,,,,,J1772,US,,,,Public,,public,,,,,,,,,,,,,,,,,,,,False,,,,,,,,,False,
ELEC,CITY OF GR MGR CALDER PLAZA,299-353 Ottawa Ave NW,On Ottawa street near Calder Plaza just beyond parking ramp entrance,Grand Rapids,MI,49503,,888-758-4389,E,,Public,24 hours daily,,,,,,2.0,,,ChargePoint Network,https://www.chargepoint.com,GPS,42.969176,-85.670185,2026-08-09,92253,2026-08-09 01:24:23 UTC,,,,2018-03-07,,,,,J1772,US,,,,Public,,public,,,,,,,,,,,,,,,,,,,,False,,,,,,,,,False,
ELEC,DET INST OF ART EV STATION 01,180 E Kirby St,,Detroit,MI,48202,,888-758-4389,E,,Public,24 hours daily,,,,,,2.0,,,ChargePoint Network,https://www.chargepoint.com,GPS,42.360211,-83.064826,2026-08-09,92376,2026-08-09 01:22:49 UTC,,,,2018-03-07,,,,,J1772,US,,,,Public,,public,,,,,,,,,,,,,,,,,,,,False,,,,,,,,,False,
ELEC,SPECTRUM HEALTH RAMP 7 STATION,221 Michigan St NE,First level of parking garage,Grand Rapids,MI,49503,,888-758-4389,E,,Public,24 hours daily,,,,,,2.0,,,ChargePoint Network,https://www.chargepoint.com,GPS,42.970936,-85.663301,2026-08-09,96756,2026-08-09 01:24:32 UTC,,,,2018-04-24,,,,,J1772,US,,,,Public,,public,,,,,,,,,,,,,,,,,,,,False,,,,,,,,,False,
ELEC,Charles St Garage,121 Charles St,Located on lower level,East Lansing,MI,48823,,517-337-1277,E,,Public,24 hours daily,,,,,,1.0,,,Non-Networked,,200-9,42.734974,-84.480105,2025-08-12,96777,2026-02-02 23:16:24 UTC,LG,,,2017-09-01,,,,,J1772,US,,,,Public,,public,,,PAY_GARAGE,,,,,,,Free; pay lot,,,,,,,,,,False,,,,,,,,LD,False,
ELEC,AAA - Allen Park,3177 Fairlane Dr,Located in front of the AAA office entrance,Allen Park,MI,48101,,313-386-7000,E,,Public,24 hours daily; for AAA members only,,,,,,1.0,,,Non-Networked,,GPS,42.28178326805633,-83.20469247354127,2024-06-13,96805,2026-07-09 16:42:06 UTC,P,,,2018-03-13,,,,,J1772,US,,,,Public,,public,,,TRAVEL_CENTER,,,,,,,Free,,,,,,,,,,True,,,,,,,,LD,False,
ELEC,TULYP HOTEL TULYP-HOTEL,61 E 7th St,Parking Lot  Free to Hotel Guests,Holland,MI,49423,,888-758-4389,E,,Public,24 hours daily,,,,,,2.0,,,ChargePoint Network,https://www.chargepoint.com,GPS,42.792137,-86.105019,2026-08-09,96828,2026-08-09 01:25:11 UTC,,,,2018-04-27,,,,,J1772,US,,,,Public,,public,,,,,,,,,,,,,,,,,,,,False,,,,,,,,,False,
ELEC,MSU S. STADIUM #4,642 red cedar road,,East Lansing,MI,48824,,888-758-4389,E,,Public,24 hours daily,,,,,,1.0,,,ChargePoint Network,https://www.chargepoint.com,GPS,42.726615,-84.484002,2026-08-09,97073,2026-08-09 01:25:16 UTC,,,,2018-05-16,,,,,J1772,US,,,,Public,,public,,,,,,,,,,,,,,,,,,,,False,,,,,,,,,False,
ELEC,DTW AIRPORT BLUEDECK 4G #3,International Dr BBD Lvl 4 Yellow West or fly,Big blue deck 4G,Detroit,MI,48242,,888-758-4389,E,,Public,24 hours daily,,,,,,2.0,,,ChargePoint Network,https://www.chargepoint.com,GPS,42.224805,-83.347041,2026-08-09,98744,2026-08-09 01:22:29 UTC,,,,2018-06-05,,,,,J1772,US,,,,Public,,public,,,,,,,,,,,,,,,,,,,,False,,,,,,,,,False,
ELEC,DTW AIRPORT MAC DECK 8B4,McNamara Terminal Mac Deck Lvl 8 Near Sec B R,8B near elevator,Romulus,MI,48174,,888-758-4389,E,,Public,24 hours daily,,,,,,2.0,,,ChargePoint Network,https://www.chargepoint.com,GPS,42.20747,-83.355813,2026-08-09,98754,2026-08-09 01:22:29 UTC,,,,2018-06-06,,,,,J1772,US,,,,Public,,public,,,,,,,,,,,,,,,,,,,,False,,,,,,,,,False,
ELEC,DTW AIRPORT SOUTH CEL LOT,34697 Eureka Rd South east corner of Lot,DTW  McNamara cell lot,Romulus,MI,48174,,888-758-4389,E,,Public,24 hours daily,,,,,,2.0,,,ChargePoint Network,https://www.chargepoint.com,GPS,42.194207,-83.376683,2026-08-09,98755,2026-08-09 01:22:28 UTC,,,,2018-06-06,,,,,J1772,US,,,,Public,,public,,,,,,,,,,,,,,,,,,,,False,,,,,,,,,False,
ELEC,DTW AIRPORT MAC DECK 8B1,1 Detroit Metro Airport Mac Deck Lvl 8 Near S,8B near elevator,Romulus,MI,48174,,888-758-4389,E,,Public,24 hours daily,,,,,,2.0,,,ChargePoint Network,https://www.chargepoint.com,GPS,42.207484,-83.355793,2026-08-09,98869,2026-08-09 01:22:29 UTC,,,,2018-06-13,,,,,J1772,US,,,,Public,,public,,,,,,,,,,,,,,,,,,,,False,,,,,,,,,False,
ELEC,MEIJER STORES 306 WARREN 1,25225 Schoenherr Rd,,Warren,MI,48089,,888-758-4389,E,,Public,24 hours daily,,,,,,2.0,,,ChargePoint Network,https://www.chargepoint.com,GPS,42.481068,-82.98839,2026-08-09,99489,2026-08-09 01:24:14 UTC,,,,2018-06-28,,,,,J1772,US,,,,Public,,public,,,,,,,,,,,,,,,,,,,,False,,,,,,,,,False,
ELEC,MEIJER STORES 306 WARREN 2,13355 E 10 Mile Rd,,Warren,MI,48089,,888-758-4389,E,,Public,24 hours daily,,,,,,2.0,,,ChargePoint Network,https://www.chargepoint.com,GPS,42.479841,-82.989701,2026-08-09,99520,2026-08-09 01:22:39 UTC,,,,2018-06-29,,,,,J1772,US,,,,Public,,public,,,,,,,,,,,,,,,,,,,,False,,,,,,,,,False,
ELEC,GRCC BOSTICK STUD 1,140 Bostwick Ave NE,,Grand Rapids,MI,49503,,888-758-4389,E,,Public,24 hours daily,,,,,,2.0,,,ChargePoint Network,https://www.chargepoint.com,GPS,42.966621,-85.666134,2026-08-09,99999,2026-08-09 01:25:45 UTC,,,,2018-07-28,,,,,J1772,US,,,,Public,,public,,,,,,,,,,,,,,,,,,,,False,,,,,,,,,False,
ELEC,GRCC BOSTWICK STAFF1,140 Bostwick Ave,** THIS IS FOR STAFF ONLY **,Grand Rapids,MI,49503,,888-758-4389,E,,Public,24 hours daily,,,,,,2.0,,,ChargePoint Network,https://www.chargepoint.com,GPS,42.965785,-85.665817,2026-08-09,100000,2026-08-09 01:25:45 UTC,,,,2018-07-28,,,,,J1772,US,,,,Public,,public,,,,,,,,,,,,,,,,,,,,False,,,,,,,,,False,
ELEC,"Ann Arbor, MI - Tesla Supercharger",3145 Ann Arbor-Saline Road,,Ann Arbor,MI,48103,,877-798-3752,E,,Public,24 hours daily. Open to Teslas only.,,,,,,,8.0,,Tesla,https://www.tesla.com/supercharger,200-8,42.241125,-83.766551,2026-06-18,102221,2026-06-18 14:46:21 UTC,P,,,2015-08-21,,,,,TESLA,US,,,,Public,,public,,,GROCERY,,,,,,,,,,,,,,,,,False,,,,,,,,,True,
ELEC,"Auburn Hills, MI - Tesla Supercharger",800 Brown Road,,Auburn Hills,MI,48326,,877-798-3752,E,,Public,24 hours daily. Open to Teslas only.,,,,,,,8.0,,Tesla,https://www.tesla.com/supercharger,200-9,42.70686,-83.289415,2026-06-18,102222,2026-06-18 14:46:21 UTC,P,,,2018-03-23,,,,,TESLA,US,,,,Public,,public,,,GROCERY,,,,,,,,,,,,,,,,,False,,,,,,,,,True,
ELEC,"Bay City, MI - Tesla Supercharger",2980 E Wilder Rd,,Bay City,MI,48706,,877-798-3752,E,,Public,24 hours daily. Open to Teslas only.,,,,,,,8.0,,Tesla,https://www.tesla.com/supercharger,200-9,43.622122,-83.932231,2026-06-18,102223,2026-06-18 14:46:21 UTC,P,,,2016-11-04,,,,,TESLA,US,,,,Public,,public,,,GROCERY,,,,,,,,,,,,,,,,,False,,,,,,,,,True,
ELEC,"Big Rapids, MI - Tesla Supercharger",15400 Waldron Way,,Big Rapids,MI,49307,,877-798-3752,E,,Public,24 hours daily. Open to Teslas only.,,,,,,,10.0,,Tesla,https://www.tesla.com/supercharger,200-9,43.689809,-85.515624,2026-06-18,102224,2026-06-18 14:46:21 UTC,P,,,2018-03-07,,,,,TESLA,US,,,,Public,,public,,,GROCERY,,,,,,,,,,,,,,,,,False,,,,,,,,,True,
ELEC,"Cadillac, MI - Tesla Supercharger",8605 E. 34 Road,,Cadillac,MI,49601,,877-798-3752,E,,Public,24 hours daily. Open to Teslas only.,,,,,,,8.0,,Tesla,https://www.tesla.com/supercharger,200-8,44.282613,-85.403077,2026-06-18,102225,2026-06-18 14:46:21 UTC,P,,,2015-12-23,,,,,TESLA,US,,,,Public,,public,,,GROCERY,,,,,,,,,,,,,,,,,False,,,,,,,,,True,
ELEC,"Gaylord, MI - Tesla Supercharger",250 Meijer Drive,,Gaylord,MI,49735,,877-798-3752,E,,Public,24 hours daily. Open to Teslas only.,,,,,,,10.0,,Tesla,https://www.tesla.com/supercharger,200-9,45.025592,-84.72219,2026-06-18,102226,2026-06-18 14:46:21 UTC,P,,,2018-06-21,,,,,TESLA,US,,,,Public,,public,,,GROCERY,,,,,,,,,,,,,,,,,False,,,,,,,,,True,
ELEC,"Grand Rapids, MI - Tesla Supercharger",5531 28th Street SE,,Grand Rapids,MI,49512,,877-798-3752,E,,Public,24 hours daily. Open to Teslas only.,,,,,,,8.0,,Tesla,https://www.tesla.com/supercharger,200-8,42.914211,-85.532989,2026-06-18,102227,2026-06-18 14:46:21 UTC,P,,,2015-06-24,,,,,TESLA,US,,,,Public,,public,,,GROCERY,,,,,,,,,,,,,,,,,False,,,,,,,,,True,
ELEC,"Lansing, MI - Tesla Supercharger",2025 Showtime Drive,,Lansing,MI,48912,,877-798-3752,E,,Public,24 hours daily. Open to Teslas only.,,,,,,,10.0,,Tesla,https://www.tesla.com/supercharger,200-8,42.766538,-84.514591,2026-06-18,102228,2026-06-18 14:46:21 UTC,P,,,2017-09-11,,,,,TESLA,US,,,,Public,,public,,,SHOPPING_CENTER,,,,,,,,,,,,,,,,,False,,,,,,,,,True,
ELEC,"Livonia, MI - Tesla Supercharger",13070 Middlebelt Rd,,Livonia,MI,48150,,877-798-3752,E,,Public,24 hours daily. Open to Teslas only.,,,,,,,10.0,,Tesla,https://www.tesla.com/supercharger,200-8,42.379394,-83.329528,2026-06-18,102229,2026-06-18 14:46:21 UTC,P,,,2018-01-19,,,,,TESLA,US,,,,Public,,public,,,GROCERY,,,,,,,,,,,,,,,,,False,,,,,,,,,True,
ELEC,"Muskegon, MI - Tesla Supercharger",5300 Harvey Street,,Muskegon,MI,49444,,877-798-3752,E,,Public,24 hours daily. Open to Teslas only.,,,,,,,10.0,,Tesla,https://www.tesla.com/supercharger,200-9,43.155338,-86.202926,2026-06-18,102232,2026-06-18 14:46:21 UTC,P,,,2018-02-22,,,,,TESLA,US,,,,Public,,public,,,GROCERY,,,,,,,,,,,,,,,,,False,,,,,,,,,True,
ELEC,"Port Huron, MI - Tesla Supercharger",500 Thomas Edison Parkway,,Port Huron,MI,48060,,877-798-3752,E,,Public,24 hours daily. Open to Teslas only.,,,,,,,8.0,,Tesla,https://www.tesla.com/supercharger,200-8,42.998794,-82.428952,2026-06-18,102233,2026-06-18 14:46:21 UTC,P,,,2016-08-17,,,,,TESLA,US,,,,Public,,public,,,HOTEL,,,,,,,,,,,,,,,,,False,,,,,,,,,True,
ELEC,"Roseville, MI - Tesla Supercharger",30800 Little Mack Avenue,,Roseville,MI,48066,,877-798-3752,E,,Public,24 hours daily. Open to Teslas only.,,,,,,,8.0,,Tesla,https://www.tesla.com/supercharger,200-9,42.522041,-82.906768,2026-06-18,102234,2026-06-18 14:46:21 UTC,P,,,2017-11-22,,,,,TESLA,US,,,,Public,,public,,,GROCERY,,,,,,,,,,,,,,,,,False,,,,,,,,,True,
ELEC,"St. Joseph, MI - Tesla Supercharger",3260 Niles Rd,,St. Joseph,MI,49085,,877-798-3752,E,,Public,24 hours daily. Open to Teslas only.,,,,,,,8.0,,Tesla,https://www.tesla.com/supercharger,200-9,42.05637,-86.45647,2026-06-18,102235,2026-06-18 14:46:21 UTC,P,,,2013-11-25,,,,,TESLA,US,,,,Public,,public,,,SHOPPING_CENTER,,,,,,,,,,,,,,,,,False,,,,,,,,,True,
ELEC,HFHS OFP LOT 1B,1 Ford Pl,,Detroit,MI,48202,,888-758-4389,E,,Public,24 hours daily,,,,,,2.0,,,ChargePoint Network,https://www.chargepoint.com,GPS,42.363854,-83.075327,2026-08-09,102943,2026-08-09 01:24:17 UTC,,,,2018-09-15,,,,,J1772,US,,,,Public,,public,,,,,,,,,,,,,,,,,,,,False,,,,,,,,,False,
ELEC,Royal Chevrolet,637 E Chicago Rd,,Coldwater,MI,49036,,517-279-8061,E,,Public - Call ahead,Dealership business hours; dealership use only,,,,,,3.0,,,Non-Networked,,GPS,41.934846,-84.957104,2025-08-12,104268,2026-02-02 23:16:24 UTC,P,,,2018-10-01,,,,,J1772,US,,,,Public - Appeler à l'avance,,public,CALL,,CAR_DEALER,,,,,,,Free,,,,,,,,,,True,,,,,,,,LD,False,
ELEC,Flannery Chevrolet,1225 Sand Beach Rd,,Bad Axe,MI,48413,,989-269-9781,E,,Public - Call ahead,"Dealership business hours, requires EV Connect app to charge",,,,,,1.0,,,Non-Networked,,GPS,43.803327,-82.978959,2026-07-15,104273,2026-07-15 18:47:09 UTC,P,,,2018-10-01,,,,,J1772,US,,,,Public - Appeler à l'avance,,public,CALL,,CAR_DEALER,,,,,,,$0.56 per kW,,,,,,,,,,True,,,,,,,,LD,False,
ELEC,Kool Chevrolet,3770 Plainfield Ave NE,,Grand Rapids,MI,49525,,616-219-8560,E,,Public - Call ahead,Business hours,,,,,,,1.0,,CHARGIE,https://www.chargie.com,GPS,43.030838,-85.626693,2026-07-15,104275,2026-07-15 18:47:09 UTC,P,,,2018-10-01,,,,,J1772COMBO,US,,,,Public - Appeler à l'avance,,public,CALL,,CAR_DEALER,,,,,,,,,,,,,,,,,False,,,,,,,,LD,False,
ELEC,Feldman Chevrolet - New Hudson,30400 Lyon Center Dr,,New Hudson,MI,48165,,248-939-5399,E,,Public,Dealership business hours,,,,,,2.0,2.0,,Non-Networked,,GPS,42.515722,-83.608279,2025-07-03,104279,2026-02-02 23:16:24 UTC,P,,,2018-10-01,,,,,J1772 J1772COMBO,US,,,,Public,,public,,,CAR_DEALER,,,,,,,,,,,,,,,,,False,,,,,,,,LD,False,
ELEC,Feldman Chevrolet - Novi,42355 Grand River Ave,,Novi,MI,48375,,248-289-3789,E,,Public - Call ahead,Dealership business hours; for customers only,,,,,,2.0,1.0,,Non-Networked,,GPS,42.477793,-83.465085,2025-07-03,104280,2026-02-02 23:16:24 UTC,P,,,2018-10-01,,,,,J1772 J1772COMBO,US,,,,Public - Appeler à l'avance,,public,CALL,,CAR_DEALER,,,,,,,Free,,,,,,,,,,True,,,,,,,,LD,False,
ELEC,BEDROCK OCM 1-2,1140 Farmer St,Farmer St entrance,Detroit,MI,48226,,888-758-4389,E,,Public,24 hours daily,,,,,,2.0,,,ChargePoint Network,https://www.chargepoint.com,GPS,42.333436,-83.045934,2026-08-09,104289,2026-08-09 01:26:32 UTC,,,,2018-10-21,,,,,J1772,US,,,,Public,,public,,,,,,,,,,,,,,,,,,,,False,,,,,,,,,False,
ELEC,BEDROCK OCM 1-8,1140 Farmer St,,Detroit,MI,48226,,888-758-4389,E,,Public,24 hours daily,,,,,,2.0,,,ChargePoint Network,https://www.chargepoint.com,GPS,42.333435,-83.04589,2026-08-09,104290,2026-08-09 01:26:21 UTC,,,,2018-10-21,,,,,J1772,US,,,,Public,,public,,,,,,,,,,,,,,,,,,,,False,,,,,,,,,False,
ELEC,BEDROCK OCM B1-1,1140 Farmer St,Near B1 elevator,Detroit,MI,48226,,888-758-4389,E,,Public,24 hours daily,,,,,,2.0,,,ChargePoint Network,https://www.chargepoint.com,GPS,42.3328,-83.046192,2026-08-09,104400,2026-08-09 01:25:43 UTC,,,,2018-10-27,,,,,J1772,US,,,,Public,,public,,,,,,,,,,,,,,,,,,,,False,,,,,,,,,False,
ELEC,MSU NORTH IM WEST#1,393 Chestnut Rd.,Near front entrance,East Lansing,MI,48864,,888-758-4389,E,,Public,24 hours daily,,,,,,2.0,,,ChargePoint Network,https://www.chargepoint.com,GPS,42.729489,-84.486356,2026-08-09,104536,2026-08-09 01:27:53 UTC,,,,2018-11-06,,,,,J1772,US,,,,Public,,public,,,,,,,,,,,,,,,,,,,,False,,,,,,,,,False,
ELEC,STRUCTURE A LOT A,1105 6th St,In parking structure on 2nd Floor,Traverse City,MI,49684,,888-758-4389,E,,Public,24 hours daily,,,,,,2.0,,,ChargePoint Network,https://www.chargepoint.com,GPS,44.760898,-85.642524,2026-08-09,105028,2026-08-09 01:27:39 UTC,,,,2018-11-30,,,,,J1772,US,,,,Public,,public,,,,,,,,,,,,,,,,,,,,False,,,,,,,,,False,
ELEC,Grand Traverse Resort and Spa - Tesla Destination,100 Grand Traverse Village Blvd,,Acme,MI,49610,,877-798-3752,E,,Public,,,,,,,3.0,,,Tesla Destination,https://www.tesla.com/destination-charging,200-8,44.779012,-85.488357,2024-07-01,114458,2025-02-12 00:16:32 UTC,P,,,2017-06-05,,,,,TESLA,US,,,,Public,,public,,,HOTEL,,,,,,,,,,,,,,,,,,,,,,,,,,False,
ELEC,Sheraton Ann Arbor Hotel - Tesla Destination,3200 Boardwalk Dr,,Ann Arbor,MI,48108,,877-798-3752,E,,Public,,,,,,,4.0,,,Tesla Destination,https://www.tesla.com/destination-charging,200-8,42.241166,-83.735175,2024-07-01,114460,2025-02-12 00:16:32 UTC,P,,,2014-12-31,,,,,J1772 TESLA,US,,,,Public,,public,,,HOTEL,,,,,,,,,,,,,,,,,,,,,,,,,,False,
ELEC,"Inn at Bay Harbor, Autograph Collection - ARCHIVED - Tesla Destination",3600 Village Harbor Dr,,Bay Harbor,MI,49770,,877-798-3752,E,,Public,,,,,,,4.0,,,Tesla Destination,https://www.tesla.com/destination-charging,200-9,45.368997,-85.015696,2024-07-01,114461,2025-02-12 00:16:32 UTC,P,,,2017-06-23,,,,,TESLA,US,,,,Public,,public,,,INN,,,,,,,,,,,,,,,,,,,,,,,,,,False,
ELEC,The Townsend Hotel - Tesla Destination,100 Townsend St,,Birmingham,MI,48009,,877-798-3752,E,,Public,,,,,,,3.0,,,Tesla Destination,https://www.tesla.com/destination-charging,200-9,42.544777,-83.215811,2024-07-01,114462,2025-02-12 00:16:32 UTC,P,,,2015-02-27,,,,,J1772 TESLA,US,,,,Public,,public,,,HOTEL,,,,,,,,,,,,,,,,,,,,,,,,,,False,
ELEC,Beau's Grillery - Tesla Destination,4108 Maple Rd,,Bloomfield Hills,MI,48301,,877-798-3752,E,,Public,,,,,,,2.0,,,Tesla Destination,https://www.tesla.com/destination-charging,200-9,42.545201,-83.286965,2024-07-01,114463,2025-02-12 00:16:32 UTC,P,,,2017-11-29,,,,,TESLA,US,,,,Public,,public,,,RESTAURANT,,,,,,,,,,,,,,,,,,,,,,,,,,False,
ELEC,Boyne Mountain Resort - Tesla Destination,1 Boyne Mountain Rd,,Boyne Falls,MI,49713,,877-798-3752,E,,Public,,,,,,,2.0,,,Tesla Destination,https://www.tesla.com/destination-charging,200-9,45.16298,-84.931622,2024-07-01,114464,2025-02-12 00:16:32 UTC,P,,,2016-01-11,,,,,TESLA,US,,,,Public,,public,,,REC_SPORTS_FACILITY,,,,,,,,,,,,,,,,,,,,,,,,,,False,
ELEC,Grand Rapids Ranch Bed & Breakfast - Tesla Destination,8769 East Paris Ave SE,,Caledonia,MI,49316,,877-798-3752,E,,Public,,,,,,,1.0,,,Tesla Destination,https://www.tesla.com/destination-charging,200-8,42.80508,-85.56541,2024-07-01,114465,2025-02-12 00:16:32 UTC,P,,,2015-05-14,,,,,TESLA,US,,,,Public,,public,,,B_AND_B,,,,,,,,,,,,,,,,,,,,,,,,,,False,
ELEC,Roostertail Entertainment Complex - Tesla Destination,100 Marquette Dr,,Detroit,MI,48214,,877-798-3752,E,,Public,,,,,,,2.0,,,Tesla Destination,https://www.tesla.com/destination-charging,200-9,42.356036,-82.97394,2024-07-01,114467,2025-02-12 00:16:32 UTC,P,,,2016-02-23,,,,,TESLA,US,,,,Public,,public,,,OTHER_ENTERTAINMENT,,,,,,,,,,,,,,,,,,,,,,,,,,False,
ELEC,Atheneum Suite Hotel - Tesla Destination,1000 Brush Ave,,Detroit,MI,48226,,877-798-3752,E,,Public,,,,,,,2.0,,,Tesla Destination,https://www.tesla.com/destination-charging,200-9,42.333974,-83.043069,2024-07-01,114468,2025-02-12 00:16:32 UTC,P,,,2014-06-17,,,,,TESLA,US,,,,Public,,public,,,HOTEL,,,,,,,,,,,,,,,,,,,,,,,,,,False,
ELEC,The Z Deck EFF - Tesla Destination,1234 Library St,,Detroit,MI,48226,,877-798-3752,E,,Public,,,,,,,3.0,,,Tesla Destination,https://www.tesla.com/destination-charging,200-9,42.334265,-83.045959,2024-07-01,114469,2025-02-12 00:16:32 UTC,P,,,2016-11-28,,,,,TESLA,US,,,,Public,,public,,,PARKING_GARAGE,,,,,,,,,,,,,,,,,,,,,,,,,,False,
ELEC,One Detroit Center Garage - Tesla Destination,500 Woodward Ave,,Detroit,MI,48226,,877-798-3752,E,,Public,,,,,,,3.0,,,Tesla Destination,https://www.tesla.com/destination-charging,200-9,42.330607,-83.044786,2024-07-01,114470,2025-02-12 00:16:32 UTC,P,,,2016-11-28,,,,,TESLA,US,,,,Public,,public,,,PARKING_GARAGE,,,,,,,,,,,,,,,,,,,,,,,,,,False,
ELEC,Financial District Garage - Tesla Destination,730 Shelby,,Detroit,MI,48226,,877-798-3752,E,,Public,,,,,,,3.0,,,Tesla Destination,https://www.tesla.com/destination-charging,200-9,42.331181,-83.048927,2024-07-01,114471,2025-02-12 00:16:32 UTC,P,,,2016-11-29,,,,,TESLA,US,,,,Public,,public,,,PARKING_GARAGE,,,,,,,,,,,,,,,,,,,,,,,,,,False,
ELEC,Stormcloud Brewing Company - Tesla Destination,303 Main St,,Frankfort,MI,49635,,877-798-3752,E,,Public,,,,,,,2.0,,,Tesla Destination,https://www.tesla.com/destination-charging,200-9,44.632644,-86.241129,2024-07-01,114474,2025-02-12 00:16:32 UTC,P,,,2018-06-12,,,,,J1772 TESLA,US,,,,Public,,public,,,BREWERY_DISTILLERY_WINERY,,,,,,,,,,,,,,,,,,,,,,,,,,False,
ELEC,Art's Tavern Annex - Tesla Destination,6475 Western Ave,,Glen Arbor,MI,49636,,877-798-3752,E,,Public,,,,,,,1.0,,,Tesla Destination,https://www.tesla.com/destination-charging,200-9,44.897565,-85.988658,2024-07-01,114475,2025-02-12 00:16:32 UTC,P,,,2016-06-27,,,,,TESLA,US,,,,Public,,public,,,RESTAURANT,,,,,,,,,,,,,,,,,,,,,,,,,,False,
ELEC,JW Marriott Grand Rapids - Tesla Destination,235 Louis St NW,,Grand Rapids,MI,49503,,877-798-3752,E,,Public,,,,,,,6.0,,,Tesla Destination,https://www.tesla.com/destination-charging,200-9,42.964967,-85.67357,2024-07-01,114476,2025-02-12 00:16:32 UTC,P,,,2017-08-25,,,,,J1772 TESLA,US,,,,Public,,public,,,HOTEL,,,,,,,,,,,,,,,,,,,,,,,,,,False,
ELEC,Boyne Highlands Resort - Tesla Destination,600 Highland Dr,,Harbor Springs,MI,49740,,877-798-3752,E,,Public,,,,,,,2.0,,,Tesla Destination,https://www.tesla.com/destination-charging,200-8,45.469311,-84.934044,2024-07-01,114477,2025-02-12 00:16:32 UTC,P,,,2015-11-24,,,,,TESLA,US,,,,Public,,public,,,HOTEL,,,,,,,,,,,,,,,,,,,,,,,,,,False,
ELEC,Mackinaw City Marina - Tesla Destination,107 S Huron Ave,,Mackinaw City,MI,49701,,877-798-3752,E,,Public,,,,,,,4.0,,,Tesla Destination,https://www.tesla.com/destination-charging,200-9,45.780769,-84.725256,2024-07-01,114478,2025-02-12 00:16:32 UTC,P,,,2018-08-14,,,,,J1772 TESLA,US,,,,Public,,public,,,PARK,,,,,,,,,,,,,,,,,,,,,,,,,,False,
ELEC,Hampton Inn Monroe - Tesla Destination,1565 N Dixie Hwy,,Monroe,MI,48162,,877-798-3752,E,,Public,,,,,,,1.0,,,Tesla Destination,https://www.tesla.com/destination-charging,200-9,41.92928,-83.352932,2024-07-01,114479,2025-02-12 00:16:32 UTC,P,,,2016-05-13,,,,,TESLA,US,,,,Public,,public,,,HOTEL,,,,,,,,,,,,,,,,,,,,,,,,,,False,
ELEC,Soaring Eagle Casino and Resort - Tesla Destination,6800 E Soaring Eagle Blvd,,Mt. Pleasant,MI,48858,,877-798-3752,E,,Public,,,,,,,2.0,,,Tesla Destination,https://www.tesla.com/destination-charging,200-8,43.607687,-84.712949,2024-07-01,114480,2025-06-09 19:21:51 UTC,P,,,2015-08-18,,,,,J1772 TESLA,US,,,,Public,,public,,,HOTEL,,,,,,,,,,,,,,,,,,,,,,,,,,False,
ELEC,Adoba Hotel Naubinway - Tesla Destination,11655 W US-2,,Naubinway,MI,49762,,877-798-3752,E,,Public,,,,,,,1.0,,,Tesla Destination,https://www.tesla.com/destination-charging,GPS,46.093825,-85.449722,2024-07-01,114481,2025-02-12 00:16:32 UTC,P,,,2016-11-15,,,,,TESLA,US,,,,Public,,public,,,HOTEL,,,,,,,,,,,,,,,,,,,,,,,,,,False,
ELEC,La Belle de la Riviere - Tesla Destination,120 State Rd,,Newaygo,MI,49337,,877-798-3752,E,,Public,,,,,,,6.0,,,Tesla Destination,https://www.tesla.com/destination-charging,200-9,43.418312,-85.801767,2024-07-01,114482,2025-02-12 00:16:32 UTC,P,,,2018-03-14,,,,,J1772 TESLA,US,,,,Public,,public,,,HOTEL,,,,,,,,,,,,,,,,,,,,,,,,,,False,
ELEC,Village of Northport - Tesla Destination,116 S Waukazoo St,,Northport,MI,49670,,877-798-3752,E,,Public,,,,,,,3.0,,,Tesla Destination,https://www.tesla.com/destination-charging,200-9,45.128666,-85.61693,2024-07-01,114483,2025-02-12 00:16:32 UTC,P,,,2017-09-18,,,,,J1772 TESLA,US,,,,Public,,public,,,MUNI_GOV,,,,,,,,,,,,,,,,,,,,,,,,,,False,
ELEC,Auburn Hills Marriott Pontiac - Tesla Destination,3600 Centerpoint Pkwy,,Pontiac,MI,48341,,877-798-3752,E,,Public,,,,,,,3.0,,,Tesla Destination,https://www.tesla.com/destination-charging,200-8,42.605426,-83.251701,2024-07-01,114486,2025-02-12 00:16:32 UTC,P,,,2018-04-30,,,,,J1772 TESLA,US,,,,Public,,public,,,HOTEL,,,,,,,,,,,,,,,,,,,,,,,,,,False,
ELEC,Best Western Port Huron - Tesla Destination,2282 Water St,,Port Huron,MI,48060,,877-798-3752,E,,Public,,,,,,,3.0,,,Tesla Destination,https://www.tesla.com/destination-charging,200-9,42.993454,-82.453042,2024-07-01,114487,2025-02-12 00:16:32 UTC,P,,,2015-05-20,,,,,J1772 TESLA,US,,,,Public,,public,,,HOTEL,,,,,,,,,,,,,,,,,,,,,,,,,,False,
ELEC,Airway Fun Center - Tesla Destination,5626 Portage Rd,,Portage,MI,49002,,877-798-3752,E,,Public,,,,,,,3.0,,,Tesla Destination,https://www.tesla.com/destination-charging,200-9,42.235271,-85.560592,2024-07-01,114488,2025-02-12 00:16:32 UTC,P,,,2016-01-18,,,,,J1772 TESLA,US,,,,Public,,public,,,OTHER_ENTERTAINMENT,,,,,,,,,,,,,,,,,,,,,,,,,,False,
ELEC,The Victoria Resort Bed and Breakfast - Tesla Destination,241 Oak St,,South Haven,MI,49090,,877-798-3752,E,,Public,,,,,,,3.0,,,Tesla Destination,https://www.tesla.com/destination-charging,200-9,42.412852,-86.27246,2024-07-01,114489,2025-02-12 00:16:32 UTC,P,,,2017-08-30,,,,,J1772 TESLA,US,,,,Public,,public,,,B_AND_B,,,,,,,,,,,,,,,,,,,,,,,,,,False,
ELEC,GingerMan Raceway - Tesla Destination,61414 Phoenix Rd,,South Haven,MI,49090,,877-798-3752,E,,Public,,,,,,,2.0,,,Tesla Destination,https://www.tesla.com/destination-charging,GPS,42.404325,-86.141746,2024-07-01,114490,2025-02-12 00:16:32 UTC,P,,,2018-11-01,,,,,TESLA,US,,,,Public,,public,,,REC_SPORTS_FACILITY,,,,,,,,,,,,,,,,,,,,,,,,,,False,
ELEC,Inn at Black Star Farms - Tesla Destination,10844 E Revold Rd,,Suttons Bay,MI,49682,,877-798-3752,E,,Public,,,,,,,2.0,,,Tesla Destination,https://www.tesla.com/destination-charging,200-9,44.932621,-85.63599,2024-07-01,114491,2025-02-12 00:16:32 UTC,P,,,2015-06-11,,,,,J1772 TESLA,US,,,,Public,,public,,,INN,,,,,,,,,,,,,,,,,,,,,,,,,,False,
ELEC,Crystal Mountain - Tesla Destination,12500 Crystal Mountain Dr,,Thompsonville,MI,49683,,877-798-3752,E,,Public,,,,,,,1.0,,,Tesla Destination,https://www.tesla.com/destination-charging,200-8,44.51926,-85.990655,2024-07-01,114492,2025-02-12 00:16:32 UTC,P,,,2014-11-10,,,,,TESLA,US,,,,Public,,public,,,HOTEL,,,,,,,,,,,,,,,,,,,,,,,,,,False,
ELEC,Sugar Beach Resort - Tesla Destination,1773 US 31 N,,Traverse City,MI,49686,,877-798-3752,E,,Public,,,,,,,2.0,,,Tesla Destination,https://www.tesla.com/destination-charging,200-9,44.746585,-85.540394,2024-07-01,114493,2025-02-12 00:16:32 UTC,P,,,2015-12-18,,,,,J1772 TESLA,US,,,,Public,,public,,,HOTEL,,,,,,,,,,,,,,,,,,,,,,,,,,False,
ELEC,West Bay Beach Resort - Tesla Destination,615 E Front St,,Traverse City,MI,49686,,877-798-3752,E,,Public,,,,,,,4.0,,,Tesla Destination,https://www.tesla.com/destination-charging,200-8,44.764756,-85.610106,2024-07-01,114494,2025-02-12 00:16:32 UTC,P,,,2018-01-30,,,,,J1772 TESLA,US,,,,Public,,public,,,HOTEL,,,,,,,,,,,,,,,,,,,,,,,,,,False,
ELEC,Hilton Garden Inn Troy - Tesla Destination,200 Wilshire Dr,,Troy,MI,48084,,877-798-3752,E,,Public,,,,,,,2.0,,,Tesla Destination,https://www.tesla.com/destination-charging,200-9,42.564441,-83.165591,2024-07-01,114495,2025-02-12 00:16:32 UTC,P,,,2016-09-07,,,,,TESLA,US,,,,Public,,public,,,HOTEL,,,,,,,,,,,,,,,,,,,,,,,,,,False,
ELEC,Cocoa Cottage Bed and Breakfast - Tesla Destination,223 S Mears Ave,,Whitehall,MI,49461,,877-798-3752,E,,Public,,,,,,,2.0,,,Tesla Destination,https://www.tesla.com/destination-charging,200-9,43.407549,-86.347509,2024-07-01,114496,2025-02-12 00:16:32 UTC,P,,,2017-01-03,,,,,TESLA,US,,,,Public,,public,,,B_AND_B,,,,,,,,,,,,,,,,,,,,,,,,,,False,
ELEC,LochenHeath Golf Club - Tesla Destination,7591 Turnberry Cir,,Williamsburg,MI,49690,,877-798-3752,E,,Public,,,,,,,3.0,,,Tesla Destination,https://www.tesla.com/destination-charging,GPS,44.801989,-85.487171,2024-07-01,114497,2025-02-12 00:16:32 UTC,P,,,2015-06-16,,,,,J1772 TESLA,US,,,,Public,,public,,,REC_SPORTS_FACILITY,,,,,,,,,,,,,,,,,,,,,,,,,,False,
ELEC,Hampton Inn - Sault St. Marie,3295 Business Spur,,Sault St. Marie,MI,49783,,906-635-3000,E,,Public,24 hours daily; guest use only,,,,,,4.0,,,Non-Networked,,GPS,46.469651,-84.362841,2025-08-12,116762,2026-02-02 23:16:24 UTC,P,,,2018-12-20,,,,,J1772,US,,,,Public,,public,,,HOTEL,,,,,,,Free,,,,,,,,,,True,,,,,,,,LD,False,
ELEC,Team One Chevrolet,1616 Lansing Rd,,Charlotte,MI,48813,,517-543-0200,E,,Public - Call ahead,Dealership business hours,,,,,,3.0,1.0,,Non-Networked,,GPS,42.582201,-84.805532,2023-08-10,116766,2025-12-15 15:02:48 UTC,P,,,2018-12-01,,,,,J1772 J1772COMBO,US,,,,Public - Appeler à l'avance,,public,CALL,,CAR_DEALER,,,,,,,Free,,,,,,,,,,False,,,,,,,,LD,False,
ELEC,ROCHESTER HILLS THE VILLAGE,104 Adams Rd,Located behind Soft Surroundings on the East side of the Village.,Rochester Hills,MI,48309,,888-758-4389,E,,Public,24 hours daily,,,,,,2.0,,,ChargePoint Network,https://www.chargepoint.com,GPS,42.684393,-83.192104,2026-08-09,116834,2026-08-09 01:28:38 UTC,,,,2019-01-06,,,,,J1772,US,,,,Public,,public,,,,,,,,,,,,,,,,,,,,False,,,,,,,,,False,
ELEC,PRW GRAND CIRCUS,420 Park Ave,,Detroit,MI,48226,,888-758-4389,E,,Public,24 hours daily,,,,,,2.0,,,ChargePoint Network,https://www.chargepoint.com,GPS,42.33647,-83.050852,2026-08-09,117025,2026-08-09 01:29:32 UTC,,,,2019-01-16,,,,,J1772,US,,,,Public,,public,,,,,,,,,,,,,,,,,,,,False,,,,,,,,,False,
ELEC,MSU PARKING RAMP 5,1149 Red Cedar Rd,-1st floor of ramp north side,East Lansing,MI,48824,,888-758-4389,E,,Public,24 hours daily,,,,,,2.0,,,ChargePoint Network,https://www.chargepoint.com,GPS,42.721099,-84.481468,2026-08-09,117816,2026-08-09 01:28:56 UTC,,,,2019-02-12,,,,,J1772,US,,,,Public,,public,,,,,,,,,,,,,,,,,,,,False,,,,,,,,,False,
ELEC,MSU WHARTON RAMP#1,766 E Shaw Ln,2nd Floor,East Lansing,MI,48824,,888-758-4389,E,,Public,24 hours daily,,,,,,2.0,,,ChargePoint Network,https://www.chargepoint.com,GPS,42.724023,-84.469741,2026-08-09,117818,2026-08-09 01:28:44 UTC,,,,2019-02-12,,,,,J1772,US,,,,Public,,public,,,,,,,,,,,,,,,,,,,,False,,,,,,,,,False,
ELEC,MSU CONRAD HALL,909 Conrad Rd,Station is located at southwest corner of parking lot,East Lansing,MI,48825,,888-758-4389,E,,Public,24 hours daily,,,,,,2.0,,,ChargePoint Network,https://www.chargepoint.com,GPS,42.722968,-84.46683,2026-08-09,117819,2026-08-09 01:28:05 UTC,,,,2019-02-12,,,,,J1772,US,,,,Public,,public,,,,,,,,,,,,,,,,,,,,False,,,,,,,,,False,
ELEC,CITY OF HOLLAND CIVIC CENTER LT,150 W 8th St,Southeast Corner of Building,Holland,MI,49423,,888-758-4389,E,,Public,24 hours daily,,,,,,2.0,,,ChargePoint Network,https://www.chargepoint.com,GPS,42.789663,-86.113428,2026-08-09,117854,2026-08-09 01:27:48 UTC,,,,2019-02-14,,,,,J1772,US,,,,Public,,public,,,,,,,,,,,,,,,,,,,,False,,,,,,,,,False,
ELEC,Eastpointe City Hall,23200 Gratiot Ave,1/4 mile north of 9 Mile Road/Gratiot Avenue,Eastpointe,MI,48021,,586-445-3661,E,,Public,24 hours daily,,,,,,2.0,,,Non-Networked,,200-9,42.46845,-82.954855,2024-06-13,118692,2026-07-09 15:50:01 UTC,LG,,,2018-07-01,,,,,J1772,US,,,,Public,,public,,,MUNI_GOV,,,,,,,Free,,,,,,,,,,False,,,,,,,,LD,False,
ELEC,JACKSONHOSPITAL JH LOT V 1A,205 N. East Ave,Anderson Building,Jackson,MI,49201,,888-758-4389,E,,Public,24 hours daily,,,,,,2.0,,,ChargePoint Network,https://www.chargepoint.com,GPS,42.250448,-84.395023,2026-08-09,118708,2026-08-09 01:12:13 UTC,,,,2019-02-23,,,,,J1772,US,,,,Public,,public,,,,,,,,,,,,,,,,,,,,False,,,,,,,,,False,
ELEC,BEDROCK BUHL 3-1,525 Griswold St,Next to Northwest Stairwell,Detroit,MI,48226,,888-758-4389,E,,Public,24 hours daily,,,,,,2.0,,,ChargePoint Network,https://www.chargepoint.com,GPS,42.329103,-83.046874,2026-08-09,120988,2026-08-09 01:29:47 UTC,,,,2019-03-27,,,,,J1772,US,,,,Public,,public,,,,,,,,,,,,,,,,,,,,False,,,,,,,,,False,
ELEC,MEIJER STORES GRAND RAPIDS 2,2988 Walker Ave NW,,Grand Rapids,MI,49544,,888-758-4389,E,,Public,24 hours daily,,,,,,,1.0,,ChargePoint Network,https://www.chargepoint.com,GPS,43.018279,-85.72377,2026-08-09,121348,2026-08-09 01:31:28 UTC,,,,2019-04-12,,,,,CHADEMO J1772COMBO,US,,,,Public,,public,,,,,,,,,,,,,,,,,,,,False,,,,,,,,,False,
ELEC,BEDROCK 124 ALF GRG 1-1,2636 John R St,Northeast Corner of Parking Garage,Detroit,MI,48201,,888-758-4389,E,,Public,24 hours daily,,,,,,2.0,,,ChargePoint Network,https://www.chargepoint.com,GPS,42.34351,-83.052619,2026-08-09,121387,2026-08-09 01:29:44 UTC,,,,2019-04-13,,,,,J1772,US,,,,Public,,public,,,,,,,,,,,,,,,,,,,,False,,,,,,,,,False,
ELEC,"Walmart 2869 (Lansing, MI)",409 N Marketplace Blvd,,Lansing,MI,48917,,833-632-2778,E,,Public,24 hours daily,,,,,,,4.0,,Electrify America,https://www.electrifyamerica.com,GPS,42.7392,-84.67381,2026-08-09,121721,2026-08-09 03:38:59 UTC,,,,2019-04-26,,,,,CHADEMO J1772COMBO,US,,,,Public,,public,,,,,,,,,,,,,,,,,,,,False,,,,,,,,,False,
ELEC,"Sam's Club 6661 (Portage, MI)",7021 S Westnedge Ave,,Portage,MI,49002,,833-632-2778,E,,Public,24 hours daily,,,,,,,6.0,,Electrify America,https://www.electrifyamerica.com,GPS,42.21405,-85.58807,2026-08-09,121727,2026-08-09 03:37:07 UTC,,,,2019-04-26,,,,,CHADEMO J1772COMBO,US,,,,Public,,public,,,,,,,,,,,,,,,,,,,,False,,,,,,,,,False,
ELEC,CITY OF HOLLAND CITY HALL,270 S River Ave,,Holland,MI,49423,,888-758-4389,E,,Public,24 hours daily,,,,,,2.0,,,ChargePoint Network,https://www.chargepoint.com,GPS,42.787124,-86.109962,2026-08-09,122178,2026-08-09 01:31:50 UTC,,,,2019-04-30,,,,,J1772,US,,,,Public,,public,,,,,,,,,,,,,,,,,,,,False,,,,,,,,,False,
ELEC,"Walker, MI - Tesla Supercharger",2988 Walker Avenue,,Walker,MI,49544,,877-798-3752,E,,Public,24 hours daily. Open to Teslas only.,,,,,,,4.0,,Tesla,https://www.tesla.com/supercharger,200-9,43.017937,-85.723856,2026-06-18,122290,2026-06-18 14:46:21 UTC,P,,,2018-12-21,,,,,TESLA,US,,,,Public,,public,,,GAS_STATION,,,,,,,,,,,,,,,,,False,,,,,,,,,True,
ELEC,"Ludington, MI - Tesla Supercharger",3900 W US Hwy 10,,Ludington,MI,49431,,877-798-3752,E,,Public,24 hours daily. Open to Teslas only.,,,,,,,8.0,,Tesla,https://www.tesla.com/supercharger,200-9,43.957282,-86.376105,2026-06-18,122291,2026-06-18 14:46:21 UTC,P,,,2017-06-22,,,,,TESLA,US,,,,Public,,public,,,GROCERY,,,,,,,,,,,,,,,,,False,,,,,,,,,True,
ELEC,"Traverse City, MI - Tesla Supercharger",3955 US Highway 31 South,,Traverse City,MI,49684,,877-798-3752,E,,Public,24 hours daily. Open to Teslas only.,,,,,,,10.0,,Tesla,https://www.tesla.com/supercharger,GPS,44.744753,-85.644025,2026-06-18,122292,2026-06-18 14:46:21 UTC,P,,,2017-09-08,,,,,TESLA,US,,,,Public,,public,,,GROCERY,,,,,,,,,,,,,,,,,False,,,,,,,,,True,
ELEC,"Marshall, MI - Tesla Supercharger",15252 US Highway 27 N,,Marshall,MI,49068,,877-798-3752,E,,Public,24 hours daily. Open to Teslas only.,,,,,,,8.0,,Tesla,https://www.tesla.com/supercharger,200-8,42.291988,-84.964142,2026-06-18,122300,2026-06-18 14:46:21 UTC,P,,,2017-07-06,,,,,TESLA,US,,,,Public,,public,,,GAS_STATION,,,,,,,,,,,,,,,,,False,,,,,,,,,True,
ELEC,Bier Distillery - Tesla Destination,5295 W River Dr NE #100,,Comstock Park,MI,49321,,877-798-3752,E,,Public,,,,,,,4.0,,,Tesla Destination,https://www.tesla.com/destination-charging,200-9,43.059409,-85.641052,2024-07-01,122446,2025-02-12 00:16:32 UTC,P,,,2017-10-30,,,,,TESLA,US,,,,Public,,public,,,,,,,,,,,,,,,,,,,,,,,,,,,,,False,
ELEC,Quality Inn & Suites - Tesla Destination,2603 2603 N Lincoln Rd,,Escanaba,MI,49829,,877-798-3752,E,,Public,,,,,,,3.0,,,Tesla Destination,https://www.tesla.com/destination-charging,200-8,45.742409,-87.079829,2024-07-01,122447,2025-02-12 00:16:32 UTC,P,,,2018-09-07,,,,,TESLA,US,,,,Public,,public,,,,,,,,,,,,,,,,,,,,,,,,,,,,,False,
ELEC,Wayfarer Lodgings - Tesla Destination,1912 Scenic Hwy ( M-22),,Frankfort,MI,49635,,877-798-3752,E,,Public,,,,,,,2.0,,,Tesla Destination,https://www.tesla.com/destination-charging,200-9,44.606461,-86.22303,2024-07-01,122448,2025-02-12 00:16:32 UTC,P,,,2015-08-24,,,,,J1772 TESLA,US,,,,Public,,public,,,,,,,,,,,,,,,,,,,,,,,,,,,,,False,
ELEC,Journeyman Distillery - Tesla Destination,109 Generations Dr,,Three Oaks,MI,49128,,877-798-3752,E,,Public,,,,,,,2.0,,,Tesla Destination,https://www.tesla.com/destination-charging,200-8,41.802839,-86.611556,2024-07-01,122449,2025-05-06 21:10:23 UTC,P,,,2019-01-25,,,,,J1772 TESLA,US,,,,Public,,public,,,,,,,,,,,,,,,,,,,,,,,,,,,,,False,
ELEC,Gun Lake Casino - Tesla Destination,1123 129th St Ave,,Wayland,MI,49348,,877-798-3752,E,,Public,,,,,,,5.0,,,Tesla Destination,https://www.tesla.com/destination-charging,200-9,42.631113,-85.656383,2024-07-01,122450,2025-02-12 00:16:32 UTC,P,,,2018-11-19,,,,,TESLA,US,,,,Public,,public,,,,,,,,,,,,,,,,,,,,,,,,,,,,,False,
ELEC,CITY OF HOLLAND 7TH STREET DECK,95 E 7th St,Upper level of parking deck,Holland,MI,49423,,888-758-4389,E,,Public,24 hours daily,,,,,,2.0,,,ChargePoint Network,https://www.chargepoint.com,GPS,42.791457,-86.10281,2026-08-09,122820,2026-08-09 01:32:07 UTC,,,,2019-05-17,,,,,J1772,US,,,,Public,,public,,,,,,,,,,,,,,,,,,,,False,,,,,,,,,False,
ELEC,"Duro-Last, Inc",525 E Morley Dr,,Saginaw,MI,48601,,,E,,Private,For employee use only,,,,,,2.0,,,Non-Networked,,200-9,43.417252,-83.867317,2023-01-10,123275,2026-06-30 20:09:57 UTC,P,,,2014-01-01,,,,,J1772,US,,,,Privé,,private,,,OFFICE_BLDG,,,,,,,,,,,,,,,,,,,,,,,,,LD,True,
ELEC,WATERFRONT PARK WATERFRONT 1,24 S Main St,,L'Anse,MI,49946,,888-758-4389,E,,Public,24 hours daily,,,,,,2.0,,,ChargePoint Network,https://www.chargepoint.com,GPS,46.757153,-88.455807,2026-08-09,123586,2026-08-09 01:32:34 UTC,,,,2019-06-07,,,,,J1772,US,,,,Public,,public,,,,,,,,,,,,,,,,,,,,False,,,,,,,,,False,
ELEC,Willabee's Motel,9903 W 6 Mile Rd,,Brimley,MI,49715,,906-248-3090,E,,Public,7am-10pm daily; for guest use only; Drivers must bring their own J1772 cordset for Level 1 charging,,,,,1.0,,,,Non-Networked,,200-9,46.411169,-84.570787,2025-06-06,123604,2026-02-02 23:16:24 UTC,P,,,2019-06-07,,,,,NEMA1450,US,,,,Public,,public,,,HOTEL,,,,,,,Free,,,,,,,,,,True,,,,,,,,LD,False,
ELEC,SHANTY CREEK STATION 1,5780 Shanty Creek Rd,,Bellaire,MI,49615,,888-758-4389,E,,Public,24 hours daily,,,,,,2.0,,,ChargePoint Network,https://www.chargepoint.com,GPS,44.949368,-85.185,2026-08-09,143414,2026-08-09 01:33:16 UTC,,,,2019-08-15,,,,,J1772,US,,,,Public,,public,,,,,,,,,,,,,,,,,,,,False,,,,,,,,,False,
ELEC,ROAN & BLACK DC STATION #1,3315 Blue Star Hwy,,Saugatuck,MI,49453,,888-758-4389,E,,Public,24 hours daily,,,,,,,1.0,,ChargePoint Network,https://www.chargepoint.com,GPS,42.659429,-86.189789,2026-08-09,143753,2026-08-09 01:46:58 UTC,,,,2019-08-16,,,,,J1772COMBO TESLA,US,,,,Public,,public,,,,,,,,,,,,,,,,,,,,False,,,,,,,,,False,
ELEC,Beachfront Hotel Houghton Lake,4990 W Houghton Lake Dr,,Houghton Lake,MI,48629,,989-282-4700,E,,Public,24 hours daily; for guest use only,,,,,,1.0,,,Non-Networked,,200-9,44.299805,-84.738589,2026-06-12,143907,2026-06-12 17:15:57 UTC,P,,,2019-07-01,,,,,J1772,US,,,,Public,,public,,,HOTEL,,,,,,,Free,,,,,,,,,,True,,,,,,,,LD,False,
ELEC,BLUE ENERGY 1 BEACON PARK DC4,2001 1st St,,Detroit,MI,48226,,888-758-4389,E,,Public,24 hours daily,,,,,,,1.0,,ChargePoint Network,https://www.chargepoint.com,GPS,42.334972,-83.055956,2026-08-09,145077,2026-08-09 01:35:14 UTC,,,,2019-09-10,,,,,CHADEMO J1772COMBO,US,,,,Public,,public,,,,,,,,,,,,,,,,,,,,False,,,,,,,,,False,
ELEC,"Roundtree Place (Ypsilanti, MI)",2539 Ellsworth Rd,,Ypsilanti,MI,48197,,833-632-2778,E,,Public,24 hours daily,,,,,,,6.0,,Electrify America,https://www.electrifyamerica.com,GPS,42.22952,-83.64926,2026-08-09,145371,2026-08-09 03:36:48 UTC,,,,2019-09-19,,,,,J1772COMBO,US,,,,Public,,public,,,,,,,,,,,,,,,,,,,,False,,,,,,,,,False,
ELEC,"Walmart 5893 (Novi, MI)",26090 Ingersol Dr,,Novi,MI,48375,,833-632-2778,E,,Public,24 hours daily,,,,,,,4.0,,Electrify America,https://www.electrifyamerica.com,GPS,42.48204,-83.4726,2026-08-09,145401,2026-08-09 03:38:58 UTC,,,,2019-09-20,,,,,J1772COMBO,US,,,,Public,,public,,,,,,,,,,,,,,,,,,,,False,,,,,,,,,False,
ELEC,EMBASSY GRRMA GRRMA,737 Bond Ave NW,1st floor of the hotel parking garage,Grand Rapids,MI,49503,,888-758-4389,E,,Public,24 hours daily,,,,,,2.0,,,ChargePoint Network,https://www.chargepoint.com,GPS,42.976438,-85.671456,2026-08-09,145556,2026-08-09 01:35:48 UTC,,,,2019-09-27,,,,,J1772,US,,,,Public,,public,,,,,,,,,,,,,,,,,,,,False,,,,,,,,,False,
ELEC,PINE KNOB SKI STATION 02,7778 Sashabaw Rd,"Rear parking lot near first aid, lot 1c",Independence charter Township,MI,48348,,888-758-4389,E,,Public,24 hours daily,,,,,,2.0,,,ChargePoint Network,https://www.chargepoint.com,GPS,42.74563,-83.369104,2026-08-09,146962,2026-08-09 01:36:24 UTC,,,,2019-10-15,,,,,J1772,US,,,,Public,,public,,,,,,,,,,,,,,,,,,,,False,,,,,,,,,False,
ELEC,CITY OF ZEELAND NORTH PARKING,10 N Church St,North parking lot,Zeeland,MI,49464,,888-758-4389,E,,Public,24 hours daily,,,,,,1.0,,,ChargePoint Network,https://www.chargepoint.com,GPS,42.81309,-86.015268,2026-08-09,147117,2026-08-09 01:36:26 UTC,,,,2019-10-22,,,,,J1772,US,,,,Public,,public,,,,,,,,,,,,,,,,,,,,False,,,,,,,,,False,
ELEC,MEIJER STORES 064 SALINE RD 1,3145 Ann Arbor-Saline Rd,,Ann Arbor,MI,48108,,888-758-4389,E,,Public,24 hours daily,,,,,,,1.0,,ChargePoint Network,https://www.chargepoint.com,GPS,42.240517,-83.766005,2026-08-09,147501,2026-08-09 01:36:57 UTC,,,,2019-11-05,,,,,CHADEMO J1772COMBO,US,,,,Public,,public,,,,,,,,,,,,,,,,,,,,False,,,,,,,,,False,
ELEC,CITY OF ZEELAND SOUTH PARKING,150 E Cherry St,,Zeeland,MI,49464,,888-758-4389,E,,Public,24 hours daily,,,,,,1.0,,,ChargePoint Network,https://www.chargepoint.com,GPS,42.811506,-86.015011,2026-08-09,149132,2026-08-09 01:37:25 UTC,,,,2019-11-14,,,,,J1772,US,,,,Public,,public,,,,,,,,,,,,,,,,,,,,False,,,,,,,,,False,
ELEC,CITY OF ZEELAND RECREATION CTR,410 E Main Ave,Recreation Center,Zeeland,MI,49464,,888-758-4389,E,,Public,24 hours daily,,,,,,1.0,,,ChargePoint Network,https://www.chargepoint.com,GPS,42.812169,-86.009012,2026-08-09,149133,2026-08-09 01:37:20 UTC,,,,2019-11-14,,,,,J1772,US,,,,Public,,public,,,,,,,,,,,,,,,,,,,,False,,,,,,,,,False,
ELEC,776 STATION 1,31200 Schoenherr Rd,,Warren,MI,48088,,888-758-4389,E,,Public,24 hours daily,,,,,,2.0,,,ChargePoint Network,https://www.chargepoint.com,GPS,42.522916,-82.986259,2026-08-09,149211,2026-08-09 01:35:42 UTC,,,,2019-11-16,,,,,J1772,US,,,,Public,,public,,,,,,,,,,,,,,,,,,,,False,,,,,,,,,False,
ELEC,"Clare, MI - Tesla Supercharger",604 North McEwan,,Clare,MI,48617,,877-798-3752,E,,Public,24 hours daily. Open to Teslas only.,,,,,,,8.0,,Tesla,https://www.tesla.com/supercharger,200-9,43.820383,-84.766733,2026-06-18,149304,2026-06-18 14:46:21 UTC,P,,,2019-05-15,,,,,TESLA,US,,,,Public,,public,,,HOTEL,,,,,,,,,,,,,,,,,False,,,,,,,,,True,
ELEC,"Hudsonville, MI - Tesla Supercharger",4075 32nd Avenue,,Hudsonville,MI,49426,,877-798-3752,E,,Public,24 hours daily. Open to Teslas only.,,,,,,,10.0,,Tesla,https://www.tesla.com/supercharger,200-8,42.843676,-85.862535,2026-06-18,149315,2026-06-18 14:46:21 UTC,P,,,2019-08-16,,,,,TESLA,US,,,,Public,,public,,,SHOPPING_CENTER,,,,,,,,,,,,,,,,,False,,,,,,,,,True,
ELEC,JCDOT STATION 2,2400 N Elm Ave,,Jackson,MI,49201,,888-758-4389,E,,Public,24 hours daily,,,,,,2.0,,,ChargePoint Network,https://www.chargepoint.com,GPS,42.28177,-84.38586,2026-08-09,149514,2026-08-09 01:37:32 UTC,,,,2019-11-26,,,,,J1772,US,,,,Public,,public,,,,,,,,,,,,,,,,,,,,False,,,,,,,,,False,
ELEC,BEDROCK ASSEMBLYGRG 2-1,1701 W Lafayette Blvd,,Detroit,MI,48216,,888-758-4389,E,,Public,24 hours daily,,,,,,2.0,,,ChargePoint Network,https://www.chargepoint.com,GPS,42.323624,-83.065702,2026-08-09,149548,2026-08-09 01:37:19 UTC,,,,2019-11-27,,,,,J1772,US,,,,Public,,public,,,,,,,,,,,,,,,,,,,,False,,,,,,,,,False,
ELEC,BEDROCK ASSEMBLYGRG 3-1,1701 W Lafayette Blvd,,Detroit,MI,48216,,888-758-4389,E,,Public,24 hours daily,,,,,,2.0,,,ChargePoint Network,https://www.chargepoint.com,GPS,42.323676,-83.065727,2026-08-09,149549,2026-08-09 01:37:19 UTC,,,,2019-11-27,,,,,J1772,US,,,,Public,,public,,,,,,,,,,,,,,,,,,,,False,,,,,,,,,False,
ELEC,Stafford's Bay View Inn - Tesla Destination,2011 Woodland Ave  US 31,,Petoskey,MI,49770,,877-798-3752,E,,Public,,,,,,,2.0,,,Tesla Destination,https://www.tesla.com/destination-charging,200-9,45.386241,-84.927741,2024-07-01,150499,2025-02-12 00:16:32 UTC,P,,,2015-06-30,,,,,J1772 TESLA,US,,,,Public,,public,,,,,,,,,,,,,,,,,,,,,,,,,,,,,False,
ELEC,M1 Concourse - Tesla Destination,1 Concourse Dr,,Pontiac,MI,48341,,877-798-3752,E,,Public,,,,,,,4.0,,,Tesla Destination,https://www.tesla.com/destination-charging,GPS,42.621989,-83.284848,2024-07-01,150528,2025-02-12 00:16:32 UTC,P,,,2019-03-14,,,,,TESLA,US,,,,Public,,public,,,,,,,,,,,,,,,,,,,,,,,,,,,,,False,
ELEC,Up2Go International - Tesla Destination,120 W Main St #205,,Northville,MI,48167,,877-798-3752,E,,Public,,,,,,,4.0,,,Tesla Destination,https://www.tesla.com/destination-charging,200-9,42.431189,-83.484206,2024-07-01,150714,2025-02-12 00:16:32 UTC,P,,,2017-12-04,,,,,J1772 TESLA,US,,,,Public,,public,,,,,,,,,,,,,,,,,,,,,,,,,,,,,False,
ELEC,BEDROCK QL DATA CTR S-1,1401 Rosa Parks Blvd,,Detroit,MI,48216,,888-758-4389,E,,Public,24 hours daily,,,,,,2.0,,,ChargePoint Network,https://www.chargepoint.com,GPS,42.326576,-83.06964,2026-08-09,150829,2026-08-09 01:38:03 UTC,,,,2019-12-28,,,,,J1772,US,,,,Public,,public,,,,,,,,,,,,,,,,,,,,False,,,,,,,,,False,
ELEC,HOMEWORKS BLANCHARD 1,3681 Costabella Ave,,Blanchard,MI,49310,,888-758-4389,E,,Public,24 hours daily,,,,,,2.0,,,ChargePoint Network,https://www.chargepoint.com,GPS,43.519543,-85.08598,2026-08-09,152389,2026-08-09 01:38:36 UTC,,,,2020-01-11,,,,,J1772,US,,,,Public,,public,,,,,,,,,,,,,,,,,,,,False,,,,,,,,,False,
ELEC,FOX HONDA GR FOX HONDA #1,3050 Broadmoor Ave SE,Customer Parking,Kentwood,MI,49512,,888-758-4389,E,,Public,24 hours daily,,,,,,2.0,,,ChargePoint Network,https://www.chargepoint.com,GPS,42.908722,-85.582141,2026-08-09,153559,2026-08-09 01:40:10 UTC,,,,2020-02-08,,,,,J1772,US,,,,Public,,public,,,,,,,,,,,,,,,,,,,,False,,,,,,,,,False,
ELEC,BEDROCK QL DATA CTR S-2,1401 Rosa Parks Blvd,,Detroit,MI,48216,,888-758-4389,E,,Public,24 hours daily,,,,,,2.0,,,ChargePoint Network,https://www.chargepoint.com,GPS,42.326,-83.069305,2026-08-09,153654,2026-08-09 01:38:03 UTC,,,,2020-02-12,,,,,J1772,US,,,,Public,,public,,,,,,,,,,,,,,,,,,,,False,,,,,,,,,False,
ELEC,"Swartz Creek, MI - Tesla Supercharger",4141 Morrish Road,,Swartz Creek,MI,48473,,877-798-3752,E,,Public,24 hours daily. Open to Teslas only.,,,,,,,10.0,,Tesla,https://www.tesla.com/supercharger,200-9,42.96744,-83.828782,2026-06-18,153821,2026-06-18 14:46:21 UTC,P,,,2020-02-06,,,,,TESLA,US,,,,Public,,public,,,SHOPPING_CENTER,,,,,,,,,,,,,,,,,False,,,,,,,,,True,
ELEC,Home2 Suites by Hilton - Taylor,14300 Pardee Rd,,Taylor,MI,48180,,734-486-7200,E,,Public,24 hours daily,,,,,,4.0,,,Non-Networked,,200-8,42.201597,-83.258417,2026-06-12,153916,2026-06-12 17:15:57 UTC,P,,,2019-11-19,,,,,J1772,US,,,,Public,,public,,,HOSPITAL,,,,,,,Free for guest use,,,,,,,,,,False,,,,,,,,LD,False,
ELEC,CITYOF MUSKEGON WESTERN AVENUE,565a W Western Ave,In front of visitor bureau,Muskegon,MI,49440,,888-758-4389,E,,Public,24 hours daily,,,,,,2.0,,,ChargePoint Network,https://www.chargepoint.com,GPS,43.232926,-86.257351,2026-08-09,154035,2026-08-09 01:40:55 UTC,,,,2020-02-27,,,,,J1772,US,,,,Public,,public,,,,,,,,,,,,,,,,,,,,False,,,,,,,,,False,
ELEC,CITYOF MUSKEGON 1ST STREET,295 W Muskegon Ave,Across road from family financial credit union,Muskegon,MI,49440,,888-758-4389,E,,Public,24 hours daily,,,,,,2.0,,,ChargePoint Network,https://www.chargepoint.com,GPS,43.236692,-86.250391,2026-08-09,154037,2026-08-09 01:40:42 UTC,,,,2020-02-27,,,,,J1772,US,,,,Public,,public,,,,,,,,,,,,,,,,,,,,False,,,,,,,,,False,
ELEC,CITYOF MUSKEGON PM PARK,3510 Channel Dr,Between restaurant and bathroom,Muskegon,MI,49441,,888-758-4389,E,,Public,24 hours daily,,,,,,2.0,,,ChargePoint Network,https://www.chargepoint.com,GPS,43.224132,-86.336147,2026-08-09,154038,2026-08-09 01:40:36 UTC,,,,2020-02-27,,,,,J1772,US,,,,Public,,public,,,,,,,,,,,,,,,,,,,,False,,,,,,,,,False,
ELEC,MILFORD VILLAGE STATION 3,124 E Commerce St,,Milford Charter Township,MI,48381,,888-758-4389,E,,Public,24 hours daily,,,,,,2.0,,,ChargePoint Network,https://www.chargepoint.com,GPS,42.59149,-83.599518,2026-08-09,154039,2026-08-09 01:39:45 UTC,,,,2020-02-27,,,,,J1772,US,,,,Public,,public,,,,,,,,,,,,,,,,,,,,False,,,,,,,,,False,
ELEC,BLAINS CHARGER BLAINS LEVEL 2,210 US-31,Near main entrance,Traverse City,MI,49685,,888-758-4389,E,,Public,24 hours daily,,,,,,2.0,,,ChargePoint Network,https://www.chargepoint.com,GPS,44.684877,-85.657271,2026-08-09,156811,2026-08-09 01:43:26 UTC,,,,2020-05-27,,,,,J1772,US,,,,Public,,public,,,,,,,,,,,,,,,,,,,,False,,,,,,,,,False,
ELEC,"Mackinaw City, MI - Tesla Supercharger",801 South Huron Avenue,,Mackinaw City,MI,49701,,877-798-3752,E,,Public,24 hours daily. Open to all vehicles.,,,,,,,8.0,,Tesla,https://www.tesla.com/supercharger,GPS,45.772224,-84.726317,2026-06-18,163347,2026-06-18 14:46:21 UTC,P,,,2020-06-10,,,,,J1772COMBO TESLA,US,,,,Public,,public,,,MUNI_GOV,,,,,,,,,,,,,,,,,False,,,,,,,,,True,
ELEC,GVSU CAMPUS LOT F REC N,10909 N Campus Dr,North Campus - Rec Center N,Allendale Charter Township,MI,49401,,888-758-4389,E,,Public,24 hours daily,,,,,,2.0,,,ChargePoint Network,https://www.chargepoint.com,GPS,42.966225,-85.891365,2026-08-09,163457,2026-08-09 01:43:14 UTC,,,,2020-06-18,,,,,J1772,US,,,,Public,,public,,,,,,,,,,,,,,,,,,,,False,,,,,,,,,False,
ELEC,GVSU CAMPUS LOT N,10523 Calder Dr,South Campus,Allendale Charter Township,MI,49401,,888-758-4389,E,,Public,24 hours daily,,,,,,2.0,,,ChargePoint Network,https://www.chargepoint.com,GPS,42.960464,-85.88428,2026-08-09,163458,2026-08-09 01:43:13 UTC,,,,2020-06-18,,,,,J1772,US,,,,Public,,public,,,,,,,,,,,,,,,,,,,,False,,,,,,,,,False,
ELEC,Williams Chevrolet,2600 US 31 S,,Traverse City,MI,49684,,231-668-4156,E,,Public,Dealership business hours,,,,,,1.0,1.0,,Non-Networked,,GPS,44.726283,-85.644796,2025-07-03,163862,2026-02-02 23:16:24 UTC,P,,,2020-06-26,,,,,J1772 J1772COMBO,US,,,,Public,,public,,,CAR_DEALER,,,,,,,Free,,,,,,,,,,False,,,,,,,,LD,False,
ELEC,PITTSFIELD TWP WEST,6201 US-12,This Charger cover parking space #1 & #2,Saline,MI,48176,,888-758-4389,E,,Public,24 hours daily,,,,,,2.0,,,ChargePoint Network,https://www.chargepoint.com,GPS,42.197611,-83.700732,2026-08-09,164113,2026-08-09 01:44:05 UTC,,,,2020-07-10,,,,,J1772,US,,,,Public,,public,,,,,,,,,,,,,,,,,,,,False,,,,,,,,,False,
ELEC,ADA VILLAGE RIVER STREET,496 Ada Dr SE,,Ada,MI,49301,,888-758-4389,E,,Public,24 hours daily,,,,,,2.0,,,ChargePoint Network,https://www.chargepoint.com,GPS,42.954943,-85.483548,2026-08-09,164148,2026-08-09 01:44:03 UTC,,,,2020-07-11,,,,,J1772,US,,,,Public,,public,,,,,,,,,,,,,,,,,,,,False,,,,,,,,,False,
ELEC,JH FAMILY STORE J&H MOBIL#152 B,2560 E Division St,Southeast corner of parking lot,Cadillac,MI,49601,,888-758-4389,E,,Public,24 hours daily,,,,,,,1.0,,ChargePoint Network,https://www.chargepoint.com,GPS,44.251542,-85.36447,2026-08-09,164242,2026-08-09 01:41:36 UTC,,,,2020-07-15,,,,,CHADEMO J1772COMBO,US,,,,Public,,public,,,,,,,,,,,,,,,,,,,,False,,,,,,,,,False,
ELEC,JOHNNY'S MARKET MARSHALL DC2,15423 Old US 27 North,,Marshall,MI,49068,,888-758-4389,E,,Public,24 hours daily,,,,,,,1.0,,ChargePoint Network,https://www.chargepoint.com,GPS,42.296288,-84.966052,2026-08-09,164801,2026-08-09 01:45:20 UTC,,,,2020-08-01,,,,,CHADEMO J1772COMBO,US,,,,Public,,public,,,,,,,,,,,,,,,,,,,,False,,,,,,,,,False,
ELEC,VILLAGE OF NB EV CHARGING,4055 Huron St,,North Branch,MI,48461,,888-758-4389,E,,Public,24 hours daily,,,,,,2.0,,,ChargePoint Network,https://www.chargepoint.com,GPS,43.22958,-83.194361,2026-08-09,164802,2026-08-09 01:43:54 UTC,,,,2020-08-01,,,,,J1772,US,,,,Public,,public,,,,,,,,,,,,,,,,,,,,False,,,,,,,,,False,
ELEC,JOHNNY'S MARKET BIG RAPIDS DC1,21445 Perry Ave,,Big Rapids,MI,49307,,888-758-4389,E,,Public,24 hours daily,,,,,,,1.0,,ChargePoint Network,https://www.chargepoint.com,GPS,43.687813,-85.511954,2026-08-09,164803,2026-08-09 01:40:59 UTC,,,,2020-08-01,,,,,CHADEMO J1772COMBO,US,,,,Public,,public,,,,,,,,,,,,,,,,,,,,False,,,,,,,,,False,
ELEC,CITYOFMARSHALL FARMER'S MKT #3,115 W Green St,Near entrance of parking lot,Marshall,MI,49068,,888-758-4389,E,,Public,24 hours daily,,,,,,2.0,,,ChargePoint Network,https://www.chargepoint.com,GPS,42.27093,-84.959485,2026-08-09,165492,2026-08-09 01:45:44 UTC,,,,2020-08-26,,,,,J1772,US,,,,Public,,public,,,,,,,,,,,,,,,,,,,,False,,,,,,,,,False,
ELEC,CITYOFMARSHALL GRAND STREET #2,231 Michigan Ave,Near entrance of parking lot,Marshall,MI,49068,,888-758-4389,E,,Public,24 hours daily,,,,,,2.0,,,ChargePoint Network,https://www.chargepoint.com,GPS,42.271841,-84.962585,2026-08-09,165493,2026-08-09 01:45:42 UTC,,,,2020-08-26,,,,,J1772,US,,,,Public,,public,,,,,,,,,,,,,,,,,,,,False,,,,,,,,,False,
ELEC,CITYOFMARSHALL GRAND STREET #3,227 W Michigan Ave,Near entrance of parking lot,Marshall,MI,49068,,888-758-4389,E,,Public,24 hours daily,,,,,,2.0,,,ChargePoint Network,https://www.chargepoint.com,GPS,42.27189,-84.962582,2026-08-09,165494,2026-08-09 01:45:42 UTC,,,,2020-08-26,,,,,J1772,US,,,,Public,,public,,,,,,,,,,,,,,,,,,,,False,,,,,,,,,False,
ELEC,OZINGA NEW BUFFALO MI,825 S Whittaker St,This station is located on the north side of the concrete enclosure at the entrance to the plant.,New Buffalo,MI,49117,,888-758-4389,E,,Public,24 hours daily,,,,,,,1.0,,ChargePoint Network,https://www.chargepoint.com,GPS,41.785183,-86.73617,2026-08-09,165782,2026-08-09 01:46:15 UTC,,,,2020-08-29,,,,,CHADEMO J1772COMBO,US,,,,Public,,public,,,,,,,,,,,,,,,,,,,,False,,,,,,,,,False,
ELEC,Hardy Parking Garage,303 E State St,,Traverse City,MI,49684,,231-922-0241,E,,Public,"7am-12am M-Sat, 7am-6pm Sun; parking fee",,,,,,7.0,,,Non-Networked,,200-9,44.763367,-85.617353,2025-06-06,165805,2026-02-02 23:16:24 UTC,P,,,2017-03-20,,,,,J1772,US,,,,Public,,public,,,PAY_GARAGE,,,,,,,Free,,,,,,,,,,False,,,,,,,,LD,False,
ELEC,Blue Care Network of Michigan,20500 Civic Center Dr,,Southfield,MI,48076,,,E,,Private,24 hours daily,A D M V,,,,,4.0,,,EV Connect,https://www.evconnect.com,200-9,42.480942,-83.247437,2020-10-09,166302,2021-03-11 23:22:17 UTC,LG,,,2020-01-09,,,,,J1772,US,,,,Privé,,private,,,OFFICE_BLDG,,,,,,,,,,,,,,,,,,,,,,,,,,False,
ELEC,HASTINGS MI HASTINGS #1,205 N Michigan Ave,Fire Dept Lot,Hastings,MI,49058,,888-758-4389,E,,Public,24 hours daily,,,,,,2.0,,,ChargePoint Network,https://www.chargepoint.com,GPS,42.650067,-85.28629,2026-08-09,166851,2026-08-09 01:44:20 UTC,,,,2020-09-15,,,,,J1772,US,,,,Public,,public,,,,,,,,,,,,,,,,,,,,False,,,,,,,,,False,
ELEC,BAVARIAN INN BICB UNIT 2-1&2,775 S Main St,Located on North side of the Leather Shop,Frankenmuth,MI,48734,,888-758-4389,E,,Public,24 hours daily,,,,,,2.0,,,ChargePoint Network,https://www.chargepoint.com,GPS,43.325757,-83.740179,2026-08-09,166881,2026-08-09 01:46:51 UTC,,,,2020-09-16,,,,,J1772,US,,,,Public,,public,,,,,,,,,,,,,,,,,,,,False,,,,,,,,,False,
ELEC,Atchinson Ford,9800 Belleville Rd,,Belleville,MI,48111,,,E,,Public - Call ahead,After business hours,,,,,,2.0,,,Non-Networked,,200-9,42.23113,-83.485851,2023-06-12,166964,2026-06-25 14:34:04 UTC,P,,,2020-09-21,,,,,J1772,US,,,,Public - Appeler à l'avance,,public,CALL,,CAR_DEALER,,,,,,,Free,,,,,,,,,,True,,,,,,,,LD,False,
ELEC,BLARNEY CASTLE EZ MART CLARE 1,10400 S Clare Ave,,Clare,MI,48617,,888-758-4389,E,,Public,24 hours daily,,,,,,,1.0,,ChargePoint Network,https://www.chargepoint.com,GPS,43.837691,-84.769426,2026-08-09,167043,2026-08-09 01:47:08 UTC,,,,2020-09-24,,,,,CHADEMO J1772COMBO,US,,,,Public,,public,,,,,,,,,,,,,,,,,,,,False,,,,,,,,,False,
ELEC,COYNE ENERGY MP OFFICE,914 W Pickard Rd,Parking spot in front of the building,Mount Pleasant,MI,48858,,888-758-4389,E,,Public,24 hours daily,,,,,,2.0,,,ChargePoint Network,https://www.chargepoint.com,GPS,43.613466,-84.787322,2026-08-09,167138,2026-08-09 01:47:33 UTC,,,,2020-09-26,,,,,J1772,US,,,,Public,,public,,,,,,,,,,,,,,,,,,,,False,,,,,,,,,False,
ELEC,ARCTURUS STATION 2,3150 Livernois Rd,ARCTURUS BUILDING,Troy,MI,48083,,888-758-4389,E,,Public,24 hours daily,,,,,,,1.0,,ChargePoint Network,https://www.chargepoint.com,GPS,42.563116,-83.146881,2026-08-09,167139,2026-08-09 01:47:13 UTC,,,,2020-09-26,,,,,CHADEMO J1772COMBO,US,,,,Public,,public,,,,,,,,,,,,,,,,,,,,False,,,,,,,,,False,
ELEC,Lebanese Grill Troy,1600 Rochester Rd,,Troy,MI,48083,,313-262-6722,E,,Public,,,,,,,4.0,,,RED_E,https://www.redecharge.com,200-9,42.549093130002,-83.13169630282,2026-08-09,167153,2026-08-09 05:12:47 UTC,,,,2020-09-27,,,,,J1772,US,,,,Public,,public,,,PUBLIC,,,,,,,,,,,,,,,,,False,,,,,,,,,False,
ELEC,COYNE ENERGY CLARE OFFICE,513 W 5th St,,Clare,MI,48617,,888-758-4389,E,,Public,24 hours daily,,,,,,2.0,,,ChargePoint Network,https://www.chargepoint.com,GPS,43.82074,-84.778291,2026-08-09,167590,2026-08-09 01:48:13 UTC,,,,2020-10-17,,,,,J1772,US,,,,Public,,public,,,,,,,,,,,,,,,,,,,,False,,,,,,,,,False,
ELEC,COYNE ENERGY CADILLAC OFFICE,4968 M-115,,Cadillac,MI,49601,,888-758-4389,E,,Public,24 hours daily,,,,,,2.0,,,ChargePoint Network,https://www.chargepoint.com,GPS,44.279563,-85.479595,2026-08-09,167615,2026-08-09 01:48:16 UTC,,,,2020-10-20,,,,,J1772,US,,,,Public,,public,,,,,,,,,,,,,,,,,,,,False,,,,,,,,,False,
ELEC,COYNE ENERGY EVART OFFICE,10089 US-10,,Evart,MI,49631,,888-758-4389,E,,Public,24 hours daily,,,,,,2.0,,,ChargePoint Network,https://www.chargepoint.com,GPS,43.900179,-85.290214,2026-08-09,167674,2026-08-09 01:48:24 UTC,,,,2020-10-22,,,,,J1772,US,,,,Public,,public,,,,,,,,,,,,,,,,,,,,False,,,,,,,,,False,
ELEC,COYNE ENERGY INTERLOCHEN,18111 Honor Hwy,,Interlochen,MI,49643,,888-758-4389,E,,Public,24 hours daily,,,,,,2.0,,,ChargePoint Network,https://www.chargepoint.com,GPS,44.659267,-85.876453,2026-08-09,167751,2026-08-09 01:48:27 UTC,,,,2020-10-24,,,,,J1772,US,,,,Public,,public,,,,,,,,,,,,,,,,,,,,False,,,,,,,,,False,
ELEC,COYNE ENERGY BRECK OFFICE,8039 N Ransom Rd,,Wheeler,MI,48662,,888-758-4389,E,,Public,24 hours daily,,,,,,2.0,,,ChargePoint Network,https://www.chargepoint.com,GPS,43.408143,-84.449514,2026-08-09,167881,2026-08-09 01:48:31 UTC,,,,2020-10-28,,,,,J1772,US,,,,Public,,public,,,,,,,,,,,,,,,,,,,,False,,,,,,,,,False,
ELEC,Comfort Suites Grandville - Grand Rapids SW,4520 Kenowa Ave SW,,Grandville,MI,49418,,616-667-0733,E,,Public,24 hours daily; for guest use only; see front desk for access,,,,,,4.0,,,Non-Networked,,GPS,42.88316,-85.781607,2026-07-15,168045,2026-07-15 18:47:09 UTC,P,,,2020-10-26,,,,,J1772,US,,,,Public,,public,,,HOTEL,,,,,,,Free,,,,,,,,,,True,,,,,,,,LD,False,
ELEC,Best Western Plus - Grand Castle Inn & Suites Grand Rapids West,3825 28th St SW,,Grandville,MI,49418,,616-531-5263,E,,Public,24 hours daily; for guest use only; see front desk for access,,,,,,2.0,,,Non-Networked,,GPS,42.913954,-85.759385,2026-07-15,168046,2026-07-15 18:47:09 UTC,P,,,2020-10-26,,,,,J1772,US,,,,Public,,public,,,HOTEL,,,,,,,,,,,,,,,,,True,,,,,,,,LD,False,
ELEC,Buist Electric,2 84th St SW,"On building with a ""B"" on it.",Byron Center,MI,49315,,616-878-3315,E,,Private,For employee use only,,,,,,2.0,,,Non-Networked,,GPS,42.81068,-85.66542,2026-07-15,168049,2026-07-15 18:47:09 UTC,P,,,2020-10-26,,,,,J1772,US,,,,Privé,,private,,,SHOPPING_CENTER,,,,,,,Free,,,,,,,,,,,,,,,,,,LD,True,
ELEC,Berger Chevrolet,2525 28th St SE,,Grand Rapids,MI,49512,,616-949-5200,E,,Public,Dealership business hours,,,,,,,1.0,,Non-Networked,,GPS,42.913281,-85.605649,2026-07-15,168050,2026-07-15 18:47:09 UTC,P,,,2020-10-26,,,,,J1772COMBO,US,,,,Public,,public,,,CAR_DEALER,,,,,,,Free,,,,,,,,,,True,,,,,,,,LD,False,
ELEC,The Ypsilanti Performance Space,218 N Adams St,,Ypsilanti,MI,48197,,734-252-9774,E,,Public,24 hours daily,,,,,,8.0,,,Non-Networked,,GPS,42.244439,-83.615633,2026-07-15,168052,2026-07-15 18:47:09 UTC,P,,,2020-10-26,,,,,J1772 TESLA,US,,,,Public,,public,,,OTHER_ENTERTAINMENT,,,,,,,$0.30/kW,,,,,,,,,SOLAR,False,,,,,,,,LD,False,
ELEC,MEIJER STORES 50 CASCADE 2,5531 28th St SE,,Grand Rapids,MI,49512,,888-758-4389,E,,Public,24 hours daily,,,,,,,1.0,,ChargePoint Network,https://www.chargepoint.com,GPS,42.915183,-85.53367,2026-08-09,168142,2026-08-09 01:48:41 UTC,,,,2020-11-05,,,,,CHADEMO J1772COMBO,US,,,,Public,,public,,,,,,,,,,,,,,,,,,,,False,,,,,,,,,False,
ELEC,NORTHLAND FOODS STATION 1,2101 US 131,Northland Foods Parking Lot,Kalkaska,MI,49646,,888-758-4389,E,,Public,24 hours daily,,,,,,,1.0,,ChargePoint Network,https://www.chargepoint.com,GPS,44.743193,-85.175742,2026-08-09,168235,2026-08-09 01:46:17 UTC,,,,2020-11-10,,,,,CHADEMO J1772COMBO,US,,,,Public,,public,,,,,,,,,,,,,,,,,,,,False,,,,,,,,,False,
ELEC,COYNE ENERGY PICKARD CITGO N,910 W Pickard St,Tesla Adapter available in store. -Charger located on the island on the southeast side of the building close to the road.,Mount Pleasant,MI,48858,,888-758-4389,E,,Public,24 hours daily,,,,,,,1.0,,ChargePoint Network,https://www.chargepoint.com,GPS,43.612002,-84.786483,2026-08-09,168328,2026-08-09 01:49:12 UTC,,,,2020-11-12,,,,,CHADEMO J1772COMBO,US,,,,Public,,public,,,,,,,,,,,,,,,,,,,,False,,,,,,,,,False,
ELEC,Car & Driver - Tesla Destination,1585 Eisenhower Place,,Ann Arbor,MI,48108,,877-798-3752,E,,Private,,,,,,,2.0,,,Tesla Destination,https://www.tesla.com/destination-charging,200-8,42.238571,-83.730255,2024-07-01,168663,2025-02-12 00:16:32 UTC,P,,,2020-11-03,,,,,TESLA,US,,,,Privé,,private,,,,,,,,,,,,,,,,,,,,,,,,,,,,,False,
ELEC,Hampton Inn West Bloomfield/ Southfield - Tesla Destination,33096 Northwestern Hwy,,West Bloomfield Township,MI,48322,,877-798-3752,E,,Public,,,,,,,2.0,,,Tesla Destination,https://www.tesla.com/destination-charging,200-9,42.529822,-83.358873,2024-07-01,168827,2025-02-12 00:16:32 UTC,P,,,2019-06-17,,,,,TESLA,US,,,,Public,,public,,,,,,,,,,,,,,,,,,,,,,,,,,,,,False,
ELEC,Retina Sepcialists of Michigan - Tesla Destination,5030 Cascade Road SE,,Grand Rapids,MI,49546,,877-798-3752,E,,Private,,,,,,,1.0,,,Tesla Destination,https://www.tesla.com/destination-charging,200-9,27.950477,-85.544333,2024-07-01,169071,2025-05-06 21:10:23 UTC,P,,,2020-11-03,,,,,J1772 TESLA,US,,,,Privé,,private,,,,,,,,,,,,,,,,,,,,,,,,,,,,,False,
ELEC,SpringHill Suites Benton Harbor St. Joseph - Tesla Destination,1255 Cinema Wy,,Benton Harbor,MI,49022,,877-798-3752,E,,Public,,,,,,,2.0,,,Tesla Destination,https://www.tesla.com/destination-charging,200-9,42.073471,-86.428825,2024-07-01,169123,2025-02-12 00:16:32 UTC,P,,,2019-06-17,,,,,TESLA,US,,,,Public,,public,,,,,,,,,,,,,,,,,,,,,,,,,,,,,False,
ELEC,THEJERKYOUTLET JERKY 1,825 E Beaver Rd,,Kawkawlin,MI,48631,,888-758-4389,E,,Public,24 hours daily,,,,,,,1.0,,ChargePoint Network,https://www.chargepoint.com,GPS,43.667653,-84.015301,2026-08-09,169287,2026-08-09 01:49:02 UTC,,,,2020-11-18,,,,,CHADEMO J1772COMBO,US,,,,Public,,public,,,,,,,,,,,,,,,,,,,,False,,,,,,,,,False,
ELEC,ARCH DENTAL STA STATION 1,451 W Lincoln Ave,parking lot,Madison Heights,MI,48071,,888-758-4389,E,,Public,24 hours daily,,,,,,2.0,,,ChargePoint Network,https://www.chargepoint.com,GPS,42.483126,-83.109511,2026-08-09,169957,2026-08-09 01:50:00 UTC,,,,2020-12-07,,,,,J1772,US,,,,Public,,public,,,,,,,,,,,,,,,,,,,,False,,,,,,,,,False,
ELEC,ADRIAN STATION 1,127 S Main St,enter off E Church St,Adrian,MI,49221,,888-758-4389,E,,Public,24 hours daily,,,,,,2.0,,,ChargePoint Network,https://www.chargepoint.com,GPS,41.89786,-84.036359,2026-08-09,170065,2026-08-09 01:49:16 UTC,,,,2020-12-11,,,,,J1772,US,,,,Public,,public,,,,,,,,,,,,,,,,,,,,False,,,,,,,,,False,
ELEC,AVA LIBRARY AVA LIBRARY-WES,7215 Headley St SE,No overnight parking permitted,Ada,MI,49301,,888-758-4389,E,,Public,24 hours daily,,,,,,2.0,,,ChargePoint Network,https://www.chargepoint.com,GPS,42.956478,-85.487375,2026-08-09,170193,2026-08-09 01:50:21 UTC,,,,2020-12-16,,,,,J1772,US,,,,Public,,public,,,,,,,,,,,,,,,,,,,,False,,,,,,,,,False,
ELEC,City of Wixom Vehicle Charging Station,49320 Wainstock Street,,Wixom,MI,48393,,888-998-2546,E,,Public,24 hours daily,,,,,,2.0,,,Blink Network,https://blinkcharging.com,GPS,42.524042259457,-83.537691997692,2026-08-10,170234,2026-08-10 01:00:43 UTC,,,,2019-07-11,,,,,J1772,US,,,,Public,,public,,,,,,,,,,$1.00/Hr Parking Fee,,,,,,,,,,False,,,,,,,,,False,
ELEC,"Meijer Roseville (Roseville, MI)",30800 Little Mack Ave,,Roseville,MI,48066,,833-632-2778,E,,Public,24 hours daily,,,,,,,4.0,,Electrify America,https://www.electrifyamerica.com,GPS,42.5222,-82.90668,2026-08-09,170328,2026-08-09 03:38:59 UTC,,,,2020-12-18,,,,,CHADEMO J1772COMBO,US,,,,Public,,public,,,,,,,,,,,,,,,,,,,,False,,,,,,,,,False,
ELEC,MAPLE HILL MHAG MAPLE HILL #2,5625 W Main St,In front of Subaru Showroom,Kalamazoo,MI,49009,,888-758-4389,E,,Public,24 hours daily,,,,,,,1.0,,ChargePoint Network,https://www.chargepoint.com,GPS,42.296293,-85.65859,2026-08-09,170467,2026-08-09 01:50:43 UTC,,,,2020-12-23,,,,,CHADEMO J1772COMBO,US,,,,Public,,public,,,,,,,,,,,,,,,,,,,,False,,,,,,,,,False,
ELEC,PS FOOD MARTS PERRY #1,720 N Main St,Near entrance off Main St.,Perry,MI,48872,,888-758-4389,E,,Public,24 hours daily,,,,,,,1.0,,ChargePoint Network,https://www.chargepoint.com,GPS,42.835244,-84.21912,2026-08-09,170468,2026-08-09 01:50:36 UTC,,,,2020-12-23,,,,,CHADEMO J1772COMBO,US,,,,Public,,public,,,,,,,,,,,,,,,,,,,,False,,,,,,,,,False,
ELEC,JH FAMILY STORE J&H DC1,4380 Kenowa Ave SW,,Grandville,MI,49418,,888-758-4389,E,,Public,24 hours daily,,,,,,,1.0,,ChargePoint Network,https://www.chargepoint.com,GPS,42.885826,-85.782112,2026-08-09,170501,2026-08-09 01:44:22 UTC,,,,2020-12-24,,,,,CHADEMO J1772COMBO,US,,,,Public,,public,,,,,,,,,,,,,,,,,,,,False,,,,,,,,,False,
ELEC,Ukai Hibachi Grill & Sushi Bar,754 Delta Commerce Dr,,Lansing,MI,48917,,517-853-8888,E,,Public,24 hours daily; staff have priority,,,,,,1.0,,,Non-Networked,,GPS,42.742533,-84.655487,2025-06-06,170711,2026-02-02 23:16:24 UTC,P,,,2020-12-28,,,,,TESLA,US,,,,Public,,public,,,RESTAURANT,,,,,,,Free,,,,,,,,,,True,,,,,,,,LD,True,
ELEC,Streamline Healthcare Solution,500 E Butler Ct,,Kalamazoo,MI,49007,,877-467-4741,E,,Public,24 hours daily,,,,,,1.0,,,Non-Networked,,GPS,42.297242,-85.576132,2023-06-12,170713,2025-07-10 16:51:34 UTC,P,,,2020-12-28,,,,,J1772,US,,,,Public,,public,,,OFFICE_BLDG,,,,,,,Free,,,,,,,,,,False,,,,,,,,LD,False,
ELEC,Village of Mattawan,24122 Front St,,Mattawan,MI,49071,,269-668-2128,E,,Public,24 hours daily,,,,,,1.0,,,Non-Networked,,GPS,42.209238,-85.786563,2025-07-03,170725,2026-02-02 23:16:24 UTC,LG,,,2020-12-28,,,,,J1772,US,,,,Public,,public,,,PARKING_LOT,,,,,,,Free,,,,,,,,,,False,,,,,,,,LD,False,
ELEC,PS FOOD MARTS DUNDEE #2,655 Tecumseh St,,Dundee,MI,48131,,888-758-4389,E,,Public,24 hours daily,,,,,,,1.0,,ChargePoint Network,https://www.chargepoint.com,GPS,41.959263,-83.675417,2026-08-09,170754,2026-08-09 01:50:59 UTC,,,,2021-01-05,,,,,CHADEMO J1772COMBO,US,,,,Public,,public,,,,,,,,,,,,,,,,,,,,False,,,,,,,,,False,
ELEC,CHERRYLAND_COOP CHERRYLAND EV1,5930 US-31,Main parking lot,Grawn,MI,49637,,888-758-4389,E,,Public,Mon: 6:00am-8:00pm; Tue: 6:00am-8:00pm; Wed: 6:00am-8:00pm; Thu: 6:00am-8:00pm; Fri: 6:00am-8:00pm; Sat: 6:00am-8:00pm; Sun: 6:00am-8:00pm,,,,,,2.0,,,ChargePoint Network,https://www.chargepoint.com,GPS,44.665091,-85.694903,2026-08-09,170981,2026-08-09 01:50:33 UTC,,,,2021-01-07,,,,,J1772,US,,,,Public,,public,,,,,,,,,,,,,,,,,,,,False,,,,,,,,,False,
ELEC,WALLED LAKE WIXOM EL,301 N Wixom Rd,,Wixom,MI,48393,,888-758-4389,E,,Public,24 hours daily,,,,,,2.0,,,ChargePoint Network,https://www.chargepoint.com,GPS,42.527707,-83.53642,2026-08-09,170982,2026-08-09 01:48:01 UTC,,,,2021-01-07,,,,,J1772,US,,,,Public,,public,,,,,,,,,,,,,,,,,,,,False,,,,,,,,,False,
ELEC,WALLED LAKE COMMERCE,520 Farr St,,Commerce Charter Township,MI,48382,,888-758-4389,E,,Public,24 hours daily,,,,,,2.0,,,ChargePoint Network,https://www.chargepoint.com,GPS,42.594258,-83.487527,2026-08-09,170983,2026-08-09 01:48:00 UTC,,,,2021-01-07,,,,,J1772,US,,,,Public,,public,,,,,,,,,,,,,,,,,,,,False,,,,,,,,,False,
ELEC,WALLED LAKE GLENGARY,3070 Woodbury,SE corner of parking lot,Commerce Charter Township,MI,48390,,888-758-4389,E,,Public,24 hours daily,,,,,,2.0,,,ChargePoint Network,https://www.chargepoint.com,GPS,42.565621,-83.50115,2026-08-09,170985,2026-08-09 01:46:33 UTC,,,,2021-01-07,,,,,J1772,US,,,,Public,,public,,,,,,,,,,,,,,,,,,,,False,,,,,,,,,False,
ELEC,NORWAY MI DC FAST EV 1,615 Main St,,Norway,MI,49870,,888-758-4389,E,,Public,24 hours daily,,,,,,,1.0,,ChargePoint Network,https://www.chargepoint.com,GPS,45.786255,-87.907667,2026-08-09,171195,2026-08-09 01:51:03 UTC,,,,2021-01-08,,,,,CHADEMO J1772COMBO,US,,,,Public,,public,,,,,,,,,,,,,,,,,,,,False,,,,,,,,,False,
ELEC,JOHNNY'S MARKET JOHNNYS 2,104 Winston Dr,Parking Lot,Marshall,MI,49068,,888-758-4389,E,,Public,24 hours daily,,,,,,,1.0,,ChargePoint Network,https://www.chargepoint.com,GPS,42.270458,-84.986668,2026-08-09,171260,2026-08-09 01:51:30 UTC,,,,2021-01-13,,,,,CHADEMO J1772COMBO,US,,,,Public,,public,,,,,,,,,,,,,,,,,,,,False,,,,,,,,,False,
ELEC,MAIN CAMPUS CENT WEST 2,Innovation Dr,-Located at Centennial West drive,Zeeland,MI,49464,,888-758-4389,E,,Public,24 hours daily,,,,,,2.0,,,ChargePoint Network,https://www.chargepoint.com,GPS,42.823688,-86.014438,2026-08-09,171304,2026-08-09 01:14:15 UTC,,,,2021-01-15,,,,,J1772,US,,,,Public,,public,,,,,,,,,,,,,,,,,,,,False,,,,,,,,,False,
ELEC,VIKING GROCERY VIKING 1,1325 Ensley St,,Howard City,MI,49329,,888-758-4389,E,,Public,24 hours daily,,,,,,,1.0,,ChargePoint Network,https://www.chargepoint.com,GPS,43.380999,-85.474106,2026-08-09,171386,2026-08-09 01:51:48 UTC,,,,2021-01-20,,,,,CHADEMO J1772COMBO,US,,,,Public,,public,,,,,,,,,,,,,,,,,,,,False,,,,,,,,,False,
ELEC,"Meijer Bay City (Bay City, MI)",2980 Wilder Rd,,Bay City,MI,48706,,833-632-2778,E,,Public,24 hours daily,,,,,,,4.0,,Electrify America,https://www.electrifyamerica.com,GPS,43.62244,-83.93223,2026-08-09,171393,2026-08-09 03:36:47 UTC,,,,2021-01-20,,,,,J1772COMBO,US,,,,Public,,public,,,,,,,,,,,,,,,,,,,,False,,,,,,,,,False,
ELEC,"Meijer Cadillac (Cadillac, MI)",8605 East 34 Road,,Cadillac,MI,49601,,833-632-2778,E,,Public,24 hours daily,,,,,,,4.0,,Electrify America,https://www.electrifyamerica.com,GPS,44.28257,-85.40309,2026-08-09,171394,2026-08-09 03:37:05 UTC,,,,2021-01-20,,,,,CHADEMO J1772COMBO,US,,,,Public,,public,,,,,,,,,,,,,,,,,,,,False,,,,,,,,,False,
ELEC,"Meijer Gaylord (Gaylord, MI)",250 Meijer Dr,,Gaylord,MI,49735,,833-632-2778,E,,Public,24 hours daily,,,,,,,4.0,,Electrify America,https://www.electrifyamerica.com,GPS,45.02526,-84.72219,2026-08-09,171395,2026-08-09 03:37:18 UTC,,,,2021-01-20,,,,,J1772COMBO,US,,,,Public,,public,,,,,,,,,,,,,,,,,,,,False,,,,,,,,,False,
ELEC,BEDROCK KAHN GARAGE 3-1,801 W Lafayette Blvd,3rd Floor by elevator,Detroit,MI,48226,,888-758-4389,E,,Public,24 hours daily,,,,,,2.0,,,ChargePoint Network,https://www.chargepoint.com,GPS,42.328168,-83.054934,2026-08-09,171763,2026-08-09 01:14:25 UTC,,,,2021-01-27,,,,,J1772,US,,,,Public,,public,,,,,,,,,,,,,,,,,,,,False,,,,,,,,,False,
ELEC,BEDROCK NEW CENTER 1-1,116 Lothrop Rd,Level 1 near front entrance,Detroit,MI,48202,,888-758-4389,E,,Public,24 hours daily,,,,,,2.0,,,ChargePoint Network,https://www.chargepoint.com,GPS,42.371338,-83.076242,2026-08-09,172194,2026-08-09 01:14:05 UTC,,,,2021-01-27,,,,,J1772,US,,,,Public,,public,,,,,,,,,,,,,,,,,,,,False,,,,,,,,,False,
ELEC,BEDROCK ONE DETROIT 1-2,100 E Congress St,Near elevator 1st floor,Detroit,MI,48226,,888-758-4389,E,,Public,24 hours daily,,,,,,2.0,,,ChargePoint Network,https://www.chargepoint.com,GPS,42.33044,-83.04442,2026-08-09,172222,2026-08-09 01:15:22 UTC,,,,2021-01-27,,,,,J1772,US,,,,Public,,public,,,,,,,,,,,,,,,,,,,,False,,,,,,,,,False,
ELEC,BEDROCK Z DECK 2-2,219 Gratiot Ave,2nd floor near elevators,Detroit,MI,48226,,888-758-4389,E,,Public,24 hours daily,,,,,,2.0,,,ChargePoint Network,https://www.chargepoint.com,GPS,42.333933,-83.046621,2026-08-09,172224,2026-08-09 01:16:52 UTC,,,,2021-01-27,,,,,J1772,US,,,,Public,,public,,,,,,,,,,,,,,,,,,,,False,,,,,,,,,False,
ELEC,BEDROCK Z DECK 2-3,219 Gratiot Ave,2nd floor near elevators,Detroit,MI,48226,,888-758-4389,E,,Public,24 hours daily,,,,,,2.0,,,ChargePoint Network,https://www.chargepoint.com,GPS,42.334855,-83.047075,2026-08-09,172225,2026-08-09 01:17:02 UTC,,,,2021-01-27,,,,,J1772,US,,,,Public,,public,,,,,,,,,,,,,,,,,,,,False,,,,,,,,,False,
ELEC,BEDROCK CASS 2-1,6540 Cass Ave,Space # 136 #137 on North side of garage,Detroit,MI,48202,,888-758-4389,E,,Public,24 hours daily,,,,,,2.0,,,ChargePoint Network,https://www.chargepoint.com,GPS,42.369151,-83.074203,2026-08-09,172226,2026-08-09 01:12:53 UTC,,,,2021-01-27,,,,,J1772,US,,,,Public,,public,,,,,,,,,,,,,,,,,,,,False,,,,,,,,,False,
ELEC,MAIN CAMPUS NRC 1-2,9001 Riley St,,Zeeland,MI,49464,,888-758-4389,E,,Public,24 hours daily,,,,,,2.0,,,ChargePoint Network,https://www.chargepoint.com,GPS,42.829621,-86.006147,2026-08-09,172228,2026-08-09 01:14:15 UTC,,,,2021-01-27,,,,,J1772,US,,,,Public,,public,,,,,,,,,,,,,,,,,,,,False,,,,,,,,,False,
ELEC,MAIN CAMPUS NRC 1-3,9001 Riley St,,Zeeland,MI,49464,,888-758-4389,E,,Public,24 hours daily,,,,,,2.0,,,ChargePoint Network,https://www.chargepoint.com,GPS,42.829716,-86.006108,2026-08-09,172229,2026-08-09 01:14:15 UTC,,,,2021-01-27,,,,,J1772,US,,,,Public,,public,,,,,,,,,,,,,,,,,,,,False,,,,,,,,,False,
ELEC,MAIN CAMPUS NRC 1-5,9001 Riley St,,Zeeland,MI,49464,,888-758-4389,E,,Public,24 hours daily,,,,,,2.0,,,ChargePoint Network,https://www.chargepoint.com,GPS,42.829875,-86.00612,2026-08-09,172230,2026-08-09 01:14:15 UTC,,,,2021-01-27,,,,,J1772,US,,,,Public,,public,,,,,,,,,,,,,,,,,,,,False,,,,,,,,,False,
ELEC,MAIN CAMPUS 475-1,475 N Centennial St,,Zeeland,MI,49464,,888-758-4389,E,,Public,24 hours daily,,,,,,2.0,,,ChargePoint Network,https://www.chargepoint.com,GPS,42.822344,-86.010379,2026-08-09,172287,2026-08-09 01:16:05 UTC,,,,2021-01-27,,,,,J1772,US,,,,Public,,public,,,,,,,,,,,,,,,,,,,,False,,,,,,,,,False,
ELEC,MAIN CAMPUS 475-3,475 N. Centennial St,,Zeeland,MI,49464,,888-758-4389,E,,Public,24 hours daily,,,,,,2.0,,,ChargePoint Network,https://www.chargepoint.com,GPS,42.82252,-86.010336,2026-08-09,172288,2026-08-09 01:13:19 UTC,,,,2021-01-27,,,,,J1772,US,,,,Public,,public,,,,,,,,,,,,,,,,,,,,False,,,,,,,,,False,
ELEC,MAIN CAMPUS 475-4,475 N. Centennial St,,Zeeland,MI,49464,,888-758-4389,E,,Public,24 hours daily,,,,,,2.0,,,ChargePoint Network,https://www.chargepoint.com,GPS,42.822499,-86.010338,2026-08-09,172289,2026-08-09 01:13:18 UTC,,,,2021-01-27,,,,,J1772,US,,,,Public,,public,,,,,,,,,,,,,,,,,,,,False,,,,,,,,,False,
ELEC,AUBURN HILLS GARAGE EV 01,3380 Auburn Rd,3rd near elevator,Auburn Hills,MI,48326,,888-758-4389,E,,Public,24 hours daily,,,,,,2.0,,,ChargePoint Network,https://www.chargepoint.com,GPS,42.633402,-83.221143,2026-08-09,172322,2026-08-09 01:21:41 UTC,,,,2021-01-27,,,,,J1772,US,,,,Public,,public,,,,,,,,,,,,,,,,,,,,False,,,,,,,,,False,
ELEC,AUBURN HILLS CAMPUS P3,1827 N Squirrel Rd,Back lot,Auburn Hills,MI,48326,,888-758-4389,E,,Public,24 hours daily,,,,,,1.0,,,ChargePoint Network,https://www.chargepoint.com,GPS,42.67089,-83.221202,2026-08-09,172323,2026-08-09 01:21:27 UTC,,,,2021-01-27,,,,,J1772,US,,,,Public,,public,,,,,,,,,,,,,,,,,,,,False,,,,,,,,,False,
ELEC,AUBURN HILLS CAMPUS P2,1827 N Squirrel Rd,,Auburn Hills,MI,48326,,888-758-4389,E,,Public,24 hours daily,,,,,,2.0,,,ChargePoint Network,https://www.chargepoint.com,GPS,42.670713,-83.220667,2026-08-09,172324,2026-08-09 01:21:47 UTC,,,,2021-01-27,,,,,J1772,US,,,,Public,,public,,,,,,,,,,,,,,,,,,,,False,,,,,,,,,False,
ELEC,MEADOWLARK BLDG STATION 1,3250 W Liberty Rd,,Ann Arbor,MI,48103,,888-758-4389,E,,Public,24 hours daily,,,,,,1.0,,,ChargePoint Network,https://www.chargepoint.com,GPS,42.274074,-83.794254,2026-08-09,172462,2026-08-09 01:41:16 UTC,,,,2021-01-27,,,,,J1772,US,,,,Public,,public,,,,,,,,,,,,,,,,,,,,False,,,,,,,,,False,
ELEC,DET INST OF ART EV STATION 02,5250 John R St,,Detroit,MI,48202,,888-758-4389,E,,Public,24 hours daily,,,,,,2.0,,,ChargePoint Network,https://www.chargepoint.com,GPS,42.359918,-83.063176,2026-08-09,173084,2026-08-09 01:22:35 UTC,,,,2021-01-27,,,,,J1772,US,,,,Public,,public,,,,,,,,,,,,,,,,,,,,False,,,,,,,,,False,
ELEC,DET INST OF ART EV STATION 03,180 E Kirby St,,Detroit,MI,48202,,888-758-4389,E,,Public,24 hours daily,,,,,,2.0,,,ChargePoint Network,https://www.chargepoint.com,GPS,42.360268,-83.064687,2026-08-09,173085,2026-08-09 01:22:35 UTC,,,,2021-01-27,,,,,J1772,US,,,,Public,,public,,,,,,,,,,,,,,,,,,,,False,,,,,,,,,False,
ELEC,MSU S. STADIUM #3,642 red cedar road Stadium Rd,,East Lansing,MI,48824,,888-758-4389,E,,Public,24 hours daily,,,,,,1.0,,,ChargePoint Network,https://www.chargepoint.com,GPS,42.726579,-84.484008,2026-08-09,173194,2026-08-09 01:23:52 UTC,,,,2021-01-27,,,,,J1772,US,,,,Public,,public,,,,,,,,,,,,,,,,,,,,False,,,,,,,,,False,
ELEC,MSU S.STADIUM #2,642 red cedar road,,East Lansing,MI,48824,,888-758-4389,E,,Public,24 hours daily,,,,,,1.0,,,ChargePoint Network,https://www.chargepoint.com,GPS,42.726529,-84.483996,2026-08-09,173195,2026-08-09 01:25:16 UTC,,,,2021-01-27,,,,,J1772,US,,,,Public,,public,,,,,,,,,,,,,,,,,,,,False,,,,,,,,,False,
ELEC,MSU S. STADIUM # 1,642 red cedar road,,East Lansing,MI,48824,,888-758-4389,E,,Public,24 hours daily,,,,,,1.0,,,ChargePoint Network,https://www.chargepoint.com,GPS,42.726481,-84.483996,2026-08-09,173196,2026-08-09 01:25:16 UTC,,,,2021-01-27,,,,,J1772,US,,,,Public,,public,,,,,,,,,,,,,,,,,,,,False,,,,,,,,,False,
ELEC,DTW AIRPORT BLUEDECK 4G #4,International Dr BBD Lvl 4 Yellow West or fly,Big blue deck 4G,Detroit,MI,48242,,888-758-4389,E,,Public,24 hours daily,,,,,,2.0,,,ChargePoint Network,https://www.chargepoint.com,GPS,42.224814,-83.34704,2026-08-09,173237,2026-08-09 01:22:29 UTC,,,,2021-01-27,,,,,J1772,US,,,,Public,,public,,,,,,,,,,,,,,,,,,,,False,,,,,,,,,False,
ELEC,DTW AIRPORT BLUEDECK 4G #2,International Dr BBD Lvl 4 Yellow West or fly,Big blue deck 4G,Detroit,MI,48242,,888-758-4389,E,,Public,24 hours daily,,,,,,2.0,,,ChargePoint Network,https://www.chargepoint.com,GPS,42.224828,-83.347122,2026-08-09,173239,2026-08-09 01:21:51 UTC,,,,2021-01-27,,,,,J1772,US,,,,Public,,public,,,,,,,,,,,,,,,,,,,,False,,,,,,,,,False,
ELEC,DTW AIRPORT MAC DECK 8B3,McNamara Terminal Mac Deck Lvl 8 Near Sec B R,8B near elevator,Romulus,MI,48174,,888-758-4389,E,,Public,24 hours daily,,,,,,2.0,,,ChargePoint Network,https://www.chargepoint.com,GPS,42.207454,-83.355828,2026-08-09,173241,2026-08-09 01:22:29 UTC,,,,2021-01-27,,,,,J1772,US,,,,Public,,public,,,,,,,,,,,,,,,,,,,,False,,,,,,,,,False,
ELEC,DTW AIRPORT MAC DECK 8B2,McNamara Terminal Mac Deck Lvl 8 Near Sec B R,8B near elevator,Romulus,MI,48174,,888-758-4389,E,,Public,24 hours daily,,,,,,2.0,,,ChargePoint Network,https://www.chargepoint.com,GPS,42.20754,-83.35575,2026-08-09,173242,2026-08-09 01:22:28 UTC,,,,2021-01-27,,,,,J1772,US,,,,Public,,public,,,,,,,,,,,,,,,,,,,,False,,,,,,,,,False,
ELEC,DTW AIRPORT MCNAMARA VALET,McNamara Terminal Mac Deck Lvl 6 Near 6 C,Level 6 C valet,Romulus,MI,48174,,888-758-4389,E,,Public,24 hours daily,,,,,,2.0,,,ChargePoint Network,https://www.chargepoint.com,GPS,42.206698,-83.356068,2026-08-09,173243,2026-08-09 01:21:48 UTC,,,,2021-01-27,,,,,J1772,US,,,,Public,,public,,,,,,,,,,,,,,,,,,,,False,,,,,,,,,False,
ELEC,ROCTR1 NEW STATION 2,212 S Center St,Near. Main entrance,Royal Oak,MI,48067,,888-758-4389,E,,Public,24 hours daily,,,,,,2.0,,,ChargePoint Network,https://www.chargepoint.com,GPS,42.488134,-83.146101,2026-08-09,173335,2026-08-09 01:25:59 UTC,,,,2021-01-27,,,,,J1772,US,,,,Public,,public,,,,,,,,,,,,,,,,,,,,False,,,,,,,,,False,
ELEC,DENOOYER JAGUAR CT4000- LEVEL 2,5850 Stadium Dr,Located on the east side on the building.,Kalamazoo,MI,49009,,888-758-4389,E,,Public,24 hours daily,,,,,,2.0,,,ChargePoint Network,https://www.chargepoint.com,GPS,42.267235,-85.664664,2026-08-09,173463,2026-08-09 01:27:40 UTC,,,,2021-01-27,,,,,J1772,US,,,,Public,,public,,,,,,,,,,,,,,,,,,,,False,,,,,,,,,False,
ELEC,BEDROCK OCM 1-4,1140 Farmer St,Farmer St entrance,Detroit,MI,48226,,888-758-4389,E,,Public,24 hours daily,,,,,,2.0,,,ChargePoint Network,https://www.chargepoint.com,GPS,42.333399,-83.045947,2026-08-09,173495,2026-08-09 01:26:21 UTC,,,,2021-01-27,,,,,J1772,US,,,,Public,,public,,,,,,,,,,,,,,,,,,,,False,,,,,,,,,False,
ELEC,BEDROCK OCM 1-3,1140 Farmer St,Farmer St entrance,Detroit,MI,48226,,888-758-4389,E,,Public,24 hours daily,,,,,,2.0,,,ChargePoint Network,https://www.chargepoint.com,GPS,42.333342,-83.045951,2026-08-09,173497,2026-08-09 01:26:21 UTC,,,,2021-01-27,,,,,J1772,US,,,,Public,,public,,,,,,,,,,,,,,,,,,,,False,,,,,,,,,False,
ELEC,BEDROCK OCM 1-6,1140 Farmer St,Farmer St entrance,Detroit,MI,48226,,888-758-4389,E,,Public,24 hours daily,,,,,,2.0,,,ChargePoint Network,https://www.chargepoint.com,GPS,42.333404,-83.045915,2026-08-09,173498,2026-08-09 01:26:21 UTC,,,,2021-01-27,,,,,J1772,US,,,,Public,,public,,,,,,,,,,,,,,,,,,,,False,,,,,,,,,False,
ELEC,BEDROCK OCM 1-1,1140 Farmer St,Farmer St entrance,Detroit,MI,48226,,888-758-4389,E,,Public,24 hours daily,,,,,,2.0,,,ChargePoint Network,https://www.chargepoint.com,GPS,42.33343,-83.045935,2026-08-09,173499,2026-08-09 01:25:43 UTC,,,,2021-01-27,,,,,J1772,US,,,,Public,,public,,,,,,,,,,,,,,,,,,,,False,,,,,,,,,False,
ELEC,BEDROCK OCM 1-5,1140 Farmer St,Farmer St entrance,Detroit,MI,48226,,888-758-4389,E,,Public,24 hours daily,,,,,,2.0,,,ChargePoint Network,https://www.chargepoint.com,GPS,42.333413,-83.04612,2026-08-09,173500,2026-08-09 01:25:43 UTC,,,,2021-01-27,,,,,J1772,US,,,,Public,,public,,,,,,,,,,,,,,,,,,,,False,,,,,,,,,False,
ELEC,MSU NORTH IM WEST#2,393 Chestnut Rd,,East Lansing,MI,48864,,888-758-4389,E,,Public,24 hours daily,,,,,,2.0,,,ChargePoint Network,https://www.chargepoint.com,GPS,42.729579,-84.486723,2026-08-09,173537,2026-08-09 01:27:53 UTC,,,,2021-01-27,,,,,J1772,US,,,,Public,,public,,,,,,,,,,,,,,,,,,,,False,,,,,,,,,False,
ELEC,BEDROCK BUHL 3-2,525 Griswold St,Next to Northwest Stairwell,Detroit,MI,48226,,888-758-4389,E,,Public,24 hours daily,,,,,,2.0,,,ChargePoint Network,https://www.chargepoint.com,GPS,42.329145,-83.046932,2026-08-09,173904,2026-08-09 01:29:47 UTC,,,,2021-01-27,,,,,J1772,US,,,,Public,,public,,,,,,,,,,,,,,,,,,,,False,,,,,,,,,False,
ELEC,MEIJER STORES GRAND RAPIDS 1,2988 Walker Ave NW,,Grand Rapids,MI,49544,,888-758-4389,E,,Public,24 hours daily,,,,,,,1.0,,ChargePoint Network,https://www.chargepoint.com,GPS,43.018278,-85.723748,2026-08-09,173950,2026-08-09 01:31:27 UTC,,,,2021-01-27,,,,,CHADEMO J1772COMBO,US,,,,Public,,public,,,,,,,,,,,,,,,,,,,,False,,,,,,,,,False,
ELEC,ROAN & BLACK DC STATION #2,3315 Blue Star Hwy,,Saugatuck,MI,49453,,888-758-4389,E,,Public,24 hours daily,,,,,,,1.0,,ChargePoint Network,https://www.chargepoint.com,GPS,42.659431,-86.189745,2026-08-09,174352,2026-08-09 01:46:57 UTC,,,,2021-01-27,,,,,J1772COMBO TESLA,US,,,,Public,,public,,,,,,,,,,,,,,,,,,,,False,,,,,,,,,False,
ELEC,BLUE ENERGY 1 BEACON PARK DC2,1971 Grand River Ave,,Detroit,MI,48226,,888-758-4389,E,,Public,24 hours daily,,,,,,,1.0,,ChargePoint Network,https://www.chargepoint.com,GPS,42.334755,-83.056015,2026-08-09,174403,2026-08-09 01:35:14 UTC,,,,2021-01-27,,,,,CHADEMO J1772COMBO,US,,,,Public,,public,,,,,,,,,,,,,,,,,,,,False,,,,,,,,,False,
ELEC,BLUE ENERGY 1 BEACON PARK DC1,1971 Grand River Ave,,Detroit,MI,48226,,888-758-4389,E,,Public,24 hours daily,,,,,,,1.0,,ChargePoint Network,https://www.chargepoint.com,GPS,42.334638,-83.056049,2026-08-09,174404,2026-08-09 01:31:36 UTC,,,,2021-01-27,,,,,CHADEMO J1772COMBO,US,,,,Public,,public,,,,,,,,,,,,,,,,,,,,False,,,,,,,,,False,
ELEC,PINE KNOB SKI STATION 01,7778 Sashabaw Rd,"Rear parking lot near first aid,1c",Independence charter Township,MI,48348,,888-758-4389,E,,Public,24 hours daily,,,,,,2.0,,,ChargePoint Network,https://www.chargepoint.com,GPS,42.745646,-83.36919,2026-08-09,174548,2026-08-09 01:35:26 UTC,,,,2021-01-27,,,,,J1772,US,,,,Public,,public,,,,,,,,,,,,,,,,,,,,False,,,,,,,,,False,
ELEC,MEIJER STORES 064 SALINE RD 2,3145 Ann Arbor-Saline Rd,,Ann Arbor,MI,48108,,888-758-4389,E,,Public,24 hours daily,,,,,,,1.0,,ChargePoint Network,https://www.chargepoint.com,GPS,42.24054,-83.766034,2026-08-09,174646,2026-08-09 01:36:57 UTC,,,,2021-01-27,,,,,CHADEMO J1772COMBO,US,,,,Public,,public,,,,,,,,,,,,,,,,,,,,False,,,,,,,,,False,
ELEC,JCDOT STATION 1,2400 N Elm Ave,,Jackson,MI,49201,,888-758-4389,E,,Public,24 hours daily,,,,,,2.0,,,ChargePoint Network,https://www.chargepoint.com,GPS,42.281723,-84.385864,2026-08-09,174710,2026-08-09 01:37:32 UTC,,,,2021-01-27,,,,,J1772,US,,,,Public,,public,,,,,,,,,,,,,,,,,,,,False,,,,,,,,,False,
ELEC,BEDROCK ASSEMBLYGRG 5-1,1701 W Lafayette Blvd,,Detroit,MI,48216,,888-758-4389,E,,Public,24 hours daily,,,,,,2.0,,,ChargePoint Network,https://www.chargepoint.com,GPS,42.323645,-83.065706,2026-08-09,174715,2026-08-09 01:37:19 UTC,,,,2021-01-27,,,,,J1772,US,,,,Public,,public,,,,,,,,,,,,,,,,,,,,False,,,,,,,,,False,
ELEC,BEDROCK ASSEMBLYGRG 4-1,1701 W Lafayette Blvd,,Detroit,MI,48216,,888-758-4389,E,,Public,24 hours daily,,,,,,2.0,,,ChargePoint Network,https://www.chargepoint.com,GPS,42.323639,-83.065679,2026-08-09,174716,2026-08-09 01:37:19 UTC,,,,2021-01-27,,,,,J1772,US,,,,Public,,public,,,,,,,,,,,,,,,,,,,,False,,,,,,,,,False,
ELEC,MILFORD VILLAGE STATION 2,124 E Commerce St,,Milford Charter Township,MI,48381,,888-758-4389,E,,Public,24 hours daily,,,,,,2.0,,,ChargePoint Network,https://www.chargepoint.com,GPS,42.591519,-83.599513,2026-08-09,175234,2026-08-09 01:39:45 UTC,,,,2021-01-27,,,,,J1772,US,,,,Public,,public,,,,,,,,,,,,,,,,,,,,False,,,,,,,,,False,
ELEC,MILFORD VILLAGE STATION 1,124 E Commerce St,,Milford Charter Township,MI,48381,,888-758-4389,E,,Public,24 hours daily,,,,,,1.0,,,ChargePoint Network,https://www.chargepoint.com,GPS,42.5915,-83.59953,2026-08-09,175235,2026-08-09 01:39:45 UTC,,,,2021-01-27,,,,,J1772,US,,,,Public,,public,,,,,,,,,,,,,,,,,,,,False,,,,,,,,,False,
ELEC,BLAINS CHARGER BLAINS LEVEL 3,210 US-31,Near front entrance,Traverse City,MI,49685,,888-758-4389,E,,Public,24 hours daily,,,,,,,1.0,,ChargePoint Network,https://www.chargepoint.com,GPS,44.684491,-85.657612,2026-08-09,175737,2026-08-09 01:35:26 UTC,,,,2021-01-27,,,,,CHADEMO J1772COMBO,US,,,,Public,,public,,,,,,,,,,,,,,,,,,,,False,,,,,,,,,False,
ELEC,GVSU CAMPUS LOT F REC S,10909 N Campus Dr,North Campus - Rec Center S,Allendale Charter Township,MI,49401,,888-758-4389,E,,Public,24 hours daily,,,,,,2.0,,,ChargePoint Network,https://www.chargepoint.com,GPS,42.966167,-85.89144,2026-08-09,180627,2026-08-09 01:43:14 UTC,,,,2021-01-27,,,,,J1772,US,,,,Public,,public,,,,,,,,,,,,,,,,,,,,False,,,,,,,,,False,
ELEC,PITTSFIELD TWP EAST,6201 US-12,This charger covers parking spaces #3 & #4,Saline,MI,48176,,888-758-4389,E,,Public,24 hours daily,,,,,,2.0,,,ChargePoint Network,https://www.chargepoint.com,GPS,42.197633,-83.700681,2026-08-09,180827,2026-08-09 01:44:05 UTC,,,,2021-01-27,,,,,J1772,US,,,,Public,,public,,,,,,,,,,,,,,,,,,,,False,,,,,,,,,False,
ELEC,ADA VILLAGE MARKETPLACE,496 Ada Dr SE,,Ada,MI,49301,,888-758-4389,E,,Public,24 hours daily,,,,,,2.0,,,ChargePoint Network,https://www.chargepoint.com,GPS,42.954544,-85.48583,2026-08-09,180831,2026-08-09 01:44:03 UTC,,,,2021-01-27,,,,,J1772,US,,,,Public,,public,,,,,,,,,,,,,,,,,,,,False,,,,,,,,,False,
ELEC,JH FAMILY STORE J&H MOBIL#152 A,2560 E Division St,Southeast corner of parking lot,Cadillac,MI,49601,,888-758-4389,E,,Public,24 hours daily,,,,,,,1.0,,ChargePoint Network,https://www.chargepoint.com,GPS,44.251588,-85.364503,2026-08-09,180843,2026-08-09 01:41:36 UTC,,,,2021-01-27,,,,,CHADEMO J1772COMBO,US,,,,Public,,public,,,,,,,,,,,,,,,,,,,,False,,,,,,,,,False,
ELEC,JOHNNY'S MARKET MARSHALL DC1,15423 Old US 27 North,,Marshall,MI,49068,,888-758-4389,E,,Public,24 hours daily,,,,,,,1.0,,ChargePoint Network,https://www.chargepoint.com,GPS,42.296323,-84.966058,2026-08-09,180953,2026-08-09 01:45:20 UTC,,,,2021-01-27,,,,,CHADEMO J1772COMBO,US,,,,Public,,public,,,,,,,,,,,,,,,,,,,,False,,,,,,,,,False,
ELEC,JOHNNY'S MARKET BIG RAPIDS DC2,21445 Perry Ave,,Big Rapids,MI,49307,,888-758-4389,E,,Public,24 hours daily,,,,,,,1.0,,ChargePoint Network,https://www.chargepoint.com,GPS,43.687795,-85.51191,2026-08-09,180954,2026-08-09 01:40:56 UTC,,,,2021-01-27,,,,,CHADEMO J1772COMBO,US,,,,Public,,public,,,,,,,,,,,,,,,,,,,,False,,,,,,,,,False,
ELEC,CITYOFMARSHALL FARMER'S MKT #1,115 W Green St,Near entrance of parking lot,Marshall,MI,49068,,888-758-4389,E,,Public,24 hours daily,,,,,,2.0,,,ChargePoint Network,https://www.chargepoint.com,GPS,42.270914,-84.95954,2026-08-09,181103,2026-08-09 01:45:44 UTC,,,,2021-01-27,,,,,J1772,US,,,,Public,,public,,,,,,,,,,,,,,,,,,,,False,,,,,,,,,False,
ELEC,CITYOFMARSHALL FARMER'S MKT #2,115 W Green St,Near entrance of parking lot,Marshall,MI,49068,,888-758-4389,E,,Public,24 hours daily,,,,,,2.0,,,ChargePoint Network,https://www.chargepoint.com,GPS,42.270911,-84.959469,2026-08-09,181104,2026-08-09 01:45:44 UTC,,,,2021-01-27,,,,,J1772,US,,,,Public,,public,,,,,,,,,,,,,,,,,,,,False,,,,,,,,,False,
ELEC,CITYOFMARSHALL GRAND STREET #1,231 Michigan Ave,Near entrance of parking lot,Marshall,MI,49068,,888-758-4389,E,,Public,24 hours daily,,,,,,2.0,,,ChargePoint Network,https://www.chargepoint.com,GPS,42.271794,-84.962573,2026-08-09,181105,2026-08-09 01:45:42 UTC,,,,2021-01-27,,,,,J1772,US,,,,Public,,public,,,,,,,,,,,,,,,,,,,,False,,,,,,,,,False,
ELEC,BAVARIAN INN BICB UNIT 1-1&2,775 S Main St,On the North side of the Leather Shop,Frankenmuth,MI,48734,,888-758-4389,E,,Public,24 hours daily,,,,,,2.0,,,ChargePoint Network,https://www.chargepoint.com,GPS,43.325755,-83.740096,2026-08-09,181268,2026-08-09 01:46:51 UTC,,,,2021-01-27,,,,,J1772,US,,,,Public,,public,,,,,,,,,,,,,,,,,,,,False,,,,,,,,,False,
ELEC,BLARNEY CASTLE EZ MART CLARE 2,10400 S Clare Ave,,Clare,MI,48617,,888-758-4389,E,,Public,24 hours daily,,,,,,,1.0,,ChargePoint Network,https://www.chargepoint.com,GPS,43.837726,-84.769428,2026-08-09,181396,2026-08-09 01:47:08 UTC,,,,2021-01-27,,,,,CHADEMO J1772COMBO,US,,,,Public,,public,,,,,,,,,,,,,,,,,,,,False,,,,,,,,,False,
ELEC,ARCTURUS STATION 1,3150 Livernois Rd,ARCTURUS BUILDING,Troy,MI,48083,,888-758-4389,E,,Public,24 hours daily,,,,,,,1.0,,ChargePoint Network,https://www.chargepoint.com,GPS,42.563149,-83.146878,2026-08-09,181422,2026-08-09 01:36:44 UTC,,,,2021-01-27,,,,,CHADEMO J1772COMBO,US,,,,Public,,public,,,,,,,,,,,,,,,,,,,,False,,,,,,,,,False,
ELEC,MEIJER STORES 50 CASCADE 1,5531 28th St SE,Near curbside pickup,Grand Rapids,MI,49512,,888-758-4389,E,,Public,24 hours daily,,,,,,,1.0,,ChargePoint Network,https://www.chargepoint.com,GPS,42.915159,-85.533668,2026-08-09,181658,2026-08-09 01:42:28 UTC,,,,2021-01-27,,,,,CHADEMO J1772COMBO,US,,,,Public,,public,,,,,,,,,,,,,,,,,,,,False,,,,,,,,,False,
ELEC,MEIJER STORES 232 FRUITPORT 2,5300 Harvey St,In Meijer parking lot near Mcdonalds,Muskegon,MI,49444,,888-758-4389,E,,Public,24 hours daily,,,,,,,1.0,,ChargePoint Network,https://www.chargepoint.com,GPS,43.155324,-86.203374,2026-08-09,181659,2026-08-09 01:42:28 UTC,,,,2021-01-27,,,,,CHADEMO J1772COMBO,US,,,,Public,,public,,,,,,,,,,,,,,,,,,,,False,,,,,,,,,False,
ELEC,NUVUFUELS IONIA NUVU 1,75 E Grand River Ave,,Ionia,MI,48846,,888-758-4389,E,,Public,24 hours daily,,,,,,,1.0,,ChargePoint Network,https://www.chargepoint.com,GPS,42.885981,-85.073777,2026-08-09,181681,2026-08-09 01:47:05 UTC,,,,2021-01-27,,,,,CHADEMO J1772COMBO,US,,,,Public,,public,,,,,,,,,,,,,,,,,,,,False,,,,,,,,,False,
ELEC,NORTHLAND FOODS STATION 2,2101 US 131,Northland Foods Parking Lot,Kalkaska,MI,49646,,888-758-4389,E,,Public,24 hours daily,,,,,,,1.0,,ChargePoint Network,https://www.chargepoint.com,GPS,44.743194,-85.175729,2026-08-09,181682,2026-08-09 01:46:14 UTC,,,,2021-01-27,,,,,CHADEMO J1772COMBO,US,,,,Public,,public,,,,,,,,,,,,,,,,,,,,False,,,,,,,,,False,
ELEC,COYNE ENERGY PICKARD CITGO S,910 W Pickard St,Tesla Adapter available in store. -Charger located on the island on the southeast side of the building close to the road.,Mount Pleasant,MI,48858,,888-758-4389,E,,Public,24 hours daily,,,,,,,1.0,,ChargePoint Network,https://www.chargepoint.com,GPS,43.61193,-84.786482,2026-08-09,181709,2026-08-09 01:46:47 UTC,,,,2021-01-27,,,,,CHADEMO J1772COMBO,US,,,,Public,,public,,,,,,,,,,,,,,,,,,,,False,,,,,,,,,False,
ELEC,THEJERKYOUTLET JERKY 2,825 E Beaver Rd,,Kawkawlin,MI,48631,,888-758-4389,E,,Public,24 hours daily,,,,,,,1.0,,ChargePoint Network,https://www.chargepoint.com,GPS,43.667661,-84.015301,2026-08-09,181725,2026-08-09 01:49:01 UTC,,,,2021-01-27,,,,,CHADEMO J1772COMBO,US,,,,Public,,public,,,,,,,,,,,,,,,,,,,,False,,,,,,,,,False,
ELEC,MAPLE HILL MHAG MAPLE HILL #1,5625 W Main St,In front of Subaru Showroom,Kalamazoo,MI,49009,,888-758-4389,E,,Public,24 hours daily,,,,,,,1.0,,ChargePoint Network,https://www.chargepoint.com,GPS,42.296299,-85.658614,2026-08-09,182072,2026-08-09 01:50:43 UTC,,,,2021-01-27,,,,,CHADEMO J1772COMBO,US,,,,Public,,public,,,,,,,,,,,,,,,,,,,,False,,,,,,,,,False,
ELEC,PS FOOD MARTS PERRY #2,720 N Main St,Near entrance off of Main street,Perry,MI,48872,,888-758-4389,E,,Public,24 hours daily,,,,,,,1.0,,ChargePoint Network,https://www.chargepoint.com,GPS,42.835239,-84.219162,2026-08-09,182073,2026-08-09 01:46:32 UTC,,,,2021-01-27,,,,,CHADEMO J1772COMBO,US,,,,Public,,public,,,,,,,,,,,,,,,,,,,,False,,,,,,,,,False,
ELEC,JH FAMILY STORE J&H DC2,4380 Kenowa Ave SW,,Grandville,MI,49418,,888-758-4389,E,,Public,24 hours daily,,,,,,,1.0,,ChargePoint Network,https://www.chargepoint.com,GPS,42.885786,-85.782118,2026-08-09,182106,2026-08-09 01:48:29 UTC,,,,2021-01-27,,,,,CHADEMO J1772COMBO,US,,,,Public,,public,,,,,,,,,,,,,,,,,,,,False,,,,,,,,,False,
ELEC,PS FOOD MARTS DUNDEE #1,655 Tecumseh St,,Dundee,MI,48131,,888-758-4389,E,,Public,24 hours daily,,,,,,,1.0,,ChargePoint Network,https://www.chargepoint.com,GPS,41.959263,-83.675393,2026-08-09,182173,2026-08-09 01:50:59 UTC,,,,2021-01-27,,,,,CHADEMO J1772COMBO,US,,,,Public,,public,,,,,,,,,,,,,,,,,,,,False,,,,,,,,,False,
ELEC,JOHNNY'S MARKET JOHNNYS 1,104 Winston Dr,Parking Lot,Marshall,MI,49068,,888-758-4389,E,,Public,24 hours daily,,,,,,,1.0,,ChargePoint Network,https://www.chargepoint.com,GPS,42.27043,-84.986756,2026-08-09,182212,2026-08-09 01:48:41 UTC,,,,2021-01-27,,,,,CHADEMO J1772COMBO,US,,,,Public,,public,,,,,,,,,,,,,,,,,,,,False,,,,,,,,,False,
ELEC,BLARNEY CASTLE EZ MART 2,6174 M-68,,Indian River,MI,49749,,888-758-4389,E,,Public,24 hours daily,,,,,,,1.0,,ChargePoint Network,https://www.chargepoint.com,GPS,45.403926,-84.612071,2026-08-09,182222,2026-08-09 01:51:40 UTC,,,,2021-01-27,,,,,CHADEMO J1772COMBO,US,,,,Public,,public,,,,,,,,,,,,,,,,,,,,False,,,,,,,,,False,
ELEC,MAIN CAMPUS CENTENNIAL WEST,Innovation Dr,Located at Centennial West drive,Zeeland,MI,49464,,888-758-4389,E,,Public,24 hours daily,,,,,,2.0,,,ChargePoint Network,https://www.chargepoint.com,GPS,42.823692,-86.014505,2026-08-09,182243,2026-08-09 01:07:10 UTC,,,,2021-01-27,,,,,J1772,US,,,,Public,,public,,,,,,,,,,,,,,,,,,,,False,,,,,,,,,False,
ELEC,VIKING GROCERY VIKING 2,1325 Ensley St,,Howard City,MI,49329,,888-758-4389,E,,Public,24 hours daily,,,,,,,1.0,,ChargePoint Network,https://www.chargepoint.com,GPS,43.381023,-85.474106,2026-08-09,182278,2026-08-09 01:49:28 UTC,,,,2021-01-27,,,,,CHADEMO J1772COMBO,US,,,,Public,,public,,,,,,,,,,,,,,,,,,,,False,,,,,,,,,False,
ELEC,BSR STATION 1 BSRCHARGE-1,130 W Washington St,,Marquette,MI,49855,,888-758-4389,E,,Public,Mon: 12:00am-11:59pm; Tue: 12:00am-11:59pm; Wed: 12:00am-11:59pm; Thu: 12:00am-11:59pm; Fri: 12:00am-11:59pm; Sat: 12:00am-11:59pm; Sun: 12:00am-11:59pm,,,,,,2.0,,,ChargePoint Network,https://www.chargepoint.com,GPS,46.543925,-87.393671,2026-08-09,182684,2026-08-09 01:22:58 UTC,,,,2021-01-27,,,,,J1772,US,,,,Public,,public,,,,,,,,,,,,,,,,,,,,False,,,,,,,,,False,
ELEC,AMPCAP 1305 WOODHAVEN,20840 West Rd,,Woodhaven,MI,48183,,888-758-4389,E,,Public,24 hours daily,,,,,,1.0,,,ChargePoint Network,https://www.chargepoint.com,GPS,42.141605,-83.234081,2026-08-09,182852,2026-08-09 01:28:17 UTC,,,,2021-01-27,,,,,J1772,US,,,,Public,,public,,,,,,,,,,,,,,,,,,,,False,,,,,,,,,False,
ELEC,AMPCAP 0647 CHESTERFIE,50500 Gratiot Ave,,New Baltimore,MI,48051,,888-758-4389,E,,Public,24 hours daily,,,,,,1.0,,,ChargePoint Network,https://www.chargepoint.com,GPS,42.670071,-82.83403,2026-08-09,182874,2026-08-09 01:28:20 UTC,,,,2021-01-27,,,,,J1772,US,,,,Public,,public,,,,,,,,,,,,,,,,,,,,False,,,,,,,,,False,
ELEC,MARINAGRAND MARINAGRAND,600 W Water St,Charger is located across the street from main entrance in large parking lot on hill.,New Buffalo,MI,49117,,888-758-4389,E,,Public,24 hours daily,,,,,,2.0,,,ChargePoint Network,https://www.chargepoint.com,GPS,41.793776,-86.753559,2026-08-09,183329,2026-08-09 01:40:42 UTC,,,,2021-01-27,,,,,J1772,US,,,,Public,,public,,,,,,,,,,,,,,,,,,,,False,,,,,,,,,False,
ELEC,Tawas City Shoreline Park,501 W Lake St,,Tawas City,MI,48763,,989-362-8688,E,,Public,24 hours daily,,,,,,1.0,,,Non-Networked,,GPS,44.26798,-83.516861,2025-08-12,183591,2026-02-02 23:16:24 UTC,P,,,2021-01-25,,,,,J1772,US,,,,Public,,public,,,PARK,,,,,,,Free,,,,,,,,,,False,,,,,,,,LD,False,
ELEC,Hillman EZ Mart,27400 M-32,Veterans Memorial Hwy and M-32,Hillman,MI,49746,,800-423-6634,E,,Public,24 hours daily,,,,,,2.0,,,Non-Networked,,GPS,45.057755,-83.892162,2023-06-12,183592,2025-12-03 17:04:52 UTC,T,,,2020-10-26,,,,,J1772,US,,,,Public,,public,,,CONVENIENCE_STORE,,,,,,,Free,,,,,,,,,,False,,,,,,,,LD,False,
ELEC,Fleetwood Inn & Suites,889 S Main St,,Cheboygan,MI,49721,,231-627-3126,E,,Public,24 hours daily; for customer use only,,,,,,4.0,,,Non-Networked,,GPS,45.629855,-84.478464,2025-06-06,183593,2026-02-02 23:16:24 UTC,P,,,2021-01-25,,,,,J1772,US,,,,Public,,public,,,HOTEL,,,,,,,,,,,,,,,,,True,,,,,,,,LD,False,
ELEC,Quality Inn,561 Boulevard Dr,,St. Ignace,MI,49781,,906-643-9700,E,,Public,24 hours daily; for customer use only,,,,,,1.0,,,Non-Networked,,GPS,45.855946,-84.733854,2025-06-06,183594,2026-02-02 23:16:24 UTC,P,,,2021-01-25,,,,,TESLA,US,,,,Public,,public,,,HOTEL,,,,,,,Free,,,,,,,,,,True,,,,,,,,LD,False,
ELEC,Star Line Mackinac Island Ferry - St. Ignace Dock,587 N State St,,St. Ignace,MI,49781,,906-643-7635,E,,Public,24 hours daily,,,,,,3.0,,,Non-Networked,,GPS,45.872694,-84.73047,2025-07-03,183595,2026-02-02 23:16:24 UTC,P,,,2021-01-25,,,,,TESLA,US,,,,Public,,public,,,TRAVEL_CENTER,,,,,,,Free,,,,,,,,,,False,,,,,,,,LD,False,
ELEC,Baymont by Wyndham St. Ignace Lakefront,1131 N State St,,St. Ignace,MI,49781,,906-643-8411,E,,Public,24 hours daily; for customer use only,,,,,,2.0,,,Non-Networked,,GPS,45.888982,-84.726071,2025-05-12,183596,2026-02-02 23:16:24 UTC,P,,,2020-06-08,,,,,J1772,US,,,,Public,,public,,,HOTEL,,,,,,,Free,,,,,,,,,,True,,,,,,,,LD,False,
ELEC,Northern Michigan University - Northern Center,1401 Presque Isle Ave,,Marquette,MI,49855,,906-227-1476,E,,Public,24 hours daily; permit required,,,,,,1.0,,,Non-Networked,,GPS,46.55577,-87.400129,2023-06-12,183597,2025-07-11 19:48:13 UTC,P,,,2021-01-25,,,,,J1772,US,,,,Public,,public,,,COLLEGE_CAMPUS,,,,,,,Free,,,,,,,,,,True,,,,,,,,LD,False,
ELEC,Stateline Chevrolet Buick GMC,1531 W Adams St,,Iron River,MI,49935,,906-265-2200,E,,Public,Dealership business hours; GMC vehicles only,,,,,,1.0,,,Non-Networked,,GPS,46.091915,-88.655319,2025-07-03,183599,2026-02-02 23:16:24 UTC,P,,,2021-01-25,,,,,J1772,US,,,,Public,,public,,,CAR_DEALER,,,,,,,Free,,,,,,,,,,True,,,,,,,,LD,False,
ELEC,BLARNEY CASTLE MANISTERY 1,1021 E Parkdale Ave,,Manistee,MI,49660,,888-758-4389,E,,Public,24 hours daily,,,,,,,1.0,,ChargePoint Network,https://www.chargepoint.com,GPS,44.270128,-86.283229,2026-08-09,183778,2026-08-09 01:52:19 UTC,,,,2021-02-04,,,,,CHADEMO J1772COMBO,US,,,,Public,,public,,,,,,,,,,,,,,,,,,,,False,,,,,,,,,False,
ELEC,BLARNEY CASTLE MANISTERY 2,1021 E Parkdale Ave,,Manistee,MI,49660,,888-758-4389,E,,Public,24 hours daily,,,,,,,1.0,,ChargePoint Network,https://www.chargepoint.com,GPS,44.270151,-86.283237,2026-08-09,183779,2026-08-09 01:52:19 UTC,,,,2021-02-04,,,,,CHADEMO J1772COMBO,US,,,,Public,,public,,,,,,,,,,,,,,,,,,,,False,,,,,,,,,False,
ELEC,BLARNEY CASTLE PETOSKEY 1,1087 US-31,,Petoskey,MI,49770,,888-758-4389,E,,Public,24 hours daily,,,,,,,1.0,,ChargePoint Network,https://www.chargepoint.com,GPS,45.388928,-84.921159,2026-08-09,183807,2026-08-09 01:52:23 UTC,,,,2021-02-05,,,,,CHADEMO J1772COMBO,US,,,,Public,,public,,,,,,,,,,,,,,,,,,,,False,,,,,,,,,False,
ELEC,BLARNEY CASTLE PETOSKEY 2,1087 US-31,,Petoskey,MI,49770,,888-758-4389,E,,Public,24 hours daily,,,,,,,1.0,,ChargePoint Network,https://www.chargepoint.com,GPS,45.388915,-84.921178,2026-08-09,183842,2026-08-09 01:50:31 UTC,,,,2021-02-06,,,,,CHADEMO J1772COMBO,US,,,,Public,,public,,,,,,,,,,,,,,,,,,,,False,,,,,,,,,False,
ELEC,MEIJER STORES 237 WARREN 3,29505 Mound Rd,South side of store,Warren,MI,48092,,888-758-4389,E,,Public,24 hours daily,,,,,,2.0,,,ChargePoint Network,https://www.chargepoint.com,GPS,42.509027,-83.048861,2026-08-09,183851,2026-08-09 01:52:11 UTC,,,,2021-02-06,,,,,J1772,US,,,,Public,,public,,,,,,,,,,,,,,,,,,,,False,,,,,,,,,False,
ELEC,TOWNS MARATHON DC STATION #1,13200 32 Mile Rd,,Washington,MI,48095,,888-758-4389,E,,Public,24 hours daily,,,,,,,1.0,,ChargePoint Network,https://www.chargepoint.com,GPS,42.802188,-83.003676,2026-08-09,184185,2026-08-09 01:52:27 UTC,,,,2021-02-10,,,,,CHADEMO TESLA,US,,,,Public,,public,,,,,,,,,,,,,,,,,,,,False,,,,,,,,,False,
ELEC,TOWNS MARATHON DC STATION #2,13200 32 Mile Rd,,Washington,MI,48095,,888-758-4389,E,,Public,24 hours daily,,,,,,,1.0,,ChargePoint Network,https://www.chargepoint.com,GPS,42.802503,-83.004357,2026-08-09,184186,2026-08-09 01:52:27 UTC,,,,2021-02-10,,,,,CHADEMO J1772COMBO,US,,,,Public,,public,,,,,,,,,,,,,,,,,,,,False,,,,,,,,,False,
ELEC,MOG EXPRESS LLC DC FAST 2,2897 Main St,Chargers behind building.,Marlette,MI,48453,,888-758-4389,E,,Public,24 hours daily,,,,,,,1.0,,ChargePoint Network,https://www.chargepoint.com,GPS,43.329815,-83.078706,2026-08-09,184211,2026-08-09 01:48:25 UTC,,,,2021-02-11,,,,,CHADEMO J1772COMBO,US,,,,Public,,public,,,,,,,,,,,,,,,,,,,,False,,,,,,,,,False,
ELEC,DAY PARKING LOT STATION #2,450 S Nicolet St,,Mackinaw City,MI,49701,,888-758-4389,E,,Public,24 hours daily,,,,,,2.0,,,ChargePoint Network,https://www.chargepoint.com,GPS,45.777117,-84.732027,2026-08-09,184214,2026-08-09 01:51:02 UTC,,,,2021-02-11,,,,,J1772,US,,,,Public,,public,,,,,,,,,,,,,,,,,,,,False,,,,,,,,,False,
ELEC,DAY PARKING LOT STATION #1,450 S Nicolet St,,Mackinaw City,MI,49701,,888-758-4389,E,,Public,24 hours daily,,,,,,2.0,,,ChargePoint Network,https://www.chargepoint.com,GPS,45.777139,-84.732028,2026-08-09,184215,2026-08-09 01:51:02 UTC,,,,2021-02-11,,,,,J1772,US,,,,Public,,public,,,,,,,,,,,,,,,,,,,,False,,,,,,,,,False,
ELEC,FEMA NORTH FEMA FCM,555 Washington St,North Parking Area Near Building Entrance,Otsego,MI,49078,,888-758-4389,E,,Public,24 hours daily,,,,,,2.0,,,ChargePoint Network,https://www.chargepoint.com,GPS,42.45343,-85.71119,2026-08-09,184219,2026-08-09 01:52:01 UTC,,,,2021-02-11,,,,,J1772,US,,,,Public,,public,,,,,,,,,,,,,,,,,,,,False,,,,,,,,,False,
ELEC,MOG EXPRESS LLC DC FAST 1,2897 Main St,Chargers behind building.,Marlette,MI,48453,,888-758-4389,E,,Public,24 hours daily,,,,,,,1.0,,ChargePoint Network,https://www.chargepoint.com,GPS,43.329841,-83.078704,2026-08-09,184222,2026-08-09 01:52:28 UTC,,,,2021-02-11,,,,,CHADEMO J1772COMBO,US,,,,Public,,public,,,,,,,,,,,,,,,,,,,,False,,,,,,,,,False,
ELEC,VISN10/Detroit VAMC,4646 John R St,,Detroit,MI,48201,,,E,,Private - Government only,Accepts fleet card,,,,,,1.0,,,Non-Networked,,GPS,42.35571,-83.059203,2025-12-12,184233,2026-02-02 23:16:24 UTC,FG,19.0,Department of Veterans Affairs,2021-01-15,,,,,J1772,US,,,,Privé - Réservé au gouvernement,,private,GOVERNMENT,VA,FED_GOV,,,,,,,$0.13 per kWh,,,,,,,,,,,,,,,,,,LD,True,
ELEC,NORTHWEST STATION,3274 Pasadena Ave,,Flint,MI,48504,,,E,,Private - Government only,,,,,,,2.0,,,Non-Networked,,GPS,43.046622,-83.743868,2025-12-12,184432,2026-02-02 23:16:24 UTC,FG,25.0,U.S. Postal Service,2021-01-15,,,,,J1772,US,,,,Privé - Réservé au gouvernement,,private,GOVERNMENT,USPS,FED_GOV,,,,,,,,,,,,,,,,,,,,,,,,,LD,True,
ELEC,STERLING HEIGHTS,7007 16 Mile Rd,,Sterling Heights,MI,48312,,,E,,Private - Government only,,,,,,,2.0,,,Non-Networked,,GPS,42.566225,-83.038474,2025-12-12,184433,2026-02-02 23:16:24 UTC,FG,25.0,U.S. Postal Service,2021-01-15,,,,,J1772,US,,,,Privé - Réservé au gouvernement,,private,GOVERNMENT,USPS,FED_GOV,,,,,,,,,,,,,,,,,,,,,,,,,LD,True,
ELEC,NOAA,4840 S State Rd,,Ann Arbor,MI,48108,,,E,,Private - Government only,Drivers must bring their own J1772 cordset for Level 1 charging,,,,,2.0,,,,Non-Networked,,GPS,42.22341,-83.72917,2025-12-12,184715,2026-02-02 23:16:24 UTC,FG,7.0,Department of Commerce,2021-01-15,,,,,NEMA515,US,,,,Privé - Réservé au gouvernement,,private,GOVERNMENT,DOC,FED_GOV,,,,,,,,,,,,,,,,,,,,,,,,,LD,True,
ELEC,FCI Milan,4004 Arkona Rd,,Milan,MI,48160,,,E,,Private - Government only,Fueling equipment located in a secure area with no public access,,,,,2.0,,,,Non-Networked,,GPS,42.094497,-83.668752,2024-11-06,184716,2026-02-02 23:16:24 UTC,FG,12.0,Department of Justice,2021-01-15,,,,,NEMA515,US,,,,Privé - Réservé au gouvernement,,private,GOVERNMENT,DOJ,FED_GOV,,,,,,,,,,,,,,,,,,,,,,,,,LD,True,
ELEC,CSMS,3323 N Martin Luther King Jr Blvd,,Lansing,MI,48906,,,E,,Private - Government only,Drivers must bring their own J1772 cordset for Level 1 charging; Accepts fleet card,,,,,4.0,,,,Non-Networked,,GPS,42.7676,-84.5705,2025-12-12,184776,2026-02-02 23:16:24 UTC,FG,6.0,Department of Army,2021-01-15,,,,,NEMA515,US,,,,Privé - Réservé au gouvernement,,private,GOVERNMENT,DA,FED_GOV,,,,,,,,,,,,,,,,,,,,,,,,,LD,True,
ELEC,EPA Ann Arbor - Station 1,2565 Plymouth Rd,,Ann Arbor,MI,48105,,,E,,Private,,A D M V,,,,,6.0,,,Non-Networked,,GPS,42.303847,-83.710984,2025-12-12,184845,2026-02-02 23:16:24 UTC,FG,20.0,U.S. Environmental Protection Agency,2021-01-15,,,,,J1772,US,,,,Privé,,private,,EPA,FED_GOV,,,,,,,,,,,,,,,,,,,,,,,,,,True,
ELEC,Walloon Lake Public Lot,4078 M-75,,Walloon Lake,MI,49796,,231-535-2310,E,,Public,24 hours daily,,,,,,1.0,,,Non-Networked,,GPS,45.264183,-84.932411,2025-07-03,185018,2026-02-02 23:16:24 UTC,P,,,2021-02-08,,,,,J1772,US,,,,Public,,public,,,PARKING_LOT,,,,,,,Free,,,,,,,,,,False,,,,,,,,LD,False,
ELEC,North Central Michigan College - Library,1515 Howard St,,Petoskey,MI,49770,,888-298-6605,E,,Public,24 hours daily,,,,,,1.0,,,Non-Networked,,GPS,45.361382,-84.954296,2025-07-03,185019,2026-02-02 23:16:24 UTC,P,,,2021-02-08,,,,,J1772,US,,,,Public,,public,,,COLLEGE_CAMPUS,,,,,,,Free,,,,,,,,,,False,,,,,,,,LD,False,
ELEC,CBS Solar,16880 Front St,,Copemish,MI,49625,,231-378-2936,E,,Public,24 hours daily,,,,,,4.0,,,Non-Networked,,GPS,44.481482,-85.924934,2025-07-03,185021,2026-02-02 23:16:24 UTC,P,,,2021-02-08,,,,,J1772 TESLA,US,,,,Public,,public,,,OFFICE_BLDG,,,,,,,Free,,,,,,,,,,False,,,,,,,,LD,False,
ELEC,Watson Ludington Chrysler,3632 W US-10,,Ludington,MI,49431,,231-239-6355,E,,Public,Dealership business hours; for customers only,,,,,,1.0,,,Non-Networked,,GPS,43.956754,-86.370653,2025-08-12,185023,2026-02-02 23:16:24 UTC,P,,,2021-02-08,,,,,J1772,US,,,,Public,,public,,,CAR_DEALER,,,,,,,Free,,,,,,,,,,True,,,,,,,,LD,False,
ELEC,Great Lakes Energy Co-Op,2183 N Water Rd,,Hart,MI,49420,,888-485-2537,E,,Public,24 hours daily,,,,,,2.0,,,Non-Networked,,GPS,43.684125,-86.364254,2025-07-03,185025,2026-02-02 23:16:24 UTC,P,,,2021-02-08,,,,,J1772,US,,,,Public,,public,,,UTILITY,,,,,,,$0.14 per kWh,,,,,,,,,,False,,,,,,,,LD,False,
ELEC,Muskegon Innovation Hub at Grand Valley State University,200 Viridian Dr,,Muskegon,MI,49440,,616-331-6900,E,,Public,24 hours daily,,,,,,1.0,,,Non-Networked,,GPS,43.241798,-86.252835,2025-07-03,185027,2026-02-02 23:16:24 UTC,P,,,2021-02-08,,,,,J1772,US,,,,Public,,public,,,COLLEGE_CAMPUS,,,,,,,Free,,,,,,,,,,False,,,,,,,,LD,False,
ELEC,Graff Chevrolet,3636 Wilder Rd,,Bay City,MI,48706,,989-391-5231,E,,Public,Dealership business hours,,,,,,1.0,,,Non-Networked,,GPS,43.623042,-83.908028,2025-07-03,185028,2026-02-02 23:16:24 UTC,P,,,2021-02-08,,,,,J1772,US,,,,Public,,public,,,CAR_DEALER,,,,,,,Free,,,,,,,,,,False,,,,,,,,LD,False,
ELEC,Thelen Chrysler Jeep Dodge Ram,4191 N Euclid Ave,,Bay City,MI,48706,,,E,,Private,Dealership business hours; employee use only,,,,,,2.0,,,Non-Networked,,GPS,43.618655,-83.913488,2023-08-10,185029,2025-11-18 15:45:04 UTC,P,,,2021-02-08,,,,,J1772,US,,,,Privé,,private,,,CAR_DEALER,,,,,,,,,,,,,,,,,,,,,,,,,LD,False,
ELEC,Thelen Audi Volkswagen Mazda,1112 N Euclid Ave,,Bay City,MI,48706,,989-684-2980,E,,Public,Dealership business hours; dealership use only,,,,,,2.0,,,Non-Networked,,GPS,43.616183,-83.913952,2025-08-12,185030,2026-02-02 23:16:24 UTC,P,,,2021-02-08,,,,,J1772,US,,,,Public,,public,,,CAR_DEALER,,,,,,,Free,,,,,,,,,,True,,,,,,,,LD,False,
ELEC,Showcase Mitsubishi,1242 S Euclid Ave,,Bay City,MI,48706,,989-684-0500,E,,Public,Dealership business hours,,,,,,3.0,,,Non-Networked,,GPS,43.587926,-83.916298,2025-07-03,185031,2026-02-02 23:16:24 UTC,P,,,2021-02-08,,,,,J1772,US,,,,Public,,public,,,CAR_DEALER,,,,,,,Free,,,,,,,,,,False,,,,,,,,LD,False,
ELEC,Cork ’N’ Ale,1607 E Patrick Rd,,Midland,MI,48642,,989-835-3333,E,,Public,24 hours daily,,,,,,2.0,,,Non-Networked,,GPS,43.612484,-84.208593,2025-07-03,185032,2026-02-02 23:16:24 UTC,P,,,2021-02-08,,,,,J1772,US,,,,Public,,public,,,OTHER,,,,,,,Free,,,,,,,,,,False,,,,,,,,LD,False,
ELEC,The H Hotel,111 W Main St,,Midland,MI,48640,,989-839-0500,E,,Public,24 hours daily; for customer use only,,,,,,1.0,,,Non-Networked,,GPS,43.612944,-84.246214,2025-06-06,185033,2026-02-02 23:16:24 UTC,P,,,2021-02-08,,,,,J1772,US,,,,Public,,public,,,HOTEL,,,,,,,Free,,,,,,,,,,True,,,,,,,,LD,False,
ELEC,Garber Chevrolet Midland,1700 N Saginaw Rd,,Midland,MI,48640,,,E,,Private,Dealership business hours; dealership use only,,,,,,1.0,1.0,,Non-Networked,,GPS,43.641606,-84.247783,2025-07-03,185034,2026-02-02 23:16:24 UTC,P,,,2021-02-08,,,,,J1772 J1772COMBO,US,,,,Privé,,private,,,CAR_DEALER,,,,,,,,,,,,,,,,,,,,,,,,,LD,True,
ELEC,Cole’s Wrecker Service & Garage,323 W Saginaw Rd,,Sanford,MI,48657,,989-442-6537,E,,Public,24 hours daily; by appointment only,,,,,,1.0,,,Non-Networked,,GPS,43.672109,-84.381557,2025-07-03,185036,2026-02-02 23:16:24 UTC,P,,,2021-02-08,,,,,J1772,US,,,,Public,,public,,,AUTO_REPAIR,,,,,,,Free,,,,,,,,,,True,,,,,,,,LD,False,
ELEC,Consumers Energy Co,1 Consumers Energy Pkwy,,Clare,MI,48617,,800-477-0490,E,,Public,24 hours daily,,,,,,4.0,,,Non-Networked,,GPS,43.845482,-84.758765,2025-08-12,185037,2026-02-02 23:16:24 UTC,P,,,2021-02-08,,,,,J1772,US,,,,Public,,public,,,UTILITY,,,,,,,Free,,,,,,,,,,False,,,,,,,,LD,False,
ELEC,Great Lakes Energy Co-Op,4493 S 200th Ave,,Reed City,MI,49677,,888-485-2537,E,,Public,24 hours daily,,,,,,2.0,,,Non-Networked,,GPS,43.879042,-85.483829,2025-07-03,185038,2026-02-02 23:16:24 UTC,P,,,2021-02-08,,,,,J1772,US,,,,Public,,public,,,UTILITY,,,,,,,$0.14 per kWh,,,,,,,,,,False,,,,,,,,LD,False,
ELEC,Team 1 Plastics,927 Elliott St,,Albion,MI,49224,,517-629-2178,E,,Public,24 hours daily; customers and employees only,,,,,,2.0,,,Non-Networked,,GPS,42.256113,-84.778993,2025-08-12,185039,2026-02-02 23:16:24 UTC,P,,,2021-02-08,,,,,J1772,US,,,,Public,,public,,,FACTORY,,,,,,,Free,,,,,,,,,,True,,,,,,,,LD,True,
ELEC,Home2 Suites by Hilton - Battle Creek,13350 6 1/2 Mile Rd,,Battle Creek,MI,49014,,269-883-8300,E,,Public,24 hours daily; for customer use only,,,,,,4.0,,,Non-Networked,,GPS,42.267575,-85.168899,2026-07-15,185071,2026-07-15 18:47:09 UTC,P,,,2021-02-08,,,,,J1772 TESLA,US,,,,Public,,public,,,HOTEL,,,,,,,Free,,,,,,,,,,True,,,,,,,,LD,False,
ELEC,Best Western Dewitt,1055 Aaron Dr,,Dewitt,MI,48820,,517-374-0000,E,,Public,24 hours daily; for customer use only,,,,,,1.0,,,Non-Networked,,GPS,42.810741,-84.544336,2025-06-06,185072,2026-02-02 23:16:24 UTC,P,,,2021-02-08,,,,,J1772,US,,,,Public,,public,,,HOTEL,,,,,,,Free,,,,,,,,,,True,,,,,,,,LD,False,
ELEC,The Heights at Eastwood,2415 Showtime Dr,Inside gated parking ramp,Lansing,MI,48912,,517-316-9209,E,,Public,24 hours daily,,,,,,2.0,,,Non-Networked,,GPS,42.767855,-84.515519,2025-09-12,185073,2026-02-02 23:16:24 UTC,P,,,2021-02-08,,,,,J1772,US,,,,Public,,public,,,PARKING_GARAGE,,,,,,,Free,,,,,,,,,,False,,,,,,,,LD,False,
ELEC,CAE Inc,10087 Industrial Dr,,Township of Hamburg,MI,48189,,810-599-3136,E,,Public,24 hours daily,,,,,,5.0,,,Non-Networked,,GPS,42.454892,-83.791451,2023-06-12,185075,2025-10-09 16:29:25 UTC,P,,,2021-02-08,,,,,J1772 TESLA,US,,,,Public,,public,,,OTHER,,,,,,,,,,,,,,,,,False,,,,,,,,LD,False,
ELEC,Serra Ford,39300 W 10 Mile Rd,,Farmington Hills,MI,48335,,248-474-1234,E,,Public,Dealership business hours; for customer and service center use only,,,,,,2.0,,,Non-Networked,,GPS,42.46901,-83.433646,2025-07-03,185078,2026-02-02 23:16:24 UTC,P,,,2017-01-01,,,,,J1772,US,,,,Public,,public,,,CAR_DEALER,,,,,,,Free,,,,,,,,,,True,,,,,,,,LD,False,
ELEC,Freedom Plaza,37085 Grand River Ave,,Farmington,MI,48335,,,E,,Private,24 hours daily; employee use only,,,,,,2.0,,,Non-Networked,,GPS,42.46787,-83.414567,2025-07-03,185080,2026-02-02 23:16:24 UTC,P,,,2021-02-08,,,,,J1772,US,,,,Privé,,private,,,OFFICE_BLDG,,,,,,,,,,,,,,,,,,,,,,,,,LD,True,
ELEC,Residence Inn by Marriott Detroit Farmington Hills,33163 Hamilton Ct,,Farmington Hills,MI,48334,,248-516-1201,E,,Public,24 hours daily; for customer use only,,,,,,7.0,,,Non-Networked,,GPS,42.496216,-83.376223,2025-06-06,185081,2026-02-02 23:16:24 UTC,P,,,2021-02-08,,,,,J1772,US,,,,Public,,public,,,HOTEL,,,,,,,Free,,,,,,,,,,True,,,,,,,,LD,False,
ELEC,Courtyard by Marriott - Detroit Farmington Hills,33043 Hamilton Ct,,Farmington Hills,MI,48334,,248-516-1400,E,,Public,24 hours daily; for customer use only,,,,,,3.0,,,Non-Networked,,GPS,42.49602,-83.373856,2025-06-06,185082,2026-02-02 23:16:24 UTC,P,,,2021-02-08,,,,,J1772,US,,,,Public,,public,,,HOTEL,,,,,,,Free,,,,,,,,,,True,,,,,,,,LD,False,
ELEC,"Dearborn, Michigan - East Parking Deck",22201 W Village Dr,,Dearborn,MI,48124,,313-943-3141,E,,Public,24 hours daily,,,,,,1.0,,,Non-Networked,,GPS,42.304394,-83.247935,2023-08-10,185086,2025-07-10 16:27:30 UTC,P,,,2021-02-08,,,,,J1772,US,,,,Public,,public,,,PARKING_GARAGE,,,,,,,,,,,,,,,,,False,,,,,,,,LD,False,
ELEC,John D. Dingell Transit Center,21201 Michigan Ave,,Dearborn,MI,48124,,800-872-7245,E,,Public,24 hours daily,,,,,,3.0,,,Non-Networked,,GPS,42.307593,-83.235207,2023-06-12,185087,2025-10-27 18:09:32 UTC,P,,,2021-02-08,,,,,J1772,US,,,,Public,,public,,,TRAVEL_CENTER,,,,,,,,,,,,,,,,,False,,,,,,,,LD,False,
ELEC,University of Michigan - Dearborn - Monteith Parking Structure,4901 Evergreen Rd,,Dearborn,MI,48128,,313-593-5000,E,,Public,24 hours daily,CREDIT,,,,,2.0,,,Non-Networked,,GPS,42.320545,-83.236852,2025-08-12,185088,2026-02-02 23:16:24 UTC,P,,,2021-02-08,,,,,J1772,US,,,,Public,,public,,,COLLEGE_CAMPUS,,,,,,,$1.70 per hour,,,,,,,,,,False,,,,,,,,LD,False,
ELEC,University of Michigan - Dearborn - Parking Lot A,4901 Evergreen Rd,,Dearborn,MI,48128,,313-593-5000,E,,Public,24 hours daily,CREDIT,,,,,2.0,,,Non-Networked,,GPS,42.318078,-83.235432,2025-08-12,185089,2026-02-02 23:16:24 UTC,P,,,2021-02-08,,,,,J1772,US,,,,Public,,public,,,COLLEGE_CAMPUS,,,,,,,$1.70 per hour,,,,,,,,,,False,,,,,,,,LD,False,
ELEC,Just Splash Universe Resort,102 Whitetail Dr,,Dundee,MI,48131,,734-529-5100,E,,Public,24 hours daily; for customer use only,,,,,,1.0,,,Non-Networked,,GPS,41.961207,-83.674764,2025-06-06,185092,2026-02-02 23:16:24 UTC,P,,,2021-02-08,,,,,J1772,US,,,,Public,,public,,,HOTEL,,,,,,,,,,,,,,,,,True,,,,,,,,LD,False,
ELEC,PLAINFIELD MB MARKET #320B,3110 Plainfield Ave NE,West side of store,Grand Rapids,MI,49505,,888-758-4389,E,,Public,24 hours daily,,,,,,,1.0,,ChargePoint Network,https://www.chargepoint.com,GPS,43.018294,-85.638589,2026-08-09,185575,2026-08-09 01:52:38 UTC,,,,2021-03-05,,,,,CHADEMO J1772COMBO,US,,,,Public,,public,,,,,,,,,,,,,,,,,,,,False,,,,,,,,,False,
ELEC,PLAINFIELD MB MARKET #320A,3110 Plainfield Ave NE,West side of store,Grand Rapids,MI,49505,,888-758-4389,E,,Public,24 hours daily,,,,,,,1.0,,ChargePoint Network,https://www.chargepoint.com,GPS,43.018251,-85.638567,2026-08-09,185576,2026-08-09 01:52:38 UTC,,,,2021-03-05,,,,,CHADEMO J1772COMBO,US,,,,Public,,public,,,,,,,,,,,,,,,,,,,,False,,,,,,,,,False,
ELEC,My CDJRF,4650 E Pickard St,,Mt. Pleasant,MI,48858,,989-444-5816,E,,Public,Dealership business hours,,,,,,1.0,,,Non-Networked,,GPS,43.61119,-84.754923,2025-08-12,186185,2026-02-02 23:16:24 UTC,P,,,2021-03-08,,,,,J1772,US,,,,Public,,public,,,CAR_DEALER,,,,,,,Free,,,,,,,,,,False,,,,,,,,LD,False,
ELEC,Feeny CDJR of Midland,7400 Eastman Ave,,Midland,MI,48642,,,E,,Private,Dealership business hours; dealership use only,,,,,,1.0,,,Non-Networked,,GPS,43.664943,-84.245872,2025-07-03,186915,2026-02-02 23:16:24 UTC,P,,,2021-03-29,,,,,J1772,US,,,,Privé,,private,,,CAR_DEALER,,,,,,,,,,,,,,,,,,,,,,,,,LD,False,
ELEC,Fox Grand Traverse Ford,3464 N US 31 South,,Traverse City,MI,49684,,866-799-1016,E,,Public,Dealership business hours,,,,,,1.0,,,Non-Networked,,GPS,44.736065,-85.645002,2023-06-12,186916,2025-07-11 19:52:41 UTC,P,,,2021-03-29,,,,,J1772,US,,,,Public,,public,,,CAR_DEALER,,,,,,,,,,,,,,,,,False,,,,,,,,LD,False,
ELEC,Fairfield Inn & Suites by Marriott Gaylord,826 Carpenter St,,Gaylord,MI,49735,,989-448-2967,E,,Public,24 hours daily; for customer use only; see front desk for access,,,,,,2.0,,,Non-Networked,,GPS,45.028775,-84.684369,2025-06-06,186917,2026-02-02 23:16:24 UTC,P,,,2021-03-29,,,,,J1772,US,,,,Public,,public,,,HOTEL,,,,,,,Free,,,,,,,,,,True,,,,,,,,LD,False,
ELEC,Wheeler Chevrolet Buick,11401 N Straits Hwy,,Cheboygan,MI,49721,,231-333-5136,E,,Public,Dealership business hours; dealership and customer use only,,,,,,1.0,,,Non-Networked,,GPS,45.623821,-84.478941,2025-07-03,186918,2026-02-02 23:16:24 UTC,P,,,2021-03-29,,,,,J1772,US,,,,Public,,public,,,CAR_DEALER,,,,,,,Free,,,,,,,,,,True,,,,,,,,LD,False,
ELEC,Tubbs Brothers Ford Chrysler Dodge Jeep Ram,959 Sanilac Rd,,Sandusky,MI,48471,,810-648-0000,E,,Public,Dealership business hours,,,,,,1.0,,,Non-Networked,,GPS,43.419585,-82.866904,2026-07-15,186919,2026-07-15 18:47:09 UTC,P,,,2021-03-29,,,,,J1772,US,,,,Public,,public,,,CAR_DEALER,,,,,,,Free,,,,,,,,,,True,,,,,,,,LD,False,
ELEC,McLaren Port Huron,1221 Pine Grove Ave,,Port Huron,MI,48060,,810-987-5000,E,,Public,24 hours daily,,,,,,4.0,,,Non-Networked,,GPS,42.985885,-82.427852,2025-08-12,186920,2026-02-02 23:16:24 UTC,P,,,2021-03-29,,,,,J1772,US,,,,Public,,public,,,HOSPITAL,,,,,,,Free,,,,,,,,,,False,,,,,,,,LD,False,
ELEC,McLaren Port Huron - Physician Parking Only,1221 Pine Grove Ave,,Port Huron,MI,48060,,810-987-5000,E,,Public,24 hours daily; for employee use only,,,,,,4.0,,,Non-Networked,,GPS,42.986561,-82.430634,2025-08-12,186921,2026-02-02 23:16:24 UTC,P,,,2021-03-29,,,,,J1772,US,,,,Public,,public,,,HOSPITAL,,,,,,,Free,,,,,,,,,,True,,,,,,,,LD,True,
ELEC,Verizon - Southfield,1 Town Square,,Southfield,MI,48076,,,E,,Private,24 hours daily,,,,,,2.0,,,Non-Networked,,200-9,42.483723,-83.25342,2025-12-12,187071,2026-05-18 20:35:46 UTC,P,,,2020-12-27,,,,,J1772,US,,,,Privé,,private,,,OFFICE_BLDG,,,,,,,,,,,,,,,,,,,,,,,,,LD,True,
ELEC,HFHS WB MAIN LOT 1A,6777 W Maple Rd,,West Bloomfield Township,MI,48322,,888-758-4389,E,,Public,24 hours daily,,,,,,2.0,,,ChargePoint Network,https://www.chargepoint.com,GPS,42.539301,-83.407362,2026-08-09,187235,2026-08-09 01:53:40 UTC,,,,2021-04-09,,,,,J1772,US,,,,Public,,public,,,,,,,,,,,,,,,,,,,,False,,,,,,,,,False,
ELEC,Beaubian Place Garage,238 Beaubien Blvd,,Detroit,MI,48226,,313-568-5676,E,,Public,24 hours daily,,,,,,10.0,,,Non-Networked,,GPS,42.329203,-83.037957,2025-08-12,187703,2026-02-02 23:16:24 UTC,P,,,2021-04-12,,,,,J1772,US,,,,Public,,public,,,PAY_GARAGE,,,,,,,Free; pay lot,,,,,,,,,,False,,,,,,,,LD,False,
ELEC,HFHS WB MAIN LOT 1B,6777 W Maple Rd,,West Bloomfield Township,MI,48322,,888-758-4389,E,,Public,24 hours daily,,,,,,2.0,,,ChargePoint Network,https://www.chargepoint.com,GPS,42.539475,-83.407567,2026-08-09,187746,2026-08-09 01:54:11 UTC,,,,2021-04-17,,,,,J1772,US,,,,Public,,public,,,,,,,,,,,,,,,,,,,,False,,,,,,,,,False,
ELEC,HAMPTON -YPSI DTWYP #1,515 James L Hart Pkwy,Parking Lot,Ypsilanti,MI,48197,,888-758-4389,E,,Public,24 hours daily,,,,,,2.0,,,ChargePoint Network,https://www.chargepoint.com,GPS,42.224688,-83.620799,2026-08-09,187890,2026-08-09 01:53:37 UTC,,,,2021-04-23,,,,,J1772,US,,,,Public,,public,,,,,,,,,,,,,,,,,,,,False,,,,,,,,,False,
ELEC,DEMAAGD GMC STATION 1,333 W Dickman Rd,,Battle Creek,MI,49037,,888-758-4389,E,,Public,24 hours daily,,,,,,,1.0,,ChargePoint Network,https://www.chargepoint.com,GPS,42.318349,-85.195859,2026-08-09,187902,2026-08-09 01:54:48 UTC,,,,2021-04-23,,,,,CHADEMO J1772COMBO,US,,,,Public,,public,,,,,,,,,,,,,,,,,,,,False,,,,,,,,,False,
ELEC,Lynden Sports Center,1011 O’Malley Dr,,Coopersville,MI,49404,,616-997-8888,E,,Public,24 hours daily,,,,,,2.0,,,Non-Networked,,GPS,43.055723,-85.951868,2023-06-12,189351,2025-10-09 16:34:57 UTC,P,,,2021-05-03,,,,,J1772,US,,,,Public,,public,,,OTHER,,,,,,,,,,,,,,,,,False,,,,,,,,LD,False,
ELEC,LANSING AUTO MERCEDES 01,2743 Jolly Rd,North of Mercedes-Benz Building,Okemos,MI,48864,,888-758-4389,E,,Public,24 hours daily,,,,,,2.0,,,ChargePoint Network,https://www.chargepoint.com,GPS,42.6824,-84.44881,2026-08-09,189491,2026-08-09 01:55:26 UTC,,,,2021-05-11,,,,,J1772,US,,,,Public,,public,,,,,,,,,,,,,,,,,,,,False,,,,,,,,,False,
ELEC,CUST. CHARGING MB NOVI 1,39550 Grand River Ave,,Novi,MI,48375,,888-758-4389,E,,Public,24 hours daily,,,,,,2.0,,,ChargePoint Network,https://www.chargepoint.com,GPS,42.47302,-83.436326,2026-08-09,189679,2026-08-09 01:55:28 UTC,,,,2021-05-14,,,,,J1772,US,,,,Public,,public,,,,,,,,,,,,,,,,,,,,False,,,,,,,,,False,
ELEC,City of St. Clair Shores,27600 Jefferson Ave,,St Clair Shores,MI,48081,,866-816-7584,E,,Public,24 hours daily,,,,,,3.0,,,EV Connect,https://www.evconnect.com,GPS,42.495635,-82.888077,2026-08-09,189894,2026-08-09 03:47:46 UTC,,,,2021-01-14,,,,,J1772,US,,,,Public,,public,,,,,,,,,,,,,,,,,,,,False,,,,,,,,,False,
ELEC,CCLCHARGER ONE,226 Bostwick St S,North side of the building,Charlotte,MI,48813,,888-758-4389,E,,Public,24 hours daily,,,,,,2.0,,,ChargePoint Network,https://www.chargepoint.com,GPS,42.561455,-84.837685,2026-08-09,191033,2026-08-09 01:56:37 UTC,,,,2021-06-16,,,,,J1772,US,,,,Public,,public,,,,,,,,,,,,,,,,,,,,False,,,,,,,,,False,
ELEC,HION NETWORK ROGERS CITY 2,200 W Erie St,,Rogers City,MI,49779,,888-758-4389,E,,Public,24 hours daily,,,,,,,1.0,,ChargePoint Network,https://www.chargepoint.com,GPS,45.419024,-83.816906,2026-08-09,191235,2026-08-09 01:56:47 UTC,,,,2021-06-19,,,,,CHADEMO J1772COMBO,US,,,,Public,,public,,,,,,,,,,,,,,,,,,,,False,,,,,,,,,False,
ELEC,HION NETWORK ROGERS CITY 1,200 W Erie St,,Rogers City,MI,49779,,888-758-4389,E,,Public,24 hours daily,,,,,,,1.0,,ChargePoint Network,https://www.chargepoint.com,GPS,45.419004,-83.816894,2026-08-09,191236,2026-08-09 01:56:47 UTC,,,,2021-06-19,,,,,CHADEMO J1772COMBO,US,,,,Public,,public,,,,,,,,,,,,,,,,,,,,False,,,,,,,,,False,
ELEC,PS FOOD MARTS WHITMORE LK #2,50 N Territorial Rd W,East side of building,Whitmore Lake,MI,48189,,888-758-4389,E,,Public,24 hours daily,,,,,,,1.0,,ChargePoint Network,https://www.chargepoint.com,GPS,42.379059,-83.759071,2026-08-09,191538,2026-08-09 01:57:03 UTC,,,,2021-06-26,,,,,CHADEMO J1772COMBO,US,,,,Public,,public,,,,,,,,,,,,,,,,,,,,False,,,,,,,,,False,
ELEC,PS FOOD MARTS WHITMORE LK #1,50 N Territorial Rd W,East side of building,Whitmore Lake,MI,48189,,888-758-4389,E,,Public,24 hours daily,,,,,,,1.0,,ChargePoint Network,https://www.chargepoint.com,GPS,42.379033,-83.759066,2026-08-09,191539,2026-08-09 01:57:04 UTC,,,,2021-06-26,,,,,CHADEMO J1772COMBO,US,,,,Public,,public,,,,,,,,,,,,,,,,,,,,False,,,,,,,,,False,
ELEC,CHARGERS1AND2 AHF 1,21400 Oakwood,,Dearborn,MI,48124,,888-758-4389,E,,Public,Mon: 8:30am-6:00pm; Tue: 8:30am-6:00pm; Wed: 8:30am-6:00pm; Thu: 8:30am-6:00pm; Fri: 8:30am-6:00pm; Sat: 8:30am-6:00pm; Sun: 8:30am-6:00pm,,,,,,2.0,,,ChargePoint Network,https://www.chargepoint.com,GPS,42.302408,-83.23714,2026-08-09,192593,2026-08-09 01:56:23 UTC,,,,2021-07-07,,,,,J1772,US,,,,Public,,public,,,,,,,,,,,,,,,,,,,,False,,,,,,,,,False,
ELEC,5169 HARVEY ST 5169 HARVEY #1,5169 Harvey St,,Norton Shores,MI,49444,,888-758-4389,E,,Public,24 hours daily,,,,,,2.0,,,ChargePoint Network,https://www.chargepoint.com,GPS,43.158084,-86.206606,2026-08-09,192788,2026-08-09 01:57:45 UTC,,,,2021-07-13,,,,,J1772,US,,,,Public,,public,,,,,,,,,,,,,,,,,,,,False,,,,,,,,,False,
ELEC,GLE STATION 2,525 W. US-10,,Scottville,MI,49454,,888-758-4389,E,,Public,24 hours daily,,,,,,,1.0,,ChargePoint Network,https://www.chargepoint.com,GPS,43.954685,-86.292309,2026-08-09,192846,2026-08-09 01:46:58 UTC,,,,2021-07-15,,,,,CHADEMO J1772COMBO,US,,,,Public,,public,,,,,,,,,,,,,,,,,,,,False,,,,,,,,,False,
ELEC,GLE STATION 3,460 US-10,,Scottville,MI,49454,,888-758-4389,E,,Public,24 hours daily,,,,,,,1.0,,ChargePoint Network,https://www.chargepoint.com,GPS,43.954701,-86.292292,2026-08-09,192859,2026-08-09 01:50:13 UTC,,,,2021-07-15,,,,,CHADEMO J1772COMBO,US,,,,Public,,public,,,,,,,,,,,,,,,,,,,,False,,,,,,,,,False,
ELEC,GLE STATION 4,460 US-10,,Scottville,MI,49454,,888-758-4389,E,,Public,24 hours daily,,,,,,,1.0,,ChargePoint Network,https://www.chargepoint.com,GPS,43.95471,-86.292304,2026-08-09,192860,2026-08-09 01:50:13 UTC,,,,2021-07-15,,,,,CHADEMO J1772COMBO,US,,,,Public,,public,,,,,,,,,,,,,,,,,,,,False,,,,,,,,,False,
ELEC,GLE STATION 1,460 US-10,,Scottville,MI,49454,,888-758-4389,E,,Public,24 hours daily,,,,,,,1.0,,ChargePoint Network,https://www.chargepoint.com,GPS,43.954709,-86.292312,2026-08-09,192861,2026-08-09 01:50:13 UTC,,,,2021-07-15,,,,,CHADEMO J1772COMBO,US,,,,Public,,public,,,,,,,,,,,,,,,,,,,,False,,,,,,,,,False,
ELEC,WATERFALL-JLRS STATION 1,5619 Dixie Hwy,,Waterford Township,MI,48329,,888-758-4389,E,,Public,24 hours daily,,,,,,2.0,,,ChargePoint Network,https://www.chargepoint.com,GPS,42.699753,-83.399994,2026-08-09,193151,2026-08-09 01:58:18 UTC,,,,2021-07-24,,,,,J1772,US,,,,Public,,public,,,,,,,,,,,,,,,,,,,,False,,,,,,,,,False,
ELEC,MADDEN’S LOUNGE MADDEN 1,809 N State Rd,Back side of building,Davison,MI,48423,,888-758-4389,E,,Public,24 hours daily,,,,,,2.0,,,ChargePoint Network,https://www.chargepoint.com,GPS,43.038806,-83.518536,2026-08-09,193253,2026-08-09 01:57:53 UTC,,,,2021-07-28,,,,,J1772,US,,,,Public,,public,,,,,,,,,,,,,,,,,,,,False,,,,,,,,,False,
ELEC,SHED 2 LOT EMP1,2518 Market St,,Detroit,MI,48207,,888-758-4389,E,,Public,24 hours daily,,,,,,2.0,,,ChargePoint Network,https://www.chargepoint.com,GPS,42.345976,-83.039721,2026-08-09,193714,2026-08-09 01:58:35 UTC,,,,2021-08-10,,,,,J1772,US,,,,Public,,public,,,,,,,,,,,,,,,,,,,,False,,,,,,,,,False,
ELEC,SHED 2 LOT EMP2,2518 Market St,,Detroit,MI,48207,,888-758-4389,E,,Public,24 hours daily,,,,,,2.0,,,ChargePoint Network,https://www.chargepoint.com,GPS,42.345982,-83.039674,2026-08-09,193715,2026-08-09 01:58:35 UTC,,,,2021-08-10,,,,,J1772,US,,,,Public,,public,,,,,,,,,,,,,,,,,,,,False,,,,,,,,,False,
ELEC,DOWNTOWN SQUARE STATION 1,130 W McLeod Ave,,Ironwood,MI,49938,,888-758-4389,E,,Public,24 hours daily,,,,,,2.0,,,ChargePoint Network,https://www.chargepoint.com,GPS,46.452584,-90.169802,2026-08-09,193735,2026-08-09 01:49:52 UTC,,,,2021-08-11,,,,,J1772,US,,,,Public,,public,,,,,,,,,,,,,,,,,,,,False,,,,,,,,,False,
ELEC,ST. IVES TULLYMORE GOLF,11969 Tullymore Dr,St. Ives Golf Course,Canadian Lakes,MI,49346,,888-758-4389,E,,Public,24 hours daily,,,,,,2.0,,,ChargePoint Network,https://www.chargepoint.com,GPS,43.564699,-85.323109,2026-08-09,193807,2026-08-09 01:58:42 UTC,,,,2021-08-12,,,,,J1772,US,,,,Public,,public,,,,,,,,,,,,,,,,,,,,False,,,,,,,,,False,
ELEC,MEIJER STORES 232 FRUITPORT 1,5300 Harvey St.,,Muskegon,MI,49444,,888-758-4389,E,,Public,24 hours daily,,,,,,,1.0,,ChargePoint Network,https://www.chargepoint.com,GPS,43.155337,-86.203269,2026-08-09,193967,2026-08-09 01:59:02 UTC,,,,2021-08-17,,,,,CHADEMO J1772COMBO,US,,,,Public,,public,,,,,,,,,,,,,,,,,,,,False,,,,,,,,,False,
ELEC,"Marquette, MI - Tesla Supercharger",3630 US-41,,Marquette,MI,49855,,877-798-3752,E,,Public,24 hours daily. NACS partner enabled.,A D Debit M V,,,,,,8.0,,Tesla,https://www.tesla.com/supercharger,GPS,46.551972,-87.470448,2026-06-18,194059,2026-06-18 14:46:21 UTC,P,,,2021-07-01,,,,,TESLA,US,,,,Public,,public,,,GROCERY,,,,,,,,,,,,,,,,,False,,,,,,,,LD,True,
ELEC,"Portage, MI - Westnedge Avenue - Tesla Supercharger",5121 S Westnedge Avenue,,Portage,MI,49002,,877-798-3752,E,,Public,24 hours daily. NACS partner enabled.,A D Debit M V,,,,,,8.0,,Tesla,https://www.tesla.com/supercharger,GPS,42.24401,-85.587569,2026-06-18,194061,2026-06-18 14:46:21 UTC,P,,,2021-07-01,,,,,TESLA,US,,,,Public,,public,,,GROCERY,,,,,,,,,,,,,,,,,False,,,,,,,,LD,True,
ELEC,"Escanaba, MI - Tesla Supercharger",505 North 26th Street,,Escanaba,MI,49783,,877-798-3752,E,,Public,24 hours daily. NACS partner enabled.,A D Debit M V,,,,,,8.0,,Tesla,https://www.tesla.com/supercharger,GPS,45.750239,-87.085137,2026-06-18,194079,2026-06-18 14:46:21 UTC,P,,,2021-07-30,,,,,TESLA,US,,,,Public,,public,,,SHOPPING_CENTER,,,,,,,,,,,,,,,,,False,,,,,,,,LD,True,
ELEC,"Benton Harbor, MI - Tesla Supercharger",1920 Pipestone Road,,Benton Harbor,MI,49022,,877-798-3752,E,,Public,24 hours daily. NACS partner enabled.,A D Debit M V,,,,,,12.0,,Tesla,https://www.tesla.com/supercharger,GPS,42.082055,-86.423747,2026-06-18,194081,2026-06-18 14:46:21 UTC,P,,,2021-07-29,,,,,TESLA,US,,,,Public,,public,,,GROCERY,,,,,,,,,,,,,,,,,False,,,,,,,,LD,True,
ELEC,CHELSEAMICH PALMER COMMONS,308 S main St,,Chelsea,MI,48118,,888-758-4389,E,,Public,24 hours daily,,,,,,2.0,,,ChargePoint Network,https://www.chargepoint.com,GPS,42.315864,-84.021528,2026-08-09,194141,2026-08-09 01:59:07 UTC,,,,2021-08-20,,,,,J1772,US,,,,Public,,public,,,,,,,,,,,,,,,,,,,,False,,,,,,,,,False,
ELEC,CHELSEAMICH CITY BIG LOT,115 Park St,,Chelsea,MI,48118,,888-758-4389,E,,Public,24 hours daily,,,,,,2.0,,,ChargePoint Network,https://www.chargepoint.com,GPS,42.317698,-84.01949,2026-08-09,194142,2026-08-09 01:59:07 UTC,,,,2021-08-20,,,,,J1772,US,,,,Public,,public,,,,,,,,,,,,,,,,,,,,False,,,,,,,,,False,
ELEC,M1 EVENT CENTER EVENT CENTER 1,127 South Blvd W,,Pontiac,MI,48341,,888-758-4389,E,,Public,24 hours daily,,,,,,2.0,,,ChargePoint Network,https://www.chargepoint.com,GPS,42.619715,-83.283792,2026-08-09,194937,2026-08-09 01:58:17 UTC,,,,2021-09-02,,,,,J1772,US,,,,Public,,public,,,,,,,,,,,,,,,,,,,,False,,,,,,,,,False,
ELEC,M1 EVENT CENTER EVENT CENTER 3,101 South Blvd W,,Pontiac,MI,48341,,888-758-4389,E,,Public,24 hours daily,,,,,,2.0,,,ChargePoint Network,https://www.chargepoint.com,GPS,42.619574,-83.283459,2026-08-09,194938,2026-08-09 01:58:18 UTC,,,,2021-09-02,,,,,J1772,US,,,,Public,,public,,,,,,,,,,,,,,,,,,,,False,,,,,,,,,False,
ELEC,M1 EVENT CENTER EVENT CENTER 2,45399 Woodward Ave,Directly East of building 17,Pontiac,MI,48341,,888-758-4389,E,,Public,24 hours daily,,,,,,2.0,,,ChargePoint Network,https://www.chargepoint.com,GPS,42.62015,-83.283645,2026-08-09,194950,2026-08-09 01:59:36 UTC,,,,2021-09-02,,,,,J1772,US,,,,Public,,public,,,,,,,,,,,,,,,,,,,,False,,,,,,,,,False,
ELEC,VETERANS PARK DELHI LEVEL 2,2074 N Aurelius Rd,,Delhi charter Township,MI,48842,,888-758-4389,E,,Public,24 hours daily,,,,,,2.0,,,ChargePoint Network,https://www.chargepoint.com,GPS,42.642233,-84.521328,2026-08-09,194970,2026-08-09 01:59:24 UTC,,,,2021-09-02,,,,,J1772,US,,,,Public,,public,,,,,,,,,,,,,,,,,,,,False,,,,,,,,,False,
ELEC,SAGINAW 113 S HAM DC02,113 S Hamilton St,Behind the building in historic Sign Park,Saginaw,MI,48602,,888-758-4389,E,,Public,24 hours daily,,,,,,,1.0,,ChargePoint Network,https://www.chargepoint.com,GPS,43.416807,-83.964255,2026-08-09,195657,2026-08-09 01:59:17 UTC,,,,2021-09-08,,,,,CHADEMO J1772COMBO,US,,,,Public,,public,,,,,,,,,,,,,,,,,,,,False,,,,,,,,,False,
ELEC,SAGINAW 113 S HAM DC01,113 S Hamilton St,Behind the building in historic Sign Park,Saginaw,MI,48602,,888-758-4389,E,,Public,24 hours daily,,,,,,,1.0,,ChargePoint Network,https://www.chargepoint.com,GPS,43.416788,-83.96428,2026-08-09,195658,2026-08-09 01:59:18 UTC,,,,2021-09-08,,,,,CHADEMO J1772COMBO,US,,,,Public,,public,,,,,,,,,,,,,,,,,,,,False,,,,,,,,,False,
ELEC,VETERANS PARK DELHI FAST 2,2074 N Aurelius Rd,,Delhi charter Township,MI,48842,,888-758-4389,E,,Public,24 hours daily,,,,,,,1.0,,ChargePoint Network,https://www.chargepoint.com,GPS,42.642168,-84.521324,2026-08-09,195659,2026-08-09 01:59:24 UTC,,,,2021-09-08,,,,,CHADEMO J1772COMBO,US,,,,Public,,public,,,,,,,,,,,,,,,,,,,,False,,,,,,,,,False,
ELEC,"Sault Ste. Marie, MI - Tesla Supercharger",1138 3 Mile Road,,Sault Ste. Marie,MI,49783,,877-798-3752,E,,Public,24 hours daily. NACS partner enabled.,A D Debit M V,,,,,,8.0,,Tesla,https://www.tesla.com/supercharger,GPS,46.464671,-84.385735,2026-06-18,195693,2026-06-18 14:46:21 UTC,P,,,2021-08-26,,,,,TESLA,US,,,,Public,,public,,,SHOPPING_CENTER,,,,,,,,,,,,,,,,,False,,,,,,,,LD,True,
ELEC,PORTAGE CH CITY HALL #1,7900 S Westnedge Ave,City Hall Parking Lot - Near front entrance,Portage,MI,49002,,888-758-4389,E,,Public,24 hours daily,,,,,,2.0,,,ChargePoint Network,https://www.chargepoint.com,GPS,42.201711,-85.59003,2026-08-09,195846,2026-08-09 01:59:54 UTC,,,,2021-09-11,,,,,J1772,US,,,,Public,,public,,,,,,,,,,,,,,,,,,,,False,,,,,,,,,False,
ELEC,VETERANS PARK DELHI FAST 1,2074 N Aurelius Rd,,Delhi charter Township,MI,48842,,888-758-4389,E,,Public,24 hours daily,,,,,,,1.0,,ChargePoint Network,https://www.chargepoint.com,GPS,42.642202,-84.521329,2026-08-09,195968,2026-08-09 01:59:24 UTC,,,,2021-09-16,,,,,CHADEMO J1772COMBO,US,,,,Public,,public,,,,,,,,,,,,,,,,,,,,False,,,,,,,,,False,
ELEC,FMCSA,315 W Allegan St,,Lansing,MI,48933,,,E,,Private - Government only,24 hours daily,,,,,,4.0,,,Non-Networked,,GPS,42.732076,-84.556124,2025-12-12,196885,2026-02-02 23:16:24 UTC,FG,17.0,Department of Transportation,2021-09-21,,,,,J1772,US,,,,Privé - Réservé au gouvernement,,private,GOVERNMENT,DOT,FED_GOV,,,,,,,,,,,,,,,,,,,,,,,,,LD,True,
ELEC,BOWMAN CHEVY STATION 3,6750 Dixie Hwy,,Independence charter Township,MI,48346,,888-758-4389,E,,Public,24 hours daily,,,,,,2.0,,,ChargePoint Network,https://www.chargepoint.com,GPS,42.720269,-83.417719,2026-08-09,197677,2026-08-09 02:01:09 UTC,,,,2021-10-13,,,,,J1772,US,,,,Public,,public,,,,,,,,,,,,,,,,,,,,False,,,,,,,,,False,
ELEC,GLE STATION 5,5431 US-31 N,,Eastport,MI,49627,,888-758-4389,E,,Public,24 hours daily,,,,,,,1.0,,ChargePoint Network,https://www.chargepoint.com,GPS,45.113662,-85.350472,2026-08-09,197886,2026-08-09 01:49:55 UTC,,,,2021-10-19,,,,,CHADEMO J1772COMBO,US,,,,Public,,public,,,,,,,,,,,,,,,,,,,,False,,,,,,,,,False,
ELEC,GRCC LAKESHORE,12383 James St,,Holland,MI,49424,,888-758-4389,E,,Public,24 hours daily,,,,,,2.0,,,ChargePoint Network,https://www.chargepoint.com,GPS,42.813587,-86.086845,2026-08-09,197888,2026-08-09 01:58:44 UTC,,,,2021-10-19,,,,,J1772,US,,,,Public,,public,,,,,,,,,,,,,,,,,,,,False,,,,,,,,,False,
ELEC,GLE STATION 6,5431 US-31 N,,Eastport,MI,49627,,888-758-4389,E,,Public,24 hours daily,,,,,,,1.0,,ChargePoint Network,https://www.chargepoint.com,GPS,45.113685,-85.350471,2026-08-09,197890,2026-08-09 02:01:12 UTC,,,,2021-10-19,,,,,CHADEMO J1772COMBO,US,,,,Public,,public,,,,,,,,,,,,,,,,,,,,False,,,,,,,,,False,
ELEC,BEEKMAN STATION 1,1160 Broadway St,,Ann Arbor,MI,48105,,888-758-4389,E,,Public,24 hours daily,,,,,,2.0,,,ChargePoint Network,https://www.chargepoint.com,GPS,42.289949,-83.735857,2026-08-09,198073,2026-08-09 01:52:19 UTC,,,,2021-10-22,,,,,J1772,US,,,,Public,,public,,,,,,,,,,,,,,,,,,,,False,,,,,,,,,False,
ELEC,FLEET  SERVICES DCFC-STATION 4,301 E. Huron St,,Ann Arbor,MI,48104,,888-758-4389,E,,Public,24 hours daily,,,,,,,1.0,,ChargePoint Network,https://www.chargepoint.com,GPS,42.282143,-83.745,2026-08-09,199100,2026-08-09 02:01:23 UTC,,,,2021-10-26,,,,,CHADEMO J1772COMBO,US,,,,Public,,public,,,,,,,,,,,,,,,,,,,,False,,,,,,,,,False,
ELEC,FLEET  SERVICES DCFC-STATION 2,301 E Huron St,,Ann Arbor,MI,48104,,888-758-4389,E,,Public,24 hours daily,,,,,,,1.0,,ChargePoint Network,https://www.chargepoint.com,GPS,42.28211,-83.745075,2026-08-09,199102,2026-08-09 02:01:24 UTC,,,,2021-10-26,,,,,CHADEMO J1772COMBO,US,,,,Public,,public,,,,,,,,,,,,,,,,,,,,False,,,,,,,,,False,
ELEC,Critter Pet Shop,19309 Ecorse,,Allen Park,MI,48101,,888-998-2546,E,,Public,24 hours daily,,,,,,1.0,,,Blink Network,https://blinkcharging.com,GPS,42.2560953,-83.2303366,2026-08-09,199468,2026-08-09 01:01:00 UTC,,,,2021-09-07,,,,,J1772,US,,,,Public,,public,,,,,,,,,,"$0.50/Hr Parking Fee , $0.25/kWh Energy Fee",,,,,,,,,,False,,,,,,,,,False,
ELEC,MAIN CAMPUS JAMES STR 2,11694 James St,,Holland,MI,49424,,888-758-4389,E,,Public,24 hours daily,,,,,,2.0,,,ChargePoint Network,https://www.chargepoint.com,GPS,42.809728,-86.07019,2026-08-09,200464,2026-08-09 02:01:49 UTC,,,,2021-11-03,,,,,J1772,US,,,,Public,,public,,,,,,,,,,,,,,,,,,,,False,,,,,,,,,False,
ELEC,MAIN CAMPUS JAMES STR 1,11694 James St,,Holland,MI,49424,,888-758-4389,E,,Public,24 hours daily,,,,,,2.0,,,ChargePoint Network,https://www.chargepoint.com,GPS,42.809723,-86.070114,2026-08-09,200465,2026-08-09 02:01:49 UTC,,,,2021-11-03,,,,,J1772,US,,,,Public,,public,,,,,,,,,,,,,,,,,,,,False,,,,,,,,,False,
ELEC,WALLED LAKE DECKER RD,1655 Decker Rd,,Walled Lake,MI,48390,,888-758-4389,E,,Public,24 hours daily,,,,,,2.0,,,ChargePoint Network,https://www.chargepoint.com,GPS,42.548991,-83.468465,2026-08-09,200581,2026-08-09 02:01:57 UTC,,,,2021-11-05,,,,,J1772,US,,,,Public,,public,,,,,,,,,,,,,,,,,,,,False,,,,,,,,,False,
ELEC,WALLED LAKE COMMERCE RD,8500 Commerce Rd,,Commerce Charter Township,MI,48382,,888-758-4389,E,,Public,24 hours daily,,,,,,2.0,,,ChargePoint Network,https://www.chargepoint.com,GPS,42.592883,-83.450486,2026-08-09,200582,2026-08-09 02:01:57 UTC,,,,2021-11-05,,,,,J1772,US,,,,Public,,public,,,,,,,,,,,,,,,,,,,,False,,,,,,,,,False,
ELEC,WALLED LAKE CHARMS,1760 Charms Rd,,Wixom,MI,48393,,888-758-4389,E,,Public,24 hours daily,,,,,,2.0,,,ChargePoint Network,https://www.chargepoint.com,GPS,42.545151,-83.542021,2026-08-09,200583,2026-08-09 02:01:57 UTC,,,,2021-11-05,,,,,J1772,US,,,,Public,,public,,,,,,,,,,,,,,,,,,,,False,,,,,,,,,False,
ELEC,WALLED LAKE WALNUT LAKE RD,7601 Walnut Lake Rd,,West Bloomfield Township,MI,48323,,888-758-4389,E,,Public,24 hours daily,,,,,,2.0,,,ChargePoint Network,https://www.chargepoint.com,GPS,42.555149,-83.431988,2026-08-09,200584,2026-08-09 02:01:58 UTC,,,,2021-11-05,,,,,J1772,US,,,,Public,,public,,,,,,,,,,,,,,,,,,,,False,,,,,,,,,False,
ELEC,HION NETWORK MACKINAW DC4,1080 S Nicolet St,,Mackinaw City,MI,49701,,888-758-4389,E,,Public,24 hours daily,,,,,,,1.0,,ChargePoint Network,https://www.chargepoint.com,GPS,45.767671,-84.733781,2026-08-09,200671,2026-08-09 02:02:02 UTC,,,,2021-11-06,,,,,CHADEMO J1772COMBO,US,,,,Public,,public,,,,,,,,,,,,,,,,,,,,False,,,,,,,,,False,
ELEC,FLEET  SERVICES DCFC-STATION 3,301 E Huron St,,Ann Arbor,MI,48104,,888-758-4389,E,,Public,24 hours daily,,,,,,,1.0,,ChargePoint Network,https://www.chargepoint.com,GPS,42.282111,-83.745025,2026-08-09,200995,2026-08-09 02:02:22 UTC,,,,2021-11-11,,,,,CHADEMO J1772COMBO,US,,,,Public,,public,,,,,,,,,,,,,,,,,,,,False,,,,,,,,,False,
ELEC,Bay City - Water St Parking Lot,923 N Water St,,Bay City,MI,48708,,,E,,Public,24 hours daily; Drivers must bring their own J1772 cordset for Level 1 charging,,,,,1.0,,,,Non-Networked,,200-9,43.600067,-83.890035,2025-07-03,201043,2026-02-02 23:16:24 UTC,LG,,,2017-02-01,,,,,NEMA1450,US,,,,Public,,public,,,PARKING_LOT,,,,,,,Free,,,,,,,,,,False,,,,,,,,LD,False,
ELEC,Bay City - Delta College Planetarium,100 Center Ave,,Bay City,MI,48708,,,E,,Public,24 hours daily; Drivers must bring their own J1772 cordset for Level 1 charging,,,,,1.0,,,,Non-Networked,,200-9,43.597617,-83.889445,2025-07-03,201044,2026-02-02 23:16:24 UTC,LG,,,2021-06-01,,,,,NEMA1450,US,,,,Public,,public,,,MUSEUM,,,,,,,Free,,,,,,,,,,False,,,,,,,,LD,False,
ELEC,Bridgewater Place,333 Bridge Street Northwest,,Grand Rapids,MI,49504,,888-998-2546,E,,Public,24 hours daily,,,,,,2.0,,,Blink Network,https://blinkcharging.com,GPS,42.9712138,-85.6766351,2026-08-09,201100,2026-08-09 01:02:46 UTC,,,,2018-01-24,,,,,J1772,US,,,,Public,,public,,,,,,,,,,$1.00-$5.00/Hr Variable Parking Fee,,,,,,,,,,False,,,,,,,,,False,
ELEC,CBPU COLDWATER EV,75 W Chicago St,,Coldwater,MI,49036,,888-758-4389,E,,Public,24 hours daily,,,,,,2.0,,,ChargePoint Network,https://www.chargepoint.com,GPS,41.941091,-85.004322,2026-08-09,201228,2026-08-09 02:02:26 UTC,,,,2021-11-17,,,,,J1772,US,,,,Public,,public,,,,,,,,,,,,,,,,,,,,False,,,,,,,,,False,
ELEC,CITY OF DEWITT STATION #2,124 East Jefferson,In public parking lot,DeWitt,MI,48820,,888-758-4389,E,,Public,24 hours daily,,,,,,2.0,,,ChargePoint Network,https://www.chargepoint.com,GPS,42.842587,-84.567999,2026-08-09,201622,2026-08-09 02:03:02 UTC,,,,2021-11-25,,,,,J1772,US,,,,Public,,public,,,,,,,,,,,,,,,,,,,,False,,,,,,,,,False,
ELEC,Metro Place Apartments,301 West Lenawee St.,,Lansing,MI,48933,,888-998-2546,E,,Public,24 hours daily,,,,,,6.0,,,Blink Network,https://blinkcharging.com,GPS,42.7282,-84.55633,2026-08-10,201848,2026-08-10 00:15:55 UTC,,,,2021-12-01,,,,,J1772,US,,,,Public,,public,,,,,,,,,,Free,,,,,,,,,,False,,,,,,,,,False,
ELEC,WASHTENAW BP 2,4975 Washtenaw Ave,Behind BP gas station,Ann Arbor,MI,48108,,888-758-4389,E,,Public,24 hours daily,,,,,,,1.0,,ChargePoint Network,https://www.chargepoint.com,GPS,42.25076,-83.66148,2026-08-09,202411,2026-08-09 02:02:47 UTC,,,,2021-12-11,,,,,CHADEMO J1772COMBO,US,,,,Public,,public,,,,,,,,,,,,,,,,,,,,False,,,,,,,,,False,
ELEC,WASHTENAW BP 1,4975 Washtenaw Ave,North side of building,Ann Arbor,MI,48108,,888-758-4389,E,,Public,24 hours daily,,,,,,,1.0,,ChargePoint Network,https://www.chargepoint.com,GPS,42.250736,-83.66149,2026-08-09,202417,2026-08-09 02:03:00 UTC,,,,2021-12-11,,,,,CHADEMO J1772COMBO,US,,,,Public,,public,,,,,,,,,,,,,,,,,,,,False,,,,,,,,,False,
ELEC,SPRING LAKE JACKSON ST 1,107 N Jackson St,,Spring Lake,MI,49456,,888-758-4389,E,,Public,24 hours daily,,,,,,2.0,,,ChargePoint Network,https://www.chargepoint.com,GPS,43.077225,-86.199165,2026-08-09,202432,2026-08-09 02:03:42 UTC,,,,2021-12-11,,,,,J1772,US,,,,Public,,public,,,,,,,,,,,,,,,,,,,,False,,,,,,,,,False,
ELEC,SPRING LAKE JACKSON ST 2,107 N Jackson St,,Spring Lake,MI,49456,,888-758-4389,E,,Public,24 hours daily,,,,,,2.0,,,ChargePoint Network,https://www.chargepoint.com,GPS,43.077217,-86.199211,2026-08-09,202433,2026-08-09 02:03:42 UTC,,,,2021-12-11,,,,,J1772,US,,,,Public,,public,,,,,,,,,,,,,,,,,,,,False,,,,,,,,,False,
ELEC,HFHS COLUM MC LOT 1A,39450 W 12 Mile Rd,,Novi,MI,48377,,888-758-4389,E,,Public,24 hours daily,,,,,,2.0,,,ChargePoint Network,https://www.chargepoint.com,GPS,42.498203,-83.43706,2026-08-09,202738,2026-08-09 02:03:33 UTC,,,,2021-12-17,,,,,J1772,US,,,,Public,,public,,,,,,,,,,,,,,,,,,,,False,,,,,,,,,False,
ELEC,HFHS COLUM MC LOT 1B,39450 W 12 Mile Rd,,Novi,MI,48377,,888-758-4389,E,,Public,24 hours daily,,,,,,2.0,,,ChargePoint Network,https://www.chargepoint.com,GPS,42.498238,-83.43702,2026-08-09,202739,2026-08-09 02:03:33 UTC,,,,2021-12-17,,,,,J1772,US,,,,Public,,public,,,,,,,,,,,,,,,,,,,,False,,,,,,,,,False,
ELEC,AUTOMATIONALLEY AUTOMATIONALLEY,2675 Bellingham Dr,,Troy,MI,48083,,888-758-4389,E,,Public,24 hours daily,,,,,,2.0,,,ChargePoint Network,https://www.chargepoint.com,GPS,42.559778,-83.116267,2026-08-09,202840,2026-08-09 01:24:13 UTC,,,,2021-12-21,,,,,J1772,US,,,,Public,,public,,,,,,,,,,,,,,,,,,,,False,,,,,,,,,False,
ELEC,GLE STATION 8,900 Marlette Rd,,Waters,MI,49797,,888-758-4389,E,,Public,24 hours daily,,,,,,,1.0,,ChargePoint Network,https://www.chargepoint.com,GPS,44.879019,-84.685631,2026-08-09,202948,2026-08-09 01:50:42 UTC,,,,2021-12-23,,,,,CHADEMO J1772COMBO,US,,,,Public,,public,,,,,,,,,,,,,,,,,,,,False,,,,,,,,,False,
ELEC,WALLED LAKE WALLED LAKE EL,1055 W West Maple Rd,Across from dumpster,Walled Lake,MI,48390,,888-758-4389,E,,Public,24 hours daily,,,,,,2.0,,,ChargePoint Network,https://www.chargepoint.com,GPS,42.532159,-83.49287,2026-08-09,203282,2026-08-09 01:47:20 UTC,,,,2021-12-30,,,,,J1772,US,,,,Public,,public,,,,,,,,,,,,,,,,,,,,False,,,,,,,,,False,
ELEC,MAIN ST PLAZA MAIN ST PLAZA 1,113 W Main St,,Owosso,MI,48867,,888-758-4389,E,,Public,24 hours daily,,,,,,,1.0,,ChargePoint Network,https://www.chargepoint.com,GPS,42.997196,-84.17118,2026-08-09,204407,2026-08-09 02:00:52 UTC,,,,2022-01-07,,,,,J1772COMBO TESLA,US,,,,Public,,public,,,,,,,,,,,,,,,,,,,,False,,,,,,,,,False,
ELEC,MAIN ST PLAZA MAIN ST PLAZA 2,113 W Main St,,Owosso,MI,48867,,888-758-4389,E,,Public,24 hours daily,,,,,,,1.0,,ChargePoint Network,https://www.chargepoint.com,GPS,42.997173,-84.17119,2026-08-09,204499,2026-08-09 02:03:18 UTC,,,,2022-01-08,,,,,J1772COMBO TESLA,US,,,,Public,,public,,,,,,,,,,,,,,,,,,,,False,,,,,,,,,False,
ELEC,GLE STATION 7,900 Marlette Rd,,Waters,MI,49797,,888-758-4389,E,,Public,24 hours daily,,,,,,,1.0,,ChargePoint Network,https://www.chargepoint.com,GPS,44.878935,-84.68558,2026-08-09,204761,2026-08-09 02:04:14 UTC,,,,2022-01-14,,,,,CHADEMO J1772COMBO,US,,,,Public,,public,,,,,,,,,,,,,,,,,,,,False,,,,,,,,,False,
ELEC,IRON FISH 1 STATION 1,14234 Dzuibanek Rd,,Thompsonville,MI,49683,,888-758-4389,E,,Public,24 hours daily,,,,,,2.0,,,ChargePoint Network,https://www.chargepoint.com,GPS,44.499474,-86.014752,2026-08-09,204768,2026-08-09 02:04:50 UTC,,,,2022-01-14,,,,,J1772,US,,,,Public,,public,,,,,,,,,,,,,,,,,,,,False,,,,,,,,,False,
ELEC,MOUNTAINVIEW MM MOUNTAINVIEW MM,13033 Cadillac Hwy,-Located back of parking lot near Papano's Pizza,Thompsonville,MI,49683,,888-758-4389,E,,Public,24 hours daily,,,,,,,1.0,,ChargePoint Network,https://www.chargepoint.com,GPS,44.513602,-85.978814,2026-08-09,204937,2026-08-09 02:04:50 UTC,,,,2022-01-15,,,,,CHADEMO J1772COMBO,US,,,,Public,,public,,,,,,,,,,,,,,,,,,,,False,,,,,,,,,False,
ELEC,ROYAL#3 STATION 1,22145 Farmington Rd,Near Farmington rd,Farmington,MI,48336,,888-758-4389,E,,Public,24 hours daily,,,,,,,1.0,,ChargePoint Network,https://www.chargepoint.com,GPS,42.455342,-83.376177,2026-08-09,204998,2026-08-09 02:01:37 UTC,,,,2022-01-19,,,,,CHADEMO J1772COMBO,US,,,,Public,,public,,,,,,,,,,,,,,,,,,,,False,,,,,,,,,False,
ELEC,ROYAL#3 STATION 2,22145 Farmington Rd,Near Farmington rd amoco station,Farmington,MI,48336,,888-758-4389,E,,Public,24 hours daily,,,,,,,1.0,,ChargePoint Network,https://www.chargepoint.com,GPS,42.455277,-83.376155,2026-08-09,205008,2026-08-09 02:04:17 UTC,,,,2022-01-19,,,,,CHADEMO J1772COMBO,US,,,,Public,,public,,,,,,,,,,,,,,,,,,,,False,,,,,,,,,False,
ELEC,HFHS BLOOMF MC GAR3A,1961 S Telegraph Rd,Parking structure near main clinic entrance,Bloomfield Hills,MI,48302,,888-758-4389,E,,Public,24 hours daily,,,,,,2.0,,,ChargePoint Network,https://www.chargepoint.com,GPS,42.61163,-83.300514,2026-08-09,205013,2026-08-09 02:04:45 UTC,,,,2022-01-19,,,,,J1772,US,,,,Public,,public,,,,,,,,,,,,,,,,,,,,False,,,,,,,,,False,
ELEC,HFHS BLOOMF MC GAR3B,1961 S Telegraph Rd,Parking structure near main clinic entrance,Bloomfield Hills,MI,48302,,888-758-4389,E,,Public,24 hours daily,,,,,,2.0,,,ChargePoint Network,https://www.chargepoint.com,GPS,42.6111,-83.30077,2026-08-09,205014,2026-08-09 02:04:46 UTC,,,,2022-01-19,,,,,J1772,US,,,,Public,,public,,,,,,,,,,,,,,,,,,,,False,,,,,,,,,False,
ELEC,BISHOP EV BISHOP 1,3425 W Bristol,,Flint Township,MI,48507,,888-758-4389,E,,Public,24 hours daily,,,,,,,1.0,,ChargePoint Network,https://www.chargepoint.com,GPS,42.974256,-83.739827,2026-08-09,205059,2026-08-09 02:03:40 UTC,,,,2022-01-20,,,,,CHADEMO J1772COMBO,US,,,,Public,,public,,,,,,,,,,,,,,,,,,,,False,,,,,,,,,False,
ELEC,Cartier Mansion Bed & Breakfast,409 E Ludington Ave,,Ludington,MI,49431,,231-843-0101,E,,Public - Credit card at all times,For guest use only,A D Debit M V,,,,,2.0,,,Non-Networked,,GPS,43.9558479248587,-86.442711078435,2026-07-15,205170,2026-07-15 18:47:09 UTC,P,,,2021-01-18,,,,,J1772,US,,,,Public - Carte de crédit en tout temps,,public,CREDIT_CARD_ALWAYS,,HOTEL,,,,,,,Free,,,,,,,,,,True,,,,,,,,LD,False,
ELEC,Grayling Public Parking,403 Cedar St,,Grayling,MI,49738,,313-262-6722,E,,Public,,,,,,,,2.0,,RED_E,https://www.redecharge.com,GPS,44.661989691087,-84.715631992056,2026-08-09,205171,2026-08-09 05:12:14 UTC,,,,2021-01-18,,,,,J1772COMBO,US,,,,Public,,public,,,PUBLIC,,,,,,,,,,,,,,,,,False,,,,,,,,,False,
ELEC,Village Market Elk Rapids,250 Ames St,,Elk Rapids,MI,49629,,313-262-6722,E,,Public,,,,,,,,2.0,,RED_E,https://www.redecharge.com,GPS,44.8992489,-85.4018218,2026-08-09,205172,2026-08-09 05:12:14 UTC,,,,2021-01-18,,,,,J1772COMBO,US,,,,Public,,public,,,PUBLIC,,,,,,,,,,,,,,,,,False,,,,,,,,,False,
ELEC,Village Market Rapid City MI,9556 Rapid City Rd NW,,Rapid City,MI,49676,,313-262-6722,E,,Public,,,,,,,2.0,,,RED_E,https://www.redecharge.com,GPS,44.852997852274,-85.281965377216,2026-08-09,205175,2026-08-09 05:12:09 UTC,,,,2021-01-18,,,,,J1772,US,,,,Public,,public,,,PUBLIC,,,,,,,,,,,,,,,,,False,,,,,,,,,False,
ELEC,Whiteford Township Park,7200 Whiteford Rd,,Ottawa Lake,MI,49267,,734-854-2416,E,,Public,Available during park hours; Sunrise to sunset daily,A D Debit M V,,,,,1.0,,,Non-Networked,,GPS,41.7445731618446,-83.6598269843473,2026-07-15,205531,2026-07-15 18:47:09 UTC,P,,,2022-01-24,,,,,J1772,US,,,,Public,,public,,,PARK,,,,,,,Free,,,,,,,,,,True,,,,,,,,LD,False,
ELEC,BEDROCK TWO DETROIT 1-2,160 E Congress St,1st level  Larned exit,Detroit,MI,48226,,888-758-4389,E,,Public,24 hours daily,,,,,,2.0,,,ChargePoint Network,https://www.chargepoint.com,GPS,42.330436,-83.043244,2026-08-09,205578,2026-08-09 01:22:44 UTC,,,,2022-01-29,,,,,J1772,US,,,,Public,,public,,,,,,,,,,,,,,,,,,,,False,,,,,,,,,False,
ELEC,COYNE ENERGY N SHORE PARK 1,501 W Lake St,South side or parking lot,Tawas City,MI,48763,,888-758-4389,E,,Public,24 hours daily,,,,,,,1.0,,ChargePoint Network,https://www.chargepoint.com,GPS,44.267037,-83.518224,2026-08-09,205739,2026-08-09 02:04:04 UTC,,,,2022-02-03,,,,,CHADEMO J1772COMBO,US,,,,Public,,public,,,,,,,,,,,,,,,,,,,,False,,,,,,,,,False,
ELEC,COYNE ENERGY N SHORE PARK 2,501 W Lake St,South side or parking lot,Tawas City,MI,48763,,888-758-4389,E,,Public,24 hours daily,,,,,,,1.0,,ChargePoint Network,https://www.chargepoint.com,GPS,44.267054,-83.518197,2026-08-09,205761,2026-08-09 02:05:40 UTC,,,,2022-02-03,,,,,CHADEMO J1772COMBO,US,,,,Public,,public,,,,,,,,,,,,,,,,,,,,False,,,,,,,,,False,
ELEC,CIS CLARKSTON STATION #2,6874 Sashabaw Rd,,Independence charter Township,MI,48348,,888-758-4389,E,,Public,24 hours daily,,,,,,2.0,,,ChargePoint Network,https://www.chargepoint.com,GPS,42.737688,-83.378696,2026-08-09,206299,2026-08-09 02:01:05 UTC,,,,2022-02-12,,,,,J1772,US,,,,Public,,public,,,,,,,,,,,,,,,,,,,,False,,,,,,,,,False,
ELEC,CIS CLARKSTON STATION #1,6874 Sashabaw Rd,,Independence charter Township,MI,48348,,888-758-4389,E,,Public,24 hours daily,,,,,,2.0,,,ChargePoint Network,https://www.chargepoint.com,GPS,42.737682,-83.37882,2026-08-09,206300,2026-08-09 02:01:07 UTC,,,,2022-02-12,,,,,J1772,US,,,,Public,,public,,,,,,,,,,,,,,,,,,,,False,,,,,,,,,False,
ELEC,CIS CLARKSTON STATION #4,6874 Sashabaw Rd,,Independence charter Township,MI,48348,,888-758-4389,E,,Public,24 hours daily,,,,,,2.0,,,ChargePoint Network,https://www.chargepoint.com,GPS,42.737948,-83.379117,2026-08-09,206301,2026-08-09 02:01:08 UTC,,,,2022-02-12,,,,,J1772,US,,,,Public,,public,,,,,,,,,,,,,,,,,,,,False,,,,,,,,,False,
ELEC,CIS CLARKSTON STATION #3,6874 Sashabaw Rd,,Independence charter Township,MI,48348,,888-758-4389,E,,Public,24 hours daily,,,,,,2.0,,,ChargePoint Network,https://www.chargepoint.com,GPS,42.737954,-83.379048,2026-08-09,206329,2026-08-09 02:05:59 UTC,,,,2022-02-12,,,,,J1772,US,,,,Public,,public,,,,,,,,,,,,,,,,,,,,False,,,,,,,,,False,
ELEC,CITY1 BOAT LAUNCH,8636 Water St,,Montague,MI,49437,,888-758-4389,E,,Public,24 hours daily,,,,,,2.0,,,ChargePoint Network,https://www.chargepoint.com,GPS,43.41216,-86.35772,2026-08-09,206449,2026-08-09 02:06:05 UTC,,,,2022-02-16,,,,,J1772,US,,,,Public,,public,,,,,,,,,,,,,,,,,,,,False,,,,,,,,,False,
ELEC,CITY1 FARMERS MARKET,8676 Ferry St,north parking lot of farmers station,Montague,MI,49437,,888-758-4389,E,,Public,24 hours daily,,,,,,2.0,,,ChargePoint Network,https://www.chargepoint.com,GPS,43.41573,-86.35686,2026-08-09,206450,2026-08-09 02:06:05 UTC,,,,2022-02-16,,,,,J1772,US,,,,Public,,public,,,,,,,,,,,,,,,,,,,,False,,,,,,,,,False,
ELEC,CITY1 MAPLE BEACH,4694 Goodrich St,,Montague,MI,49437,,888-758-4389,E,,Public,24 hours daily,,,,,,2.0,,,ChargePoint Network,https://www.chargepoint.com,GPS,43.402335,-86.358491,2026-08-09,206451,2026-08-09 02:06:10 UTC,,,,2022-02-16,,,,,J1772,US,,,,Public,,public,,,,,,,,,,,,,,,,,,,,False,,,,,,,,,False,
ELEC,BISHOP EV BISHOP 2,3425 W Bristol,,Flint Township,MI,48507,,888-758-4389,E,,Public,24 hours daily,,,,,,,1.0,,ChargePoint Network,https://www.chargepoint.com,GPS,42.974263,-83.739781,2026-08-09,207489,2026-08-09 02:03:40 UTC,,,,2022-03-03,,,,,CHADEMO J1772COMBO,US,,,,Public,,public,,,,,,,,,,,,,,,,,,,,False,,,,,,,,,False,
ELEC,CCA CBD DETROIT STATION 2,313 Park Ave,Underground garage,Detroit,MI,48226,,888-758-4389,E,,Public,24 hours daily,,,,,,2.0,,,ChargePoint Network,https://www.chargepoint.com,GPS,42.33605,-83.05241,2026-08-09,207609,2026-08-09 02:06:43 UTC,,,,2022-03-04,,,,,J1772,US,,,,Public,,public,,,,,,,,,,,,,,,,,,,,False,,,,,,,,,False,
ELEC,CCA CBD DETROIT STATION 1,313 Park Ave,Underground garage,Detroit,MI,48226,,888-758-4389,E,,Public,24 hours daily,,,,,,2.0,,,ChargePoint Network,https://www.chargepoint.com,GPS,42.33633,-83.052315,2026-08-09,207610,2026-08-09 02:06:43 UTC,,,,2022-03-04,,,,,J1772,US,,,,Public,,public,,,,,,,,,,,,,,,,,,,,False,,,,,,,,,False,
ELEC,SAGINAW 100 N HAMILT 01,100 N Hamilton St,In parking lot next to Court St Bridge.,Saginaw,MI,48602,,888-758-4389,E,,Public,24 hours daily,,,,,,2.0,,,ChargePoint Network,https://www.chargepoint.com,GPS,43.417364,-83.962519,2026-08-09,207660,2026-08-09 02:06:36 UTC,,,,2022-03-05,,,,,J1772,US,,,,Public,,public,,,,,,,,,,,,,,,,,,,,False,,,,,,,,,False,
ELEC,SAGINAW 100 N HAMILT 02,100 N Hamilton St,In parking lot next to Court St Bridge.,Saginaw,MI,48602,,888-758-4389,E,,Public,24 hours daily,,,,,,2.0,,,ChargePoint Network,https://www.chargepoint.com,GPS,43.417327,-83.96247,2026-08-09,207661,2026-08-09 02:06:36 UTC,,,,2022-03-05,,,,,J1772,US,,,,Public,,public,,,,,,,,,,,,,,,,,,,,False,,,,,,,,,False,
ELEC,FKC MICHIGAN AVE 1,11081 E Michigan Ave,"Chargers on West side of property. Follow signs for Hotel & Event Center Entrance. Take first left off of Hotel Drive into parking lot, Chargers located in north portion of lot.",Battle Creek,MI,49014,,888-758-4389,E,,Public,24 hours daily,,,,,,2.0,,,ChargePoint Network,https://www.chargepoint.com,GPS,42.297203,-85.078614,2026-08-09,211674,2026-08-09 02:04:10 UTC,,,,2022-03-12,,,,,J1772,US,,,,Public,,public,,,,,,,,,,,,,,,,,,,,False,,,,,,,,,False,
ELEC,FKC MICHIGAN AVE 6,11177 E. Michigan Avenue,"Chargers on West side of property. Follow signs for Hotel & Event Center Entrance. Take first left off of Hotel Drive into parking lot, Chargers located in north portion of lot.",Battle Creek,MI,49014,,888-758-4389,E,,Public,24 hours daily,,,,,,2.0,,,ChargePoint Network,https://www.chargepoint.com,GPS,42.297122,-85.078424,2026-08-09,211675,2026-08-09 02:04:11 UTC,,,,2022-03-12,,,,,J1772,US,,,,Public,,public,,,,,,,,,,,,,,,,,,,,False,,,,,,,,,False,
ELEC,FKC MICHIGAN AVE 4,11177 E. Michigan Avenue,"Chargers on West side of property. Follow signs for Hotel & Event Center Entrance. Take first left off of Hotel Drive into parking lot, Chargers located in north portion of lot.",Battle Creek,MI,49014,,888-758-4389,E,,Public,24 hours daily,,,,,,2.0,,,ChargePoint Network,https://www.chargepoint.com,GPS,42.297042,-85.07823,2026-08-09,211676,2026-08-09 02:04:15 UTC,,,,2022-03-12,,,,,J1772,US,,,,Public,,public,,,,,,,,,,,,,,,,,,,,False,,,,,,,,,False,
ELEC,FKC MICHIGAN AVE 2,11177 E. Michigan Avenue,"Chargers on West side of property. Follow signs for Hotel & Event Center Entrance. Take first left off of Hotel Drive into parking lot, Chargers located in north portion of lot.",Battle Creek,MI,49014,,888-758-4389,E,,Public,24 hours daily,,,,,,2.0,,,ChargePoint Network,https://www.chargepoint.com,GPS,42.297084,-85.078315,2026-08-09,211677,2026-08-09 02:04:15 UTC,,,,2022-03-12,,,,,J1772,US,,,,Public,,public,,,,,,,,,,,,,,,,,,,,False,,,,,,,,,False,
ELEC,FKC MICHIGAN AVE 5,11177 E. Michigan Avenue,"Chargers on West side of property. Follow signs for Hotel & Event Center Entrance. Take first left off of Hotel Drive into parking lot, Chargers located in north portion of lot.",Battle Creek,MI,49014,,888-758-4389,E,,Public,24 hours daily,,,,,,2.0,,,ChargePoint Network,https://www.chargepoint.com,GPS,42.297163,-85.07852,2026-08-09,211678,2026-08-09 02:04:15 UTC,,,,2022-03-12,,,,,J1772,US,,,,Public,,public,,,,,,,,,,,,,,,,,,,,False,,,,,,,,,False,
ELEC,FRIENDSHIP-AZOO FV-KZOO2,1641 Persianwood Cir,Clubhouse,Kalamazoo,MI,49006,,888-758-4389,E,,Public,24 hours daily,,,,,,2.0,,,ChargePoint Network,https://www.chargepoint.com,GPS,42.307166,-85.642775,2026-08-09,211825,2026-08-09 01:59:03 UTC,,,,2022-03-17,,,,,J1772,US,,,,Public,,public,,,,,,,,,,,,,,,,,,,,False,,,,,,,,,False,
ELEC,FRIENDSHIP-AZOO FV-KZOO1,1400 N Drake Rd,Fitness center,Kalamazoo,MI,49006,,888-758-4389,E,,Public,24 hours daily,,,,,,2.0,,,ChargePoint Network,https://www.chargepoint.com,GPS,42.304641,-85.645943,2026-08-09,211826,2026-08-09 01:59:03 UTC,,,,2022-03-17,,,,,J1772,US,,,,Public,,public,,,,,,,,,,,,,,,,,,,,False,,,,,,,,,False,
ELEC,MACOMB COLLEGE S. CAMPUS LOT 1,14500 E. 12 mile Rd.,Near building C & No overnight charging.,Warren,MI,48088,,888-758-4389,E,,Public,Mon: 6:00am-11:00pm; Tue: 6:00am-11:00pm; Wed: 6:00am-11:00pm; Thu: 6:00am-11:00pm; Fri: 6:00am-11:00pm; Sat: 6:00am-11:00pm; Sun: 6:00am-11:00pm,,,,,,2.0,,,ChargePoint Network,https://www.chargepoint.com,GPS,42.507327,-82.976252,2026-08-09,211952,2026-08-09 01:48:02 UTC,,,,2022-03-18,,,,,J1772,US,,,,Public,,public,,,,,,,,,,,,,,,,,,,,False,,,,,,,,,False,
ELEC,FKC MICHIGAN AVE 3,11177 E. Michigan Avenue,"Chargers on West side of property. Follow signs for Hotel & Event Center Entrance. Take first left off of Hotel Drive into parking lot, Chargers located in north portion of lot.",Battle Creek,MI,49014,,888-758-4389,E,,Public,24 hours daily,,,,,,2.0,,,ChargePoint Network,https://www.chargepoint.com,GPS,42.297009,-85.078151,2026-08-09,211956,2026-08-09 02:04:15 UTC,,,,2022-03-18,,,,,J1772,US,,,,Public,,public,,,,,,,,,,,,,,,,,,,,False,,,,,,,,,False,
ELEC,Alrig Charging Station,30200 Telegraph Road,,Bingham Farms,MI,48025,,888-998-2546,E,,Public,24 hours daily,,,,,,4.0,,,Blink Network,https://blinkcharging.com,GPS,42.51029,-83.281883,2026-08-10,212794,2026-08-10 00:36:03 UTC,,,,2022-03-24,,,,,J1772,US,,,,Public,,public,,,,,,,,,,Free,,,,,,,,,,False,,,,,,,,,False,
ELEC,SJMC MAIN ENTRANCE,775 S Main St,,Chelsea,MI,48118,,888-758-4389,E,,Public,24 hours daily,,,,,,1.0,,,ChargePoint Network,https://www.chargepoint.com,GPS,42.310029,-84.016908,2026-08-09,213327,2026-08-09 02:02:13 UTC,,,,2022-04-02,,,,,J1772,US,,,,Public,,public,,,,,,,,,,,,,,,,,,,,False,,,,,,,,,False,
ELEC,SJMC WHITE OAKS,148 Van Buren St,,Chelsea,MI,48118,,888-758-4389,E,,Public,24 hours daily,,,,,,2.0,,,ChargePoint Network,https://www.chargepoint.com,GPS,42.314075,-84.017279,2026-08-09,213352,2026-08-09 02:08:05 UTC,,,,2022-04-02,,,,,J1772,US,,,,Public,,public,,,,,,,,,,,,,,,,,,,,False,,,,,,,,,False,
ELEC,HFHS CAN CTR GAR 1B,6526 Sterling St,Near exit of parking structure on level A,Detroit,MI,48202,,888-758-4389,E,,Public,24 hours daily,,,,,,2.0,,,ChargePoint Network,https://www.chargepoint.com,GPS,42.364945,-83.084782,2026-08-09,213589,2026-08-09 02:07:00 UTC,,,,2022-04-08,,,,,J1772,US,,,,Public,,public,,,,,,,,,,,,,,,,,,,,False,,,,,,,,,False,
ELEC,HFHS CAN CTR GAR 1A,6526 Sterling St,Near exit for parking garage on level A,Detroit,MI,48202,,888-758-4389,E,,Public,24 hours daily,,,,,,2.0,,,ChargePoint Network,https://www.chargepoint.com,GPS,42.364957,-83.084798,2026-08-09,213590,2026-08-09 02:07:00 UTC,,,,2022-04-08,,,,,J1772,US,,,,Public,,public,,,,,,,,,,,,,,,,,,,,False,,,,,,,,,False,
ELEC,HFHS COTT MC GAR 1A,159 Kercheval Ave,1-417 & 1-418,Grosse Pointe Farms,MI,48236,,888-758-4389,E,,Public,24 hours daily,,,,,,2.0,,,ChargePoint Network,https://www.chargepoint.com,GPS,42.396563,-82.903481,2026-08-09,213591,2026-08-09 02:07:54 UTC,,,,2022-04-08,,,,,J1772,US,,,,Public,,public,,,,,,,,,,,,,,,,,,,,False,,,,,,,,,False,
ELEC,HFHS COTT MC GAR 1B,159 Kercheval Ave,1-419 & 1-420,Grosse Pointe Farms,MI,48236,,888-758-4389,E,,Public,24 hours daily,,,,,,2.0,,,ChargePoint Network,https://www.chargepoint.com,GPS,42.396604,-82.903438,2026-08-09,213592,2026-08-09 02:07:54 UTC,,,,2022-04-08,,,,,J1772,US,,,,Public,,public,,,,,,,,,,,,,,,,,,,,False,,,,,,,,,False,
ELEC,LOWELL DDA FLAT RIVER,204 E Main St,South end of parking lot,Lowell,MI,49331,,888-758-4389,E,,Public,24 hours daily,,,,,,2.0,,,ChargePoint Network,https://www.chargepoint.com,GPS,42.933932,-85.337482,2026-08-09,213895,2026-08-09 02:08:18 UTC,,,,2022-04-13,,,,,J1772,US,,,,Public,,public,,,,,,,,,,,,,,,,,,,,False,,,,,,,,,False,
ELEC,LOWELL DDA BROADWAY,302 W Main St,West end of parking lot,Lowell,MI,49331,,888-758-4389,E,,Public,24 hours daily,,,,,,2.0,,,ChargePoint Network,https://www.chargepoint.com,GPS,42.933499,-85.340884,2026-08-09,213897,2026-08-09 02:08:18 UTC,,,,2022-04-13,,,,,J1772,US,,,,Public,,public,,,,,,,,,,,,,,,,,,,,False,,,,,,,,,False,
ELEC,MEIJER STORES 52 E LANSING 1,1350 W Lake Lansing Rd,East side of building,East Lansing,MI,48823,,888-758-4389,E,,Public,24 hours daily,,,,,,,1.0,,ChargePoint Network,https://www.chargepoint.com,GPS,42.762575,-84.498752,2026-08-09,214335,2026-08-09 01:56:41 UTC,,,,2022-04-21,,,,,CHADEMO J1772COMBO,US,,,,Public,,public,,,,,,,,,,,,,,,,,,,,False,,,,,,,,,False,
ELEC,MEIJER STORES 52 E LANSING 2,1350 W Lake Lansing Rd,East side of building,East Lansing,MI,48823,,888-758-4389,E,,Public,24 hours daily,,,,,,,1.0,,ChargePoint Network,https://www.chargepoint.com,GPS,42.762527,-84.498757,2026-08-09,214336,2026-08-09 01:56:41 UTC,,,,2022-04-21,,,,,CHADEMO J1772COMBO,US,,,,Public,,public,,,,,,,,,,,,,,,,,,,,False,,,,,,,,,False,
ELEC,-EVCS STERLING,32255 Northwestern Hwy,Rear of parking garage,Farmington Hills,MI,48334,,888-758-4389,E,,Public,24 hours daily,,,,,,2.0,,,ChargePoint Network,https://www.chargepoint.com,GPS,42.521658,-83.349086,2026-08-09,214356,2026-08-09 02:08:36 UTC,,,,2022-04-21,,,,,J1772,US,,,,Public,,public,,,,,,,,,,,,,,,,,,,,False,,,,,,,,,False,
ELEC,Monroe Dodge Chrysler Jeep RAM Superstore,15160 S Dixie Hwy,,Monroe,MI,48161,,734-230-7986,E,,Public - Credit card at all times,Dealership business hours,A D Debit M V,,,,,1.0,2.0,,Non-Networked,,GPS,41.8904917598125,-83.4191694980562,2026-07-15,214649,2026-07-15 18:47:09 UTC,P,,,2022-04-20,,,,,J1772 J1772COMBO,US,,,,Public - Carte de crédit en tout temps,,public,CREDIT_CARD_ALWAYS,,CAR_DEALER,,,,,,,Free,,,,,,,,,,False,,,,,,,,LD,False,
ELEC,Auto Park Ford,1820 S Centerville Rd,,Sturgis,MI,49091,,269-651-7728,E,,Public - Credit card at all times,24 hours daily,A D Debit M V,,,,,1.0,,,Non-Networked,,GPS,41.7793108863473,-85.4274944720499,2025-07-03,214651,2026-02-02 23:16:24 UTC,P,,,2022-04-20,,,,,J1772,US,,,,Public - Carte de crédit en tout temps,,public,CREDIT_CARD_ALWAYS,,CAR_DEALER,,,,,,,,,,,,,,,,,False,,,,,,,,LD,False,
ELEC,Camp Friedenswald,15406 Watercress Way,,Cassopolis,MI,49031,,269-476-9744,E,,Public - Credit card at all times,24 hours daily,A D Debit M V,,,,,2.0,,,Non-Networked,,GPS,41.8516777194267,-85.8654994206168,2025-01-13,214652,2025-02-12 00:16:32 UTC,P,,,2022-04-20,,,,,J1772,US,,,,Public - Carte de crédit en tout temps,,public,CREDIT_CARD_ALWAYS,,CAMPGROUND,,,,,,,,,,,,,,,,,False,,,,,,,,LD,False,
ELEC,River Saint Joe Brewery,15475 Walton Rd,,Buchanan,MI,49107,,269-409-8015,E,,Public - Credit card at all times,24 hours daily; Customer use only,A D Debit M V,,,,,1.0,,,Non-Networked,,GPS,41.8391632915484,-86.3419059866709,2025-07-03,214653,2026-02-02 23:16:24 UTC,P,,,2022-04-20,,,,,J1772,US,,,,Public - Carte de crédit en tout temps,,public,CREDIT_CARD_ALWAYS,,BREWERY_DISTILLERY_WINERY,,,,,,,,,,,,,,,,,True,,,,,,,,LD,False,
ELEC,Mechanic St New Buffalo MI,114 E Mechanic St,,New Buffalo,MI,49117,,313-262-6722,E,,Public,,,,,,,2.0,3.0,,RED_E,https://www.redecharge.com,GPS,41.7971056396,-86.74388396,2026-08-09,214656,2026-08-09 05:12:11 UTC,,,,2022-04-20,,,,,CHADEMO J1772,US,,,,Public,,public,,,PUBLIC,,,,,,,,,,,,,,,,,False,,,,,,,,,False,
ELEC,Siemans Auto Group,8961 Red Arrow Hwy,,Bridgman,MI,49106,,,E,,Private - Credit card at all times,24 hours daily,A D Debit M V,,,,,1.0,,,Non-Networked,,GPS,41.9560149772278,-86.5516370527346,2025-01-13,214657,2025-02-12 00:16:32 UTC,P,,,2022-04-20,,,,,J1772,US,,,,Privé - Carte de crédit en tout temps,,private,CREDIT_CARD_ALWAYS,,CAR_DEALER,,,,,,,,,,,,,,,,,,,,,,,,,LD,False,
ELEC,C. Wimberley Ford,56081 M-51 S,,Dowagiac,MI,49047,,269-782-2151,E,,Public - Credit card at all times,24 hours daily,A D Debit M V,,,,,1.0,,,Non-Networked,,GPS,41.9832590488682,-86.1244732392704,2025-01-13,214658,2025-02-12 00:16:32 UTC,P,,,2022-04-20,,,,,J1772,US,,,,Public - Carte de crédit en tout temps,,public,CREDIT_CARD_ALWAYS,,CAR_DEALER,,,,,,,Free,,,,,,,,,,False,,,,,,,,LD,False,
ELEC,Huron St Parking Lot East South Haven MI,511 Huron St,,South Haven,MI,49090,,313-262-6722,E,,Public,,,,,,,2.0,,,RED_E,https://www.redecharge.com,GPS,42.402044363404,-86.273128712405,2026-08-09,214659,2026-08-09 05:12:12 UTC,,,,2022-04-20,,,,,J1772,US,,,,Public,,public,,,PUBLIC,,,,,,,,,,,,,,,,,False,,,,,,,,,False,
ELEC,Huron St Parking Lot West South Haven MI,421 Huron St,,South Haven,MI,49090,,313-262-6722,E,,Public,,,,,,,2.0,,,RED_E,https://www.redecharge.com,GPS,42.4021854871,-86.274907123767,2026-08-09,214660,2026-08-09 05:12:09 UTC,,,,2022-04-20,,,,,J1772,US,,,,Public,,public,,,PUBLIC,,,,,,,,,,,,,,,,,False,,,,,,,,,False,
ELEC,Cole Krum Chevrolet,12707 US-131,,Schoolcraft,MI,49087,,,E,,Private,24 hours daily,A D Debit M V,,,,,1.0,1.0,,Non-Networked,,GPS,42.1324937177301,-85.6364659768905,2025-07-03,214661,2026-02-02 23:16:24 UTC,P,,,2022-04-20,,,,,J1772 J1772COMBO,US,,,,Privé,,private,,,CAR_DEALER,,,,,,,,,,,,,,,,,,,,,,,,,LD,False,
ELEC,Kalamazoo Valley Community College,6767 W O Ave,,Kalamazoo,MI,49009,,888-758-4389,E,,Public - Credit card at all times,24 hours daily,A D Debit M V,,,,,4.0,,,Non-Networked,,GPS,42.225381110955,-85.6829677145255,2022-05-05,214662,2025-03-19 19:38:59 UTC,P,,,2022-04-20,,,,,J1772,US,,,,Public - Carte de crédit en tout temps,,public,CREDIT_CARD_ALWAYS,,COLLEGE_CAMPUS,,,,,,,,,,,,,,,,,False,,,,,,,,LD,False,
ELEC,Hobby Sports,9782 Portage Rd,,Portage,MI,49002,,269-323-3686,E,,Public - Credit card at all times,24 hours daily,A D Debit M V,,,,,3.0,,,Non-Networked,,GPS,42.1748930987552,-85.5687853042856,2025-07-03,214663,2026-02-02 23:16:24 UTC,P,,,2022-04-20,,,,,J1772,US,,,,Public - Carte de crédit en tout temps,,public,CREDIT_CARD_ALWAYS,,PARKING_LOT,,,,,,,,,,,,,,,,,False,,,,,,,,LD,False,
ELEC,Stryker Instruments,4100 E MilhamAve,,Portage,MI,49002,,269-323-7700,E,,Public - Credit card at all times,24 hours daily,A D Debit M V,,,,,8.0,,,Non-Networked,,GPS,42.2269054041272,-85.5370987047274,2022-05-05,214664,2025-02-24 14:56:24 UTC,P,,,2022-04-20,,,,,J1772,US,,,,Public - Carte de crédit en tout temps,,public,CREDIT_CARD_ALWAYS,,PARKING_LOT,,,,,,,,,,,,,,,,,False,,,,,,,,LD,False,
ELEC,Fairfield Inn & Suites by Marriott Kalamazoo,3303 Retail Pl Dr,,Kalamazoo,MI,49048,,269-557-0007,E,,Public - Credit card at all times,24 hours daily; for guests only,A D Debit M V,,,,,2.0,,,Non-Networked,,GPS,42.2586388814694,-85.5289750765615,2025-01-13,214665,2025-02-12 00:16:32 UTC,P,,,2022-04-20,,,,,J1772,US,,,,Public - Carte de crédit en tout temps,,public,CREDIT_CARD_ALWAYS,,HOTEL,,,,,,,Free,,,,,,,,,,True,,,,,,,,LD,False,
ELEC,Liquor Outlet,8418 E Michigan Ave,,Galesburg,MI,49053,,269-459-6700,E,,Public - Credit card at all times,24 hours daily,A D Debit M V,,,,,2.0,,,Non-Networked,,GPS,42.2883146096594,-85.4645017951723,2025-07-03,214666,2026-02-02 23:16:24 UTC,P,,,2022-04-20,,,,,J1772,US,,,,Public - Carte de crédit en tout temps,,public,CREDIT_CARD_ALWAYS,,OTHER,,,,,,,,,,,,,,,,,False,,,,,,,,LD,False,
ELEC,Dorrance Ford,10150 E Michigan Ave,,Galesburg,MI,49053,,,E,,Private - Credit card at all times,24 hours daily,A D Debit M V,,,,,1.0,,,Non-Networked,,GPS,42.2883932297747,-85.4319980772484,2025-07-03,214667,2026-02-02 23:16:24 UTC,P,,,2022-04-20,,,,,J1772,US,,,,Privé - Carte de crédit en tout temps,,private,CREDIT_CARD_ALWAYS,,CAR_DEALER,,,,,,,,,,,,,,,,,,,,,,,,,LD,False,
ELEC,Southern Michigan Bank & Trust,531 W Kilgore Rd,,Portage,MI,49024,,269-585-4300,E,,Public - Credit card at all times,24 hours daily,A D Debit M V,,,,,1.0,,,Non-Networked,,GPS,42.2448474546698,-85.5911786340632,2025-07-03,214668,2026-02-02 23:16:24 UTC,P,,,2022-04-20,,,,,J1772,US,,,,Public - Carte de crédit en tout temps,,public,CREDIT_CARD_ALWAYS,,BANK,,,,,,,,,,,,,,,,,False,,,,,,,,LD,False,
ELEC,Western Michigan University - West Parking Structure Lower Level,CEAS W Parking Deck,,Kalamazoo,MI,49008,,69-387-1000,E,,Public - Credit card at all times,24 hours daily,A D Debit M V,,,,,1.0,,,Non-Networked,,GPS,42.252199996314,-85.6415290539005,2025-07-03,214669,2026-02-02 23:16:24 UTC,P,,,2022-04-20,,,,,J1772,US,,,,Public - Carte de crédit en tout temps,,public,CREDIT_CARD_ALWAYS,,PARKING_GARAGE,,,,,,,,,,,,,,,,,False,,,,,,,,LD,False,
ELEC,Flesher Field,3664 S 9th St,,Kalamazoo,MI,49009,,269-375-4260,E,,Public - Credit card at all times,24 hours daily,A D Debit M V,,,,,2.0,,,Non-Networked,,GPS,42.2542945162935,-85.6781314550981,2025-07-03,214670,2026-02-02 23:16:24 UTC,P,,,2022-04-20,,,,,J1772,US,,,,Public - Carte de crédit en tout temps,,public,CREDIT_CARD_ALWAYS,,PARK,,,,,,,,,,,,,,,,,False,,,,,,,,LD,False,
ELEC,People's Church,1758 10th St N,,Kalamazoo,MI,49009,,269-375-3262,E,,Public - Credit card at all times,24 hours daily,A D Debit M V,,,,,2.0,,,Non-Networked,,GPS,42.3055172723207,-85.6651133202755,2025-07-03,214671,2026-02-02 23:16:24 UTC,P,,,2022-04-20,,,,,J1772,US,,,,Public - Carte de crédit en tout temps,,public,CREDIT_CARD_ALWAYS,,PLACE_OF_WORSHIP,,,,,,,,,,,,,,,,,False,,,,,,,,LD,False,
ELEC,Bronson Methodist Hospital Patient Parking,601 John St,,Kalamazoo,MI,49007,,269-341-7654,E,,Public - Credit card at all times,24 hours daily; For patients and employees only,A D Debit M V,,,,,4.0,,,Non-Networked,,GPS,42.2841626910369,-85.5814574158842,2025-07-03,214672,2026-02-02 23:16:24 UTC,P,,,2022-04-20,,,,,J1772,US,,,,Public - Carte de crédit en tout temps,,public,CREDIT_CARD_ALWAYS,,PARKING_GARAGE,,,,,,,,,,,,,,,,,True,,,,,,,,LD,True,
ELEC,Warner Building Parking Garage,180 E Water St Suite 2000,,Kalamazoo,MI,49007,,269-276-8100,E,,Public - Credit card at all times,24 hours daily,A D Debit M V,,,,,4.0,,,Non-Networked,,GPS,42.2928810955845,-85.5809609011941,2025-07-03,214674,2026-02-02 23:16:24 UTC,P,,,2022-04-20,,,,,J1772,US,,,,Public - Carte de crédit en tout temps,,public,CREDIT_CARD_ALWAYS,,PARKING_GARAGE,,,,,,,Parking fee,,,,,,,,,,False,,,,,,,,LD,False,
ELEC,Life Story Network,526 E North St,,Kalamazoo,MI,49007,,,E,,Public - Credit card at all times,24 hours daily,A D Debit M V,,,,,1.0,,,Non-Networked,,GPS,42.2978463031008,-85.5762306080572,2022-05-05,214675,2025-02-14 19:20:23 UTC,P,,,2022-04-20,,,,,J1772,US,,,,Public - Carte de crédit en tout temps,,public,CREDIT_CARD_ALWAYS,,PARKING_LOT,,,,,,,,,,,,,,,,,False,,,,,,,,LD,False,
ELEC,PFC Natural Grocery & Deli,507 Harrison St,,Kalamazoo,MI,49007,,269-342-5686,E,,Public - Credit card at all times,24 hours daily,A D Debit M V,,,,,2.0,,,Non-Networked,,GPS,42.2963503161792,-85.5755683051784,2025-07-03,214676,2026-02-02 23:16:24 UTC,P,,,2022-04-20,,,,,J1772,US,,,,Public - Carte de crédit en tout temps,,public,CREDIT_CARD_ALWAYS,,GROCERY,,,,,,,,,,,,,,,,,False,,,,,,,,LD,False,
ELEC,Compas & Cleaver,12454 E D Ave,,Richland,MI,49083,,269-457-0011,E,,Public - Credit card at all times,24 hours daily; Customer use only,A D Debit M V,,,,,2.0,,,Non-Networked,,GPS,42.3702486663656,-85.3877414010907,2025-07-03,214677,2026-02-02 23:16:24 UTC,P,,,2022-04-20,,,,,J1772,US,,,,Public - Carte de crédit en tout temps,,public,CREDIT_CARD_ALWAYS,,RESTAURANT,,,,,,,,,,,,,,,,,True,,,,,,,,LD,False,
ELEC,The Core Bistro,3111 Michigan Ave W,,Battle Creek,MI,49037,,269-963-9916,E,,Public - Credit card at all times,24 hours daily,A D Debit M V,,,,,2.0,,,Non-Networked,,GPS,42.3573745454474,-85.2684456515698,2025-01-13,214678,2025-02-12 00:16:32 UTC,P,,,2022-04-20,,,,,J1772,US,,,,Public - Carte de crédit en tout temps,,public,CREDIT_CARD_ALWAYS,,RESTAURANT,,,,,,,,,,,,,,,,,False,,,,,,,,LD,False,
ELEC,Heritage Chevrolet,350 W Dickman Rd,,Battle Creek,MI,49037,,269-964-9431,E,,Public - Credit card at all times,24 hours daily,A D Debit M V,,,,,1.0,,,Non-Networked,,GPS,42.3196576697505,-85.1958112727234,2025-01-13,214679,2025-02-12 00:16:32 UTC,P,,,2022-04-20,,,,,J1772,US,,,,Public - Carte de crédit en tout temps,,public,CREDIT_CARD_ALWAYS,,CAR_DEALER,,,,,,,Free,,,,,,,,,,False,,,,,,,,LD,False,
ELEC,Allegan General Hospital,555 Linn St,,Allegan,MI,49010,,269-673-8424,E,,Public - Credit card at all times,24 hours daily,A D Debit M V,,,,,6.0,,,Non-Networked,,GPS,42.5194105196873,-85.8567974792842,2025-07-03,214680,2026-02-02 23:16:24 UTC,P,,,2022-04-20,,,,,J1772,US,,,,Public - Carte de crédit en tout temps,,public,CREDIT_CARD_ALWAYS,,HOSPITAL,,,,,,,,,,,,,,,,,False,,,,,,,,LD,False,
ELEC,Best Western Plus Wayland Hotel,396 Reno Dr,,Wayland,MI,49348,,269-397-1161,E,,Public - Credit card at all times,24 hours daily; Customer use only,A D Debit M V,,,,,1.0,,,Non-Networked,,GPS,42.6720078734981,-85.6601666547284,2025-07-03,214682,2026-02-02 23:16:24 UTC,P,,,2022-04-20,,,,,J1772,US,,,,Public - Carte de crédit en tout temps,,public,CREDIT_CARD_ALWAYS,,HOTEL,,,,,,,,,,,,,,,,,True,,,,,,,,LD,False,
ELEC,Outdoor Discovery Center,4214 56th St,,Holland,MI,49423,,616-393-9453,E,,Public - Credit card at all times,24 hours daily,A D Debit M V,,,,,4.0,,,Non-Networked,,GPS,42.7263126742023,-86.0973885836517,2024-10-11,214684,2026-07-02 16:14:07 UTC,P,,,2022-04-20,,,,,J1772,US,,,,Public - Carte de crédit en tout temps,,public,CREDIT_CARD_ALWAYS,,PARKING_LOT,,,,,,,Free,,,,,,,,,,False,,,,,,,,LD,False,
ELEC,Metro Health Employee Parking Lot,5869 Metro Way,,Wyoming,MI,49519,,616-252-7200,E,,Public - Credit card at all times,24 hours daily; for employees only,A D Debit M V,,,,,6.0,,,Non-Networked,,GPS,42.8578225500037,-85.7152807103344,2026-07-15,214685,2026-07-15 18:47:09 UTC,P,,,2022-04-20,,,,,J1772,US,,,,Public - Carte de crédit en tout temps,,public,CREDIT_CARD_ALWAYS,,HOSPITAL,,,,,,,,,,,,,,,,,True,,,,,,,,LD,True,
ELEC,Kellogg Community Credit Union,2270 Gezon Pkwy SW,,Wyoming,MI,49519,,269-968-9251,E,,Public - Credit card at all times,24 hours daily,A D Debit M V,,,,,1.0,,,Non-Networked,,GPS,42.8615519504032,-85.7198242214079,2026-07-15,214686,2026-07-15 18:47:09 UTC,P,,,2022-04-20,,,,,J1772,US,,,,Public - Carte de crédit en tout temps,,public,CREDIT_CARD_ALWAYS,,BANK,,,,,,,,,,,,,,,,,False,,,,,,,,LD,False,
ELEC,Zeigler Chrysler Dodge Jeep - Grandville,4200 Parkway Pl SW,,Grandville,MI,49418,,616-532-7000,E,,Private - Credit card at all times,For dealership use only,A D Debit M V,,,,,1.0,,,Non-Networked,,GPS,42.8834576488359,-85.7666221707059,2026-07-15,214687,2026-07-15 18:47:09 UTC,P,,,2022-04-20,,,,,J1772,US,,,,Privé - Carte de crédit en tout temps,,private,CREDIT_CARD_ALWAYS,,CAR_DEALER,,,,,,,,,,,,,,,,,,,,,,,,,LD,False,
ELEC,Staybridge Suites,3675 Potomac Cir SW,,Grandville,MI,49418,,616-406-1600,E,,Public,For guest use only,A D Debit M V,,,,,6.0,,,Non-Networked,,GPS,42.884168969325,-85.7547346143787,2026-07-15,214688,2026-07-15 18:47:09 UTC,P,,,2022-04-20,,,,,J1772,US,,,,Public,,public,,,HOTEL,,,,,,,Free,,,,,,,,,,True,,,,,,,,LD,False,
ELEC,Rodeway Inn,3425 Fairlanes Ave SW,,Grandville,MI,49418,,616-532-3222,E,,Public - Credit card at all times,For guest use only,A D Debit M V,,,,,4.0,,,Non-Networked,,GPS,42.9029288472268,-85.7767500943429,2026-07-15,214689,2026-07-15 18:47:09 UTC,P,,,2022-04-20,,,,,J1772,US,,,,Public - Carte de crédit en tout temps,,public,CREDIT_CARD_ALWAYS,,HOTEL,,,,,,,Free,,,,,,,,,,True,,,,,,,,LD,False,
ELEC,2/90 Sign Systems,5350 Corporate Grove Dr SE,,Grand Rapids,MI,49512,,,E,,Private,24 hours daily,,,,,,1.0,,,Non-Networked,,GPS,42.8668423416758,-85.5396330670596,2026-07-15,214691,2026-07-15 18:47:09 UTC,P,,,2022-04-20,,,,,J1772,US,,,,Privé,,private,,,PARKING_LOT,,,,,,,,,,,,,,,,,,,,,,,,,LD,False,
ELEC,Gerald R Ford Airport - Short Term Garage Parking,5400 44th St,,Grand Rapids,MI,49512,,616-233-6000,E,,Public - Credit card at all times,24 hours daily,A D Debit M V,,,,,8.0,,,Non-Networked,,GPS,42.8839348934451,-85.531677890625,2026-07-15,214692,2026-07-15 18:47:09 UTC,P,,,2022-04-20,,,,,J1772,US,,,,Public - Carte de crédit en tout temps,,public,CREDIT_CARD_ALWAYS,,PARKING_GARAGE,,,,,,,Free; $48 per day parking fee,,,,,,,,,,False,,,,,,,,LD,False,
ELEC,Image Office Suites,2828 Kraft Ave SE A,,Grand Rapids,MI,49512,,616-957-5700,E,,Public - Credit card at all times,24 hours daily,A D Debit M V,,,,,2.0,,,Non-Networked,,GPS,42.9121301823565,-85.529132538777,2026-07-15,214693,2026-07-15 18:47:09 UTC,P,,,2022-04-20,,,,,J1772,US,,,,Public - Carte de crédit en tout temps,,public,CREDIT_CARD_ALWAYS,,OFFICE_BLDG,,,,,,,$0.40 per kWh,,,,,,,,,SOLAR,False,,,,,,,,LD,False,
ELEC,GVSU - Front St Parking Lot,120 Front Ave SW,,Grand Rapids,MI,49504,,616-331-6700,E,,Public - Credit card at all times,24 hours daily,A D Debit M V,,,,,2.0,,,Non-Networked,,GPS,42.9604801630316,-85.6803097522156,2026-07-15,214697,2026-07-15 18:47:09 UTC,P,,,2022-04-20,,,,,J1772,US,,,,Public - Carte de crédit en tout temps,,public,CREDIT_CARD_ALWAYS,,COLLEGE_CAMPUS,,,,,,,,,,,,,,,,,True,,,,,,,,LD,False,
ELEC,GVSU - Seward Parking Lot,505 Fulton St W,,Grand Rapids,MI,49504,,616-331-6700,E,,Public - Credit card at all times,24 hours daily,A D Debit M V,,,,,1.0,,,Non-Networked,,GPS,42.9638022394543,-85.681876898371,2026-07-15,214698,2026-07-15 18:47:09 UTC,P,,,2022-04-20,,,,,J1772,US,,,,Public - Carte de crédit en tout temps,,public,CREDIT_CARD_ALWAYS,,COLLEGE_CAMPUS,,,,,,,,,,,,,,,,,True,,,,,,,,LD,False,
ELEC,Jersey Mike's Subs,2321 E Beltline Ave NE,,Grand Rapids,MI,49525,,616-330-1041,E,,Public - Credit card at all times,24 hours daily,A D Debit M V,,,,,2.0,,,Non-Networked,,GPS,43.0047734593088,-85.5911519130063,2026-07-15,214700,2026-07-15 18:47:09 UTC,P,,,2022-04-20,,,,,J1772,US,,,,Public - Carte de crédit en tout temps,,public,CREDIT_CARD_ALWAYS,,RESTAURANT,,,,,,,Free,,,,,,,,,,False,,,,,,,,LD,False,
ELEC,Tommy's Express Car Wash,4095 Plainfield Ave NE,,Grand Rapids,MI,49525,,616-256-0559,E,,Public - Credit card at all times,7am-9pm daily,A D Debit M V,,,,,2.0,,,Non-Networked,,GPS,43.0379456396974,-85.6136536816516,2026-07-15,214701,2026-07-15 18:47:09 UTC,P,,,2022-04-20,,,,,J1772,US,,,,Public - Carte de crédit en tout temps,,public,CREDIT_CARD_ALWAYS,,PARKING_LOT,,,,,,,Pricing unavailable,,,,,,,,,,False,,,,,,,,LD,False,
ELEC,Tony Betten & Sons Ford,3839 Plainfield Ave NE,,Grand Rapids,MI,49525,,616-363-6841,E,,Public - Credit card at all times,For service center use only,A D Debit M V,,,,,1.0,,,Non-Networked,,GPS,43.0334460383208,-85.6251075169441,2026-07-15,214702,2026-07-15 18:47:09 UTC,P,,,2022-04-20,,,,,J1772,US,,,,Public - Carte de crédit en tout temps,,public,CREDIT_CARD_ALWAYS,,CAR_DEALER,,,,,,,,,,,,,,,,,True,,,,,,,,LD,False,
ELEC,Fox Chrysler Dodge Jeep Ram,3844 Plainfield Ave NE,,Grand Rapids,MI,49525,,,E,,Private,24 hours daily; for dealership use only,,,,,,1.0,,,Non-Networked,,GPS,43.0327583987682,-85.6238041427109,2026-02-13,214703,2026-02-13 16:34:38 UTC,P,,,2022-04-20,,,,,J1772,US,,,,Privé,,private,,,CAR_DEALER,,,,,,,,,,,,,,,,,,,,,,,,,LD,False,
ELEC,LaFontaine Ford Grand Rapids,3385 Alpine Ave NW,,Grand Rapids,MI,49544,,616-784-6600,E,,Public - Credit card at all times,For service center use only,A D Debit M V,,,,,1.0,,,Non-Networked,,GPS,43.0253424213839,-85.6900343259768,2026-07-15,214704,2026-07-15 18:47:09 UTC,P,,,2022-04-20,,,,,J1772,US,,,,Public - Carte de crédit en tout temps,,public,CREDIT_CARD_ALWAYS,,CAR_DEALER,,,,,,,,,,,,,,,,,True,,,,,,,,LD,False,
ELEC,Fred Meijer Corporate Office,2929 Walker Ave NW,,Grand Rapids,MI,49544,,616-453-6711,E,,Public - Credit card at all times,24 hours daily,A D Debit M V,,,,,7.0,,,Non-Networked,,GPS,43.0162286082715,-85.7269171648523,2022-05-05,214706,2024-10-21 16:03:20 UTC,P,,,2022-04-20,,,,,J1772 TESLA,US,,,,Public - Carte de crédit en tout temps,,public,CREDIT_CARD_ALWAYS,,OFFICE_BLDG,,,,,,,,,,,,,,,,,False,,,,,,,,LD,False,
ELEC,Consumers Energy Innovation center,165 W Michigan Ave,,Jackson,MI,49201,,,E,,Public,24 hours daily; 2 hour parking limit,,,,,,2.0,,,Non-Networked,,GPS,42.247117,-84.408444,2026-07-15,216268,2026-07-15 18:47:09 UTC,P,,,2022-04-25,,,,,J1772,US,,,,Public,,public,,,PUBLIC,,,,,,,Free,,,,,,,,,,False,,,,,,,,LD,False,
ELEC,Jackson City Hall - Black Permit Parking Lot,146 W Cortland St,,Jackson,MI,49201,,517-768-6060,E,,Public - Credit card at all times,24 hours daily; permit required 8am-5pm M-F,A D Debit M V,,,,,4.0,,,Non-Networked,,GPS,42.2467748156536,-84.4079622883991,2026-07-15,216269,2026-07-15 18:47:09 UTC,P,,,2022-04-25,,,,,J1772,US,,,,Public - Carte de crédit en tout temps,,public,CREDIT_CARD_ALWAYS,,PARKING_LOT,,,,,,,Free after business hours,,,,,,,,,,True,,,,,,,,LD,False,
ELEC,Golling Chrysler Dodge Jeep Ram - Chelsea,1500 S Main St,,Chelsea,MI,48118,,734-475-8661,E,,Public - Credit card at all times,For service center use only,A D Debit M V,,,,,1.0,,,Non-Networked,,GPS,42.2994146382286,-84.0250439937815,2026-07-15,216273,2026-07-15 18:47:09 UTC,P,,,2022-04-25,,,,,J1772,US,,,,Public - Carte de crédit en tout temps,,public,CREDIT_CARD_ALWAYS,,CAR_DEALER,,,,,,,,,,,,,,,,,True,,,,,,,,LD,False,
ELEC,Staybridge Suites,3850 Research Park Dr,,Ann Arbor,MI,48108,,734-213-1400,E,,Public - Credit card at all times,24 hours daily; Open to the Public,A D Debit M V,,,,,1.0,,,Non-Networked,,GPS,42.2314735969238,-83.7382804392006,2026-07-15,216279,2026-07-15 18:47:09 UTC,P,,,2022-04-25,,,,,J1772,US,,,,Public - Carte de crédit en tout temps,,public,CREDIT_CARD_ALWAYS,,HOTEL,,,,,,,Free,,,,,,,,,,True,,,,,,,,LD,False,
ELEC,Autokiniton Corporate Office,17757 Woodland Dr,,New Boston,MI,48164,,,E,,Public - Credit card at all times,24 hours daily; for employees only,A D Debit M V,,,,,4.0,,,Non-Networked,,GPS,42.1741680306791,-83.3913366002987,2024-11-06,216281,2026-07-07 16:14:11 UTC,P,,,2022-04-25,,,,,J1772,US,,,,Public - Carte de crédit en tout temps,,public,CREDIT_CARD_ALWAYS,,PARKING_LOT,,,,,,,,,,,,,,,,,True,,,,,,,,LD,True,
ELEC,Suburban Chrysler Dodge Jeep Ram of Garden City,32850 Ford Rd,,Garden City,MI,48135,,734-338-8256,E,,Public - Credit card at all times,24 hours daily; dealership use only,A D Debit M V,,,,,1.0,,,Non-Networked,,GPS,42.3253292483989,-83.3641011126121,2024-11-06,216296,2026-07-10 14:10:49 UTC,P,,,2022-04-25,,,,,J1772,US,,,,Public - Carte de crédit en tout temps,,public,CREDIT_CARD_ALWAYS,,CAR_DEALER,,,,,,,,,,,,,,,,,True,,,,,,,,LD,False,
ELEC,Gordon Chevrolet,31850 Ford Rd,,Garden City,MI,48135,,734-237-6089,E,,Public - Credit card at all times,24 hours daily; for customer use only,A D Debit M V,,,,,1.0,,,Non-Networked,,GPS,42.3254852904498,-83.3541196906482,2026-07-15,216297,2026-07-15 18:47:09 UTC,P,,,2022-04-25,,,,,J1772,US,,,,Public - Carte de crédit en tout temps,,public,CREDIT_CARD_ALWAYS,,CAR_DEALER,,,,,,,$0.60 per kWh,,,,,,,,,,True,,,,,,,,LD,False,
ELEC,FAW US Research & Development,47659 Halyard Dr,,Plymouth,MI,48170,,,E,,Private - Credit card at all times,24 hours daily,A D Debit M V,,,,,2.0,,,Non-Networked,,GPS,42.3828720641934,-83.5163963195608,2025-07-03,216299,2026-02-02 23:16:24 UTC,P,,,2022-04-25,,,,,J1772,US,,,,Privé - Carte de crédit en tout temps,,private,CREDIT_CARD_ALWAYS,,PARKING_LOT,,,,,,,,,,,,,,,,,,,,,,,,,LD,True,
ELEC,Aisin Technical Center of America,15300 Centennial Dr,,Northville,MI,48168,,,E,,Private,24 hours daily,A D Debit M V,,,,,2.0,,,Non-Networked,,GPS,42.3959591382406,-83.4991700982977,2024-11-06,216302,2026-07-06 15:52:27 UTC,P,,,2022-04-25,,,,,J1772 TESLA,US,,,,Privé,,private,,,PARKING_LOT,,,,,,,,,,,,,,,,,,,,,,,,,LD,True,
ELEC,LaFontaine Chevrolet,40875 Plymouth Rd,,Plymouth,MI,48170,,,E,,Private - Credit card at all times,24 hours daily,A D Debit M V,,,,,1.0,,,Non-Networked,,GPS,42.3736386475354,-83.4448521895757,2025-07-03,216304,2026-02-02 23:16:24 UTC,P,,,2022-04-25,,,,,J1772,US,,,,Privé - Carte de crédit en tout temps,,private,CREDIT_CARD_ALWAYS,,CAR_DEALER,,,,,,,,,,,,,,,,,,,,,,,,,LD,False,
ELEC,"Plastipak Holdings, Inc",41605 Ann Arbor Rd,,Plymouth,MI,48170,,,E,,Private,24 hours daily; for employee use only,A D Debit M V,,,,,4.0,,,Non-Networked,,GPS,42.3587382962169,-83.4501958060758,2025-12-12,216305,2026-02-02 23:16:24 UTC,P,,,2022-04-25,,,,,J1772,US,,,,Privé,,private,,,PARKING_LOT,,,,,,,,,,,,,,,,,,,,,,,,,LD,True,
ELEC,Bill Brown Ford,32222 Plymouth Rd,,Livonia,MI,48150,,734-399-4244,E,,Public - Credit card at all times,24 hours daily; Ford customers only,A D Debit M V,,,,,3.0,,,Non-Networked,,GPS,42.3691508147197,-83.3618612844063,2025-07-03,216306,2026-02-02 23:16:24 UTC,P,,,2022-04-25,,,,,J1772,US,,,,Public - Carte de crédit en tout temps,,public,CREDIT_CARD_ALWAYS,,CAR_DEALER,,,,,,,,,,,,,,,,,True,,,,,,,,LD,False,
ELEC,Livonia Chrysler Jeep,30777 Plymouth Rd,,Livonia,MI,48150,,,E,,Private - Credit card at all times,24 hours daily,A D Debit M V,,,,,1.0,,,Non-Networked,,GPS,42.3683474890342,-83.3467091240263,2025-07-03,216307,2026-02-02 23:16:24 UTC,P,,,2022-04-25,,,,,J1772,US,,,,Privé - Carte de crédit en tout temps,,private,CREDIT_CARD_ALWAYS,,CAR_DEALER,,,,,,,,,,,,,,,,,,,,,,,,,LD,False,
ELEC,George Matick Chevrolet,14001 Telegraph Rd,,Redford Charter Twp,MI,48239,,313-332-7572,E,,Public - Credit card at all times,Dealership business hours; for Customers only,A D Debit M V,,,,,3.0,,,Non-Networked,,GPS,42.3876282310221,-83.2781814953192,2025-07-03,216308,2026-02-02 23:16:24 UTC,P,,,2022-04-25,,,,,J1772,US,,,,Public - Carte de crédit en tout temps,,public,CREDIT_CARD_ALWAYS,,CAR_DEALER,,,,,,,,,,,,,,,,,True,,,,,,,,LD,False,
ELEC,BBB Industries,15120 Commerce Dr N,,Dearborn,MI,48120,,,E,,Public - Credit card at all times,24 hours daily,A D Debit M V,,,,,,2.0,,Non-Networked,,GPS,42.3119970284282,-83.1846869171035,2022-05-05,216312,2025-02-28 17:01:42 UTC,P,,,2022-04-25,,,,,J1772COMBO,US,,,,Public - Carte de crédit en tout temps,,public,CREDIT_CARD_ALWAYS,,PARKING_LOT,,,,,,,,,,,,,,,,,False,,,,,,,,LD,False,
ELEC,Rhombus Energy Solutions,15301 Century Dr,,Dearborn,MI,48120,,313-406-3292,E,,Public - Credit card at all times,24 hours daily,A D Debit M V,,,,,,1.0,,Non-Networked,,GPS,42.3079592907818,-83.1860283426551,2022-05-05,216313,2025-02-27 17:28:14 UTC,P,,,2022-04-25,,,,,J1772COMBO,US,,,,Public - Carte de crédit en tout temps,,public,CREDIT_CARD_ALWAYS,,PARKING_LOT,,,,,,,,,,,,,,,,,False,,,,,,,,LD,False,
ELEC,Ford Rotunda Center,17000 Rotunda Dr,,Dearborn,MI,48120,,,E,,Private - Credit card at all times,24 hours daily,A D Debit M V,,,,,9.0,,,Non-Networked,,GPS,42.3010021790826,-83.204459010864,2022-05-05,216314,2025-02-28 16:58:08 UTC,P,,,2022-04-25,,,,,J1772,US,,,,Privé - Carte de crédit en tout temps,,private,CREDIT_CARD_ALWAYS,,PARKING_LOT,,,,,,,,,,,,,,,,,,,,,,,,,LD,False,
ELEC,Ford Motor Company - Fairlane Business Park,17425 Federal Dr,,Allen Park,MI,48101,,,E,,Private,24 hours daily,A D Debit M V,,,,,2.0,2.0,,Non-Networked,,GPS,42.2931164418405,-83.201359489053,2022-05-05,216315,2025-12-11 16:10:08 UTC,P,,,2022-04-25,,,,,CHADEMO J1772 J1772COMBO,US,,,,Privé,,private,,,PARKING_LOT,,,,,,,,,,,,,,,,,,,,,,,,,LD,False,
ELEC,Ford DTE Central Energy Plant,Carroll Shelby Way,,Dearborn,MI,48124,,,E,,Private,24 hours daily,A D Debit M V,,,,,1.0,,,Non-Networked,,GPS,42.2977883177663,-83.2303562212286,2022-05-05,216316,2025-03-19 19:42:09 UTC,P,,,2022-04-25,,,,,J1772,US,,,,Privé,,private,,,PARKING_LOT,,,,,,,,,,,,,,,,,,,,,,,,,LD,False,
ELEC,Ford Vehicle Performance & Electrification Center,8500 Enterprise Dr,,Allen Park,MI,48101,,,E,,Private,24 hours daily,A D Debit M V,,,,,10.0,,,Non-Networked,,GPS,42.2636319438139,-83.2126029420035,2022-05-05,216317,2025-02-28 18:46:44 UTC,P,,,2022-04-25,,,,,J1772,US,,,,Privé,,private,,,PARKING_LOT,,,,,,,,,,,,,,,,,,,,,,,,,LD,False,
ELEC,Corewell Health Trenton Hospital,5450 Fort St,,Trenton,MI,48183,,734-671-3800,E,,Public - Credit card at all times,24 hours daily,A D Debit M V,,,,,2.0,,,Non-Networked,,GPS,42.117026880221,-83.2123754013196,2025-07-03,216319,2026-02-02 23:16:24 UTC,P,,,2022-04-25,,,,,J1772,US,,,,Public - Carte de crédit en tout temps,,public,CREDIT_CARD_ALWAYS,,HOSPITAL,,,,,,,,,,,,,,,,,False,,,,,,,,LD,False,
ELEC,Bob Maxey Ford,1555 E Jefferson Ave,,Detroit,MI,48207,,313-392-9200,E,,Public - Credit card at all times,24 hours daily; for ford vehicles only,A D Debit M V,,,,,1.0,,,Non-Networked,,GPS,42.3358903215709,-83.0288365189802,2025-01-13,216321,2025-02-12 00:16:32 UTC,P,,,2022-04-25,,,,,J1772,US,,,,Public - Carte de crédit en tout temps,,public,CREDIT_CARD_ALWAYS,,CAR_DEALER,,,,,,,Free,,,,,,,,,,True,,,,,,,,LD,False,
ELEC,Ray Laethem Chrysler Dodge Jeep Ram,18001 Mack Ave,,Detroit,MI,48224,,,E,,Private - Credit card at all times,24 hours daily,A D Debit M V,,,,,1.0,,,Non-Networked,,GPS,42.4049682521228,-82.9166864140783,2025-07-03,216322,2026-02-02 23:16:24 UTC,P,,,2022-04-27,,,,,J1772,US,,,,Privé - Carte de crédit en tout temps,,private,CREDIT_CARD_ALWAYS,,CAR_DEALER,,,,,,,,,,,,,,,,,,,,,,,,,LD,False,
ELEC,Harper Business Suites,21719 Harper Ave,,St. Clair Shores,MI,48080,,810-643-1774,E,,Public - Credit card at all times,24 hours daily,A D Debit M V,,,,,4.0,,,Non-Networked,,GPS,42.4563582491183,-82.9127470974748,2022-05-05,216323,2025-02-28 17:07:38 UTC,P,,,2022-04-27,,,,,J1772,US,,,,Public - Carte de crédit en tout temps,,public,CREDIT_CARD_ALWAYS,,PARKING_LOT,,,,,,,,,,,,,,,,,False,,,,,,,,LD,False,
ELEC,Detroit Furnace,16223 E 9 Mile Rd,,Eastpointe,MI,48021,,586-944-9400,E,,Public - Credit card at all times,24 hours daily,A D Debit M V,,,,,4.0,,,Non-Networked,,GPS,42.464851287764,-82.9546162599932,2025-01-13,216324,2025-02-12 00:16:32 UTC,P,,,2022-04-27,,,,,J1772,US,,,,Public - Carte de crédit en tout temps,,public,CREDIT_CARD_ALWAYS,,PARKING_LOT,,,,,,,,,,,,,,,,,False,,,,,,,,LD,False,
ELEC,Best Western Warren,7447 Convention Blvd,,Warren,MI,48092,,586-977-7270,E,,Public - Credit card at all times,24 hours daily; guest use only,,,,,,2.0,,,Non-Networked,,GPS,42.5315387422353,-83.0316873779402,2024-12-10,216325,2026-07-07 16:23:24 UTC,P,,,2022-04-27,,,,,J1772,US,,,,Public - Carte de crédit en tout temps,,public,CREDIT_CARD_ALWAYS,,HOTEL,,,,,,,Free,,,,,,,,,,True,,,,,,,,LD,False,
ELEC,Elder Ford,777 John R Rd,,Troy,MI,48083,,,E,,Private - Credit card at all times,24 hours daily,A D Debit M V,,,,,1.0,,,Non-Networked,,GPS,42.5420418315157,-83.1084089055126,2025-07-03,216326,2026-02-02 23:16:24 UTC,P,,,2022-04-27,,,,,J1772,US,,,,Privé - Carte de crédit en tout temps,,private,CREDIT_CARD_ALWAYS,,CAR_DEALER,,,,,,,,,,,,,,,,,,,,,,,,,LD,False,
ELEC,Schneider Electric,1975 Technology Dr,,Troy,MI,48083,,248-457-4100,E,,Public - Credit card at all times,24 hours daily,,,,,,2.0,,,Non-Networked,,GPS,42.5445457396023,-83.1080952947155,2025-05-12,216327,2026-02-02 23:16:24 UTC,P,,,2022-04-27,,,,,J1772,US,,,,Public - Carte de crédit en tout temps,,public,CREDIT_CARD_ALWAYS,,OFFICE_BLDG,,,,,,,Free,,,,,,,,,,False,,,,,,,,LD,True,
ELEC,LG Electronics,1835 Technology Dr,,Troy,MI,48083,,,E,,Private,24 hours daily,A D Debit M V,,,,,2.0,,,Non-Networked,,GPS,42.5445427084773,-83.1113545731143,2022-05-05,216328,2025-12-15 20:02:03 UTC,P,,,2022-04-27,,,,,J1772,US,,,,Privé,,private,,,OFFICE_BLDG,,,,,,,,,,,,,,,,,,,,,,,,,LD,True,
ELEC,Gallagher Kaiser,777 Chicago Rd,,Troy,MI,48083,,,E,,Private - Card key at all times,24 hours daily; for employee use only,A D Debit M V,,,,,4.0,,,Non-Networked,,GPS,42.5424047214789,-83.1151003636498,2022-05-05,216329,2025-12-16 19:11:33 UTC,P,,,2022-04-27,,,,,J1772,US,,,,Privé - Carte-clé en tout temps,,private,KEY_ALWAYS,,OFFICE_BLDG,,,,,,,,,,,,,,,,,,,,,,,,,LD,True,
ELEC,Suburban Cadillac of Troy,1810 Maplelawn Dr,,Troy,MI,48084,,,E,,Private - Credit card at all times,24 hours daily,A D Debit M V,,,,,1.0,,,Non-Networked,,GPS,42.5525758555728,-83.1754773087821,2025-07-03,216330,2026-02-02 23:16:24 UTC,P,,,2022-04-27,,,,,J1772,US,,,,Privé - Carte de crédit en tout temps,,private,CREDIT_CARD_ALWAYS,,CAR_DEALER,,,,,,,,,,,,,,,,,,,,,,,,,LD,False,
ELEC,Suburban Volkswagen of Troy,1804 Maplelawn Dr,,Troy,MI,48084,,,E,,Private - Credit card at all times,24 hours daily,A D Debit M V,,,,,1.0,,,Non-Networked,,GPS,42.553102040537,-83.1756164481605,2025-07-03,216331,2026-02-02 23:16:24 UTC,P,,,2022-04-27,,,,,J1772,US,,,,Privé - Carte de crédit en tout temps,,private,CREDIT_CARD_ALWAYS,,CAR_DEALER,,,,,,,,,,,,,,,,,,,,,,,,,LD,False,
ELEC,Somerset Collection Parking Garage,2800 W Big Beaver N,,Troy,MI,48084,,248-643-6360,E,,Public - Credit card at all times,24 hours daily,,,,,,4.0,,,Non-Networked,,GPS,42.5636041694384,-83.1824450814604,2025-05-12,216332,2026-02-02 23:16:24 UTC,P,,,2022-04-27,,,,,J1772,US,,,,Public - Carte de crédit en tout temps,,public,CREDIT_CARD_ALWAYS,,PARKING_GARAGE,,,,,,,Free,,,,,,,,,,False,,,,,,,,LD,False,
ELEC,Audi Birmingham Michigan,34602 Woodward Ave,,Birmingham,MI,48009,,248-645-5930,E,,Public - Credit card at all times,24 hours daily; for dealership use only,A D Debit M V,,,,,2.0,,,Non-Networked,,GPS,42.5439625516031,-83.2093157505169,2025-01-13,216333,2025-02-12 00:16:32 UTC,P,,,2022-04-27,,,,,J1772,US,,,,Public - Carte de crédit en tout temps,,public,CREDIT_CARD_ALWAYS,,CAR_DEALER,,,,,,,,,,,,,,,,,True,,,,,,,,LD,False,
ELEC,Bollinger Motors,14925 W Eleven Mile Rd,,Oak Park,MI,48237,,,E,,Private,24 hours daily,,,,,,5.0,,,Non-Networked,,GPS,42.4880572919332,-83.1968102037022,2025-10-13,216334,2026-02-02 23:16:24 UTC,P,,,2022-04-27,,,,,J1772,US,,,,Privé,,private,,,OFFICE_BLDG,,,,,,,,,,,,,,,,,,,,,,,,,LD,True,
ELEC,Curt's Auto Service,14611 W Eleven Mile Rd,,Oak Park,MI,48237,,248-545-0500,E,,Public - Credit card at all times,24 hours daily,,,,,,2.0,,,Non-Networked,,GPS,42.488300437052,-83.1927797705737,2025-05-12,216335,2026-02-02 23:16:24 UTC,P,,,2022-04-27,,,,,J1772,US,,,,Public - Carte de crédit en tout temps,,public,CREDIT_CARD_ALWAYS,,AUTO_REPAIR,,,,,,,Free,,,,,,,,,,False,,,,,,,,LD,False,
ELEC,Ferndale Chamber of Commerce,1938 Burdette St,,Ferndale,MI,48220,,248-542-2160,E,,Public - Credit card at all times,24 hours daily,A D Debit M V,,,,,2.0,,,Non-Networked,,GPS,42.4620112697441,-83.1254093917883,2025-05-12,216337,2026-02-02 23:16:24 UTC,P,,,2022-04-27,,,,,J1772,US,,,,Public - Carte de crédit en tout temps,,public,CREDIT_CARD_ALWAYS,,MUNI_GOV,,,,,,,,,,,,,,,,,False,,,,,,,,LD,False,
ELEC,Garden Fresh Gourmet,1220 E 9 Mile Rd,,Ferndale,MI,48220,,,E,,Private,24 hours daily,A D Debit M V,,,,,2.0,,,Non-Networked,,GPS,42.4605418072109,-83.1190715384374,2022-05-05,216338,2025-03-19 19:42:36 UTC,P,,,2022-04-27,,,,,J1772,US,,,,Privé,,private,,,OFFICE_BLDG,,,,,,,,,,,,,,,,,,,,,,,,,LD,True,
ELEC,McLaren Macomb Healthcare Parking Garage,1030 Harrington St,,Clinton Twp,MI,48036,,586-493-8000,E,,Public - Credit card at all times,24 hours daily,A D Debit M V,,,,,2.0,,,Non-Networked,,GPS,42.5878922229557,-82.9002975161865,2025-05-12,216339,2026-02-02 23:16:24 UTC,P,,,2022-04-27,,,,,J1772,US,,,,Public - Carte de crédit en tout temps,,public,CREDIT_CARD_ALWAYS,,PARKING_GARAGE,,,,,,,,,,,,,,,,,False,,,,,,,,LD,False,
ELEC,Sterling Heights Community Center,40250 Dodge Park Rd,,Sterling Heights,MI,48313,,586-446-2700,E,,Public - Credit card at all times,24 hours daily,,,,,,2.0,,,Non-Networked,,GPS,42.5906101230733,-83.0104297840878,2025-05-12,216340,2026-02-02 23:16:24 UTC,P,,,2022-04-27,,,,,J1772,US,,,,Public - Carte de crédit en tout temps,,public,CREDIT_CARD_ALWAYS,,PARKING_LOT,,,,,,,Free,,,,,,,,,,False,,,,,,,,LD,False,
ELEC,DoubleTree by Hilton,39475 Woodward Ave,,Bloomfield Hills,MI,48304,,248-644-1400,E,,Public - Credit card at all times,24 hours daily; guest use only,A D Debit M V,,,,,1.0,,,Non-Networked,,GPS,42.5805020017583,-83.2439165523946,2025-05-12,216342,2026-02-02 23:16:24 UTC,P,,,2022-04-27,,,,,J1772,US,,,,Public - Carte de crédit en tout temps,,public,CREDIT_CARD_ALWAYS,,HOTEL,,,,,,,,,,,,,,,,,True,,,,,,,,LD,False,
ELEC,BB's of Troy,4009 Livernois Rd,,Troy,MI,48098,,248-360-0119,E,,Public - Credit card at all times,24 hours daily,A D Debit M V,,,,,2.0,,,Non-Networked,,GPS,42.5776759535877,-83.1488537721743,2025-05-12,216343,2026-02-02 23:16:24 UTC,P,,,2022-04-27,,,,,J1772,US,,,,Public - Carte de crédit en tout temps,,public,CREDIT_CARD_ALWAYS,,PARKING_LOT,,,,,,,Free,,,,,,,,,,False,,,,,,,,LD,False,
ELEC,Liberty Center Parking Garage,100 W Big Beaver Rd,,Troy,MI,48084,,,E,,Private - Credit card at all times,24 hours daily,A D Debit M V,,,,,8.0,,,Non-Networked,,GPS,42.5635703641077,-83.149464294872,2025-12-12,216344,2026-02-02 23:16:24 UTC,P,,,2022-04-27,,,,,TESLA,US,,,,Privé - Carte de crédit en tout temps,,private,CREDIT_CARD_ALWAYS,,PARKING_GARAGE,,,,,,,,,,,,,,,,,,,,,,,,,LD,False,
ELEC,Neehee's Indian Vegetarian Street Food,4924 Rochester Rd,,Troy,MI,48085,,248-250-6335,E,,Public - Credit card at all times,24 hours daily,A D Debit M V,,,,,4.0,,,Non-Networked,,GPS,42.5905870960118,-83.1282245901463,2026-07-15,216345,2026-07-15 18:47:09 UTC,P,,,2022-04-27,,,,,J1772,US,,,,Public - Carte de crédit en tout temps,,public,CREDIT_CARD_ALWAYS,,RESTAURANT,,,,,,,,,,,,,,,,,False,,,,,,,,LD,False,
ELEC,Aptiv,5725 Innovation Dr,,Troy,MI,48098,,248-813-3005,E,,Public - Credit card at all times,24 hours daily,A D Debit M V,,,,,4.0,,,Non-Networked,,GPS,42.6022158714616,-83.161264214076,2025-05-12,216346,2026-02-02 23:16:24 UTC,P,,,2022-04-27,,,,,J1772,US,,,,Public - Carte de crédit en tout temps,,public,CREDIT_CARD_ALWAYS,,OFFICE_BLDG,,,,,,,,,,,,,,,,,False,,,,,,,,LD,True,
ELEC,Navistar Inc,1885 Enterprise Dr,,Rochester Hills,MI,48309,,,E,,Private,24 hours daily,A D Debit M V,,,,,4.0,,,Non-Networked,,GPS,42.6410045309457,-83.1681181972745,2022-05-05,216347,2025-12-02 14:12:47 UTC,P,,,2022-04-27,,,,,J1772,US,,,,Privé,,private,,,OFFICE_BLDG,,,,,,,,,,,,,,,,,,,,,,,,,LD,True,
ELEC,Oakland University - Human Health Building,331 Meadow Brook Rd,,Auburn Hills,MI,48326,,,E,,Public - Credit card at all times,24 hours daily,A D Debit M V,,,,,2.0,,,Non-Networked,,GPS,42.6768832198956,-83.2197487932496,2024-11-06,216350,2026-07-09 13:49:46 UTC,P,,,2022-04-27,,,,,J1772,US,,,,Public - Carte de crédit en tout temps,,public,CREDIT_CARD_ALWAYS,,PARKING_LOT,,,,,,,Free,,,,,,,,,,False,,,,,,,,LD,False,
ELEC,Oakland University - Engineering Center,115 Library Dr,,Rochester,MI,48309,,248-370-2217,E,,Public - Credit card at all times,24 hours daily,A D Debit M V,,,,,4.0,,,Non-Networked,,GPS,42.6712321121315,-83.2157590618511,2024-11-06,216351,2026-07-09 13:50:05 UTC,P,,,2022-04-27,,,,,J1772,US,,,,Public - Carte de crédit en tout temps,,public,CREDIT_CARD_ALWAYS,,PARKING_LOT,,,,,,,Free,,,,,,,,,,False,,,,,,,,LD,False,
ELEC,Oakland University - Parking Lot 32,146 Library Dr,,Rochester Hills,MI,48309,,,E,,Public - Credit card at all times,24 hours daily,A D Debit M V,,,,,2.0,,,Non-Networked,,GPS,42.6702267300867,-83.2157785183039,2024-11-06,216352,2026-07-09 13:50:19 UTC,P,,,2022-04-27,,,,,J1772,US,,,,Public - Carte de crédit en tout temps,,public,CREDIT_CARD_ALWAYS,,PARKING_GARAGE,,,,,,,Free,,,,,,,,,,False,,,,,,,,LD,False,
ELEC,Joe Lunghamer Chevrolet,475 Summit Dr,,Waterford Twp,MI,48328,,248-494-8878,E,,Public - Credit card at all times,Priority given to customers,A D Debit M V,,,,,,1.0,,Non-Networked,,GPS,42.6460828322704,-83.3350765085025,2025-07-03,216353,2026-02-02 23:16:24 UTC,P,,,2022-04-27,,,,,J1772COMBO,US,,,,Public - Carte de crédit en tout temps,,public,CREDIT_CARD_ALWAYS,,CAR_DEALER,,,,,,,Free,,,,,,,,,,True,,,,,,,,LD,False,
ELEC,Oakland Schools,2111 Pontiac Lake Rd,,Waterford Twp,MI,48328,,248-209-2000,E,,Private,24 hours daily,A D Debit M V,,,,,2.0,,,Non-Networked,,GPS,42.6502616033578,-83.3300958522289,2022-05-05,216354,2025-12-03 17:50:37 UTC,P,,,2022-04-27,,,,,J1772,US,,,,Privé,,private,,,PARKING_LOT,,,,,,,,,,,,,,,,,,,,,,,,,LD,False,
ELEC,Orchard Lake Country Club,5000 W Shore Dr,,West Bloomfield Twp,MI,48324,,,E,,Private,24 hours daily,A D Debit M V,,,,,2.0,,,Non-Networked,,GPS,42.5857244774909,-83.3834470094185,2025-07-03,216355,2026-02-02 23:16:24 UTC,P,,,2022-04-27,,,,,J1772,US,,,,Privé,,private,,,PARKING_LOT,,,,,,,,,,,,,,,,,,,,,,,,,LD,False,
ELEC,Windmill Market,7275 Cooley Lake Rd,,West Bloomfield Twp,MI,48324,,248-360-4441,E,,Public - Credit card at all times,24 hours daily,A D Debit M V,,,,,4.0,,,Non-Networked,,GPS,42.6150560431604,-83.4287329238825,2026-07-15,216356,2026-07-15 18:47:09 UTC,P,,,2022-04-27,,,,,J1772,US,,,,Public - Carte de crédit en tout temps,,public,CREDIT_CARD_ALWAYS,,PARKING_LOT,,,,,,,Free,,,,,,,,,,False,,,,,,,,LD,False,
ELEC,LaFontaine Chrysler Dodge Jeep Ram of Walled Lake,1111 S Commerce Rd,,Walled Lake,MI,48390,,,E,,Private - Credit card at all times,24 hours daily,A D Debit M V,,,,,1.0,,,Non-Networked,,GPS,42.5426796791748,-83.4785737043528,2025-07-03,216357,2026-02-02 23:16:24 UTC,P,,,2022-04-27,,,,,J1772,US,,,,Privé - Carte de crédit en tout temps,,private,CREDIT_CARD_ALWAYS,,CAR_DEALER,,,,,,,,,,,,,,,,,,,,,,,,,LD,False,
ELEC,Gentherm Office Building,21680 Haggerty Rd,,Northville,MI,48167,,,E,,Private,24 hours daily,A D Debit M V,,,,,4.0,,,Non-Networked,,GPS,42.4486774366907,-83.4328056354784,2022-05-05,216359,2025-12-02 14:37:31 UTC,P,,,2022-04-27,,,,,J1772,US,,,,Privé,,private,,,OFFICE_BLDG,,,,,,,,,,,,,,,,,,,,,,,,,LD,True,
ELEC,Hyatt Place,46080 Grand River Ave,,Novi,MI,48374,,248-513-4111,E,,Public - Credit card at all times,24 hours daily,A D Debit M V,,,,,1.0,,,Non-Networked,,GPS,42.488845699541,-83.5001915191443,2026-07-15,216361,2026-07-15 18:47:09 UTC,P,,,2022-04-27,,,,,J1772,US,,,,Public - Carte de crédit en tout temps,,public,CREDIT_CARD_ALWAYS,,HOTEL,,,,,,,Free,,,,,,,,,,False,,,,,,,,LD,False,
ELEC,Pinckney Chrysler Dodge Jeep RAM,1295 E Main St,,Pinckney,MI,48169,,,E,,Private - Credit card at all times,24 hours daily,A D Debit M V,,,,,1.0,,,Non-Networked,,GPS,42.4599364008192,-83.9289367876944,2025-07-03,216362,2026-02-02 23:16:24 UTC,P,,,2022-04-27,,,,,J1772,US,,,,Privé - Carte de crédit en tout temps,,private,CREDIT_CARD_ALWAYS,,CAR_DEALER,,,,,,,,,,,,,,,,,,,,,,,,,LD,False,
ELEC,Champion Chevrolet of Howell,5000 E Grand River Ave,,Howell,MI,48843,,,E,,Private - Credit card at all times,24 hours daily,A D Debit M V,,,,,2.0,,,Non-Networked,,GPS,42.5793011591608,-83.8548353421537,2025-07-03,216363,2026-02-02 23:16:24 UTC,P,,,2022-04-27,,,,,J1772,US,,,,Privé - Carte de crédit en tout temps,,private,CREDIT_CARD_ALWAYS,,CAR_DEALER,,,,,,,,,,,,,,,,,,,,,,,,,LD,False,
ELEC,Pigeon Municipal Parking Lot,40 S Main St,,Pigeon,MI,48755,,989-453-2311,E,,Public - Credit card at all times,24 hours daily,A CREDIT D Debit M V,,,,,1.0,,,Non-Networked,,GPS,43.8290970988524,-83.2708739860912,2026-07-15,217044,2026-07-15 18:47:09 UTC,P,,,2022-05-02,,,,,J1772,US,,,,Public - Carte de crédit en tout temps,,public,CREDIT_CARD_ALWAYS,,PARKING_LOT,,,,,,,,,,,,,,,,,False,,,,,,,,LD,False,
ELEC,Pak's Bike Shop,186 E Spring St,,Port Austin,MI,48467,,989-551-3200,E,,Public - Credit card at all times,24 hours daily,A D Debit M V,,,,,2.0,,,Non-Networked,,GPS,44.0460142786089,-82.9898491833189,2026-07-15,217045,2026-07-15 18:47:09 UTC,P,,,2022-05-02,,,,,J1772,US,,,,Public - Carte de crédit en tout temps,,public,CREDIT_CARD_ALWAYS,,PARKING_LOT,,,,,,,$0.29 per kWh,,,,,,,,,,False,,,,,,,,LD,False,
ELEC,LaFontaine Chevrolet Buick GMC - St Clair,3050 King Rd,,China Township,MI,48054,,810-254-4259,E,,Public - Credit card at all times,For service center use only,A D Debit M V,,,,,1.0,,,Non-Networked,,GPS,42.815863139952,-82.5154992094518,2026-07-15,217046,2026-07-15 18:47:09 UTC,P,,,2022-05-02,,,,,J1772,US,,,,Public - Carte de crédit en tout temps,,public,CREDIT_CARD_ALWAYS,,CAR_DEALER,,,,,,,,,,,,,,,,,True,,,,,,,,LD,False,
ELEC,Continental Corp,1 Continental Dr,,Auburn Hills,MI,48326,,,E,,Private - Credit card at all times,For employee use only,A D Debit M V,,,,,6.0,,,Non-Networked,,GPS,42.7017897992685,-83.2793597912243,2026-07-15,217047,2026-07-15 18:47:09 UTC,P,,,2022-05-02,,,,,J1772,US,,,,Privé - Carte de crédit en tout temps,,private,CREDIT_CARD_ALWAYS,,OFFICE_BLDG,,,,,,,,,,,,,,,,,,,,,,,,,LD,True,
ELEC,General Motors Orion Assembly,4555 Giddings Rd,,Lake Orion,MI,48359,,,E,,Private - Credit card at all times,24 hours daily,A D Debit M V,,,,,23.0,,,Non-Networked,,GPS,42.718813108832,-83.2637030583161,2024-10-11,217049,2026-07-06 17:50:49 UTC,P,,,2022-05-02,,,,,J1772,US,,,,Privé - Carte de crédit en tout temps,,private,CREDIT_CARD_ALWAYS,,FACTORY,,,,,,,,,,,,,,,,,,,,,,,,,LD,True,
ELEC,Orion Township Municipal Complex,2323 Joslyn Rd,,Lake Orion,MI,48360,,248-391-0304,E,,Public - Credit card at all times,24 hours daily,A D Debit M V,,,,,4.0,,,Non-Networked,,GPS,42.7472813843993,-83.2802750809556,2025-07-03,217050,2026-02-02 23:16:24 UTC,P,,,2022-05-02,,,,,J1772,US,,,,Public - Carte de crédit en tout temps,,public,CREDIT_CARD_ALWAYS,,PARKING_LOT,,,,,,,,,,,,,,,,,False,,,,,,,,LD,False,
ELEC,Consumers Energy Groveland Service Center,14500 Dixie Hwy,,Holly,MI,48442,,800-477-5050,E,,Public - Credit card at all times,24 hours daily,A D Debit M V,,,,,2.0,,,Non-Networked,,GPS,42.8222848632381,-83.5588545768312,2022-06-14,217051,2025-03-19 19:40:20 UTC,P,,,2022-05-02,,,,,J1772,US,,,,Public - Carte de crédit en tout temps,,public,CREDIT_CARD_ALWAYS,,PARKING_LOT,,,,,,,,,,,,,,,,,False,,,,,,,,LD,False,
ELEC,Home2 Suites by Hilton,9020 Holly Rd,,Grand Blanc,MI,48439,,810-498-0000,E,,Public - Credit card at all times,24 hours daily; for guests only,A D Debit M V,,,,,4.0,,,Non-Networked,,GPS,42.9008518598245,-83.631793395606,2025-01-13,217052,2025-02-12 00:16:32 UTC,P,,,2022-05-02,,,,,J1772 TESLA,US,,,,Public - Carte de crédit en tout temps,,public,CREDIT_CARD_ALWAYS,,HOTEL,,,,,,,Free,,,,,,,,,,True,,,,,,,,LD,False,
ELEC,GM Customer Care & Aftersales,6200 Grand Pointe Dr,,Grand Blanc,MI,48439,,,E,,Private,24 hours daily,,,,,,7.0,,,Non-Networked,,GPS,42.9391336321816,-83.6790837010173,2022-06-14,217055,2025-02-28 18:54:37 UTC,P,,,2022-05-02,,,,,J1772,US,,,,Privé,,private,,,PARKING_LOT,,,,,,,,,,,,,,,,,,,,,,,,,LD,False,
ELEC,Grand Blanc Mitsubishi,5470 Ali Dr,,Grand Blanc,MI,48439,,810-579-2030,E,,Public - Credit card at all times,24 hours daily,A D Debit M V,,,,,1.0,,,Non-Networked,,GPS,42.9453193815455,-83.6796458108155,2025-07-03,217056,2026-02-02 23:16:24 UTC,P,,,2022-05-02,,,,,J1772,US,,,,Public - Carte de crédit en tout temps,,public,CREDIT_CARD_ALWAYS,,CAR_DEALER,,,,,,,,,,,,,,,,,False,,,,,,,,LD,False,
ELEC,Shea Chevrolet,5135 Corunna Rd,,Flint,MI,48532,,810-230-4123,E,,Public - Credit card at all times,24 hours daily; Customer use only,A D Debit M V,,,,,4.0,,,Non-Networked,,GPS,43.001080594117,-83.7782279564615,2025-07-03,217057,2026-02-02 23:16:24 UTC,P,,,2022-05-02,,,,,J1772,US,,,,Public - Carte de crédit en tout temps,,public,CREDIT_CARD_ALWAYS,,CAR_DEALER,,,,,,,,,,,,,,,,,True,,,,,,,,LD,False,
ELEC,GM General Assembly,3842 Van Slyke Rd,,Flint,MI,48507,,,E,,Private,24 hours daily,,,,,,2.0,,,Non-Networked,,GPS,42.9828151953713,-83.7155506069895,2022-06-14,217058,2025-03-19 19:43:17 UTC,P,,,2022-05-02,,,,,J1772,US,,,,Privé,,private,,,FACTORY,,,,,,,,,,,,,,,,,,,,,,,,,LD,False,
ELEC,Sloan Museum Archives,1221 E Kearsley St,,Flint,MI,48503,,810-237-3421,E,,Public - Credit card at all times,24 hours daily,A D Debit M V,,,,,2.0,,,Non-Networked,,GPS,43.024276942989,-83.6790590161097,2022-06-14,217059,2025-02-24 18:18:15 UTC,P,,,2022-05-02,,,,,J1772,US,,,,Public - Carte de crédit en tout temps,,public,CREDIT_CARD_ALWAYS,,MUSEUM,,,,,,,,,,,,,,,,,False,,,,,,,,LD,False,
ELEC,Randy Wise Chrysler Jeep Dodge Ram of Durand,902 N Saginaw St,,Durand,MI,48429,,989-288-2666,E,,Public - Credit card at all times,24 hours daily,A D Debit M V,,,,,2.0,,,Non-Networked,,GPS,42.9197812944013,-83.9845329811662,2025-01-13,217061,2025-02-12 00:16:32 UTC,P,,,2022-05-02,,,,,J1772,US,,,,Public - Carte de crédit en tout temps,,public,CREDIT_CARD_ALWAYS,,CAR_DEALER,,,,,,,Free,,,,,,,,,,False,,,,,,,,LD,False,
ELEC,Memorial Healthcare Hospital Employee Lot,826 W King St,,Owosso,MI,48867,,989-720-2273,E,,Public - Credit card at all times,24 hours daily; Employee use only,A D Debit M V,,,,,7.0,,,Non-Networked,,GPS,43.0065644504623,-84.181399798233,2025-07-03,217062,2026-02-02 23:16:24 UTC,P,,,2022-05-02,,,,,J1772 TESLA,US,,,,Public - Carte de crédit en tout temps,,public,CREDIT_CARD_ALWAYS,,HOSPITAL,,,,,,,,,,,,,,,,,True,,,,,,,,LD,True,
ELEC,Suski Chevrolet Buick,8700 Main St,,Birch Run,MI,48414,,810-891-0069,E,,Public - Credit card at all times,24 hours daily,A D Debit M V,,,,,2.0,,,Non-Networked,,GPS,43.2490644675693,-83.781047166391,2025-01-13,217063,2025-02-12 00:16:32 UTC,P,,,2022-05-02,,,,,J1772,US,,,,Public - Carte de crédit en tout temps,,public,CREDIT_CARD_ALWAYS,,CAR_DEALER,,,,,,,Free,,,,,,,,,,False,,,,,,,,LD,False,
ELEC,LaFontaine Ford of Birch Run,11661 N Beyer Rd,,Birch Run,MI,48415,,989-244-4511,E,,Public - Credit card at all times,24 hours daily,A D Debit M V,,,,,2.0,,,Non-Networked,,GPS,43.2543658284238,-83.7809688973291,2025-01-13,217064,2025-02-12 00:16:32 UTC,P,,,2022-05-02,,,,,J1772,US,,,,Public - Carte de crédit en tout temps,,public,CREDIT_CARD_ALWAYS,,CAR_DEALER,,,,,,,Free,,,,,,,,,,False,,,,,,,,LD,False,
ELEC,Consumers Energy,2400 Weiss St,,Saginaw,MI,48602,,800-477-5050,E,,Public - Credit card at all times,24 hours daily,A D Debit M V,,,,,2.0,,,Non-Networked,,GPS,43.4440381679247,-83.9727365864755,2022-06-14,217065,2025-03-19 19:39:48 UTC,P,,,2022-05-02,,,,,J1772,US,,,,Public - Carte de crédit en tout temps,,public,CREDIT_CARD_ALWAYS,,UTILITY,,,,,,,,,,,,,,,,,False,,,,,,,,LD,False,
ELEC,Serra Chevrolet,4200 Bay Rd,,Saginaw,MI,48603,,989-577-7160,E,,Public - Credit card at all times,24 hours daily,A D Debit M V,,,,,1.0,,,Non-Networked,,GPS,43.4681714890432,-83.9747922090445,2025-07-03,217066,2026-02-02 23:16:24 UTC,P,,,2022-05-02,,,,,J1772,US,,,,Public - Carte de crédit en tout temps,,public,CREDIT_CARD_ALWAYS,,CAR_DEALER,,,,,,,,,,,,,,,,,False,,,,,,,,LD,False,
ELEC,Home2 Suites by Hilton Saginaw,2569 Trautner Dr,,Saginaw,MI,48604,,989-771-7000,E,,Public - Credit card at all times,24 hours daily; for guests only,A D Debit M V,,,,,4.0,,,Non-Networked,,GPS,43.4842858937629,-83.9664609965893,2025-01-13,217067,2025-02-12 00:16:32 UTC,P,,,2022-05-02,,,,,J1772 TESLA,US,,,,Public - Carte de crédit en tout temps,,public,CREDIT_CARD_ALWAYS,,HOTEL,,,,,,,Free,,,,,,,,,,True,,,,,,,,LD,False,
ELEC,Burt Watson Chevrolet,7468 Midland Rd,,Freeland,MI,48623,,989-697-0279,E,,Public - Credit card at all times,24 hours daily,A D Debit M V,,,,,2.0,1.0,,Non-Networked,,GPS,43.5176414499439,-84.1192914982514,2025-07-03,217068,2026-02-02 23:16:24 UTC,P,,,2022-05-02,,,,,J1772 J1772COMBO,US,,,,Public - Carte de crédit en tout temps,,public,CREDIT_CARD_ALWAYS,,CAR_DEALER,,,,,,,,,,,,,,,,,False,,,,,,,,LD,False,
ELEC,Rick Ford Sales,111 E Saginaw St,,Hemlock,MI,48626,,989-642-5261,E,,Public - Credit card at all times,Dealership business hours; Only available upon request,A D Debit M V,,,,,1.0,,,Non-Networked,,GPS,43.414214038255,-84.2291733789922,2025-07-03,217069,2026-02-02 23:16:24 UTC,P,,,2022-05-02,,,,,J1772,US,,,,Public - Carte de crédit en tout temps,,public,CREDIT_CARD_ALWAYS,,CAR_DEALER,,,,,,,,,,,,,,,,,True,,,,,,,,LD,False,
ELEC,Lads Ct Parking Lot,4 Lads Ct,,Alma,MI,48801,,,E,,Public - Credit card at all times,24 hours daily,A D Debit M V,,,,,2.0,,,Non-Networked,,GPS,43.3797178969894,-84.660876683197,2022-06-14,217070,2025-04-18 15:43:20 UTC,P,,,2022-05-02,,,,,J1772,US,,,,Public - Carte de crédit en tout temps,,public,CREDIT_CARD_ALWAYS,,PARKING_LOT,,,,,,,,,,,,,,,,,False,,,,,,,,LD,False,
ELEC,Consumer Energy,1325 Wright Ave,,Alma,MI,48801,,800-477-5050,E,,Public - Credit card at all times,24 hours daily,A D Debit M V,,,,,2.0,,,Non-Networked,,GPS,43.3902959783613,-84.6671981736548,2022-06-14,217071,2025-03-19 19:41:06 UTC,P,,,2022-05-02,,,,,J1772,US,,,,Public - Carte de crédit en tout temps,,public,CREDIT_CARD_ALWAYS,,UTILITY,,,,,,,,,,,,,,,,,False,,,,,,,,LD,False,
ELEC,Alma Ford Lincoln,2051 W Monroe Rd,,Alma,MI,48801,,989-681-5776,E,,Public - Credit card at all times,24 hours daily,A D Debit M V,,,,,1.0,,,Non-Networked,,GPS,43.4074133604501,-84.6472158395183,2025-07-03,217072,2026-02-02 23:16:24 UTC,P,,,2022-05-02,,,,,J1772,US,,,,Public - Carte de crédit en tout temps,,public,CREDIT_CARD_ALWAYS,,CAR_DEALER,,,,,,,,,,,,,,,,,False,,,,,,,,LD,False,
ELEC,Soaring Eagle Casino & Resort Parking Garage,6800 Soaring Eagle Blvd,,Mt Pleasant,MI,48858,,989-775-5777,E,,Public - Credit card at all times,24 hours daily; Customer use only,A D Debit M V,,,,,6.0,,,Non-Networked,,GPS,43.6074241351031,-84.7096444623686,2025-07-03,217073,2026-02-02 23:16:24 UTC,P,,,2022-05-02,,,,,J1772,US,,,,Public - Carte de crédit en tout temps,,public,CREDIT_CARD_ALWAYS,,OTHER_ENTERTAINMENT,,,,,,,,,,,,,,,,,True,,,,,,,,LD,False,
ELEC,East End Building,715 E Main St,,Midland,MI,48674,,,E,,Private,24 hours daily,,,,,,2.0,,,Non-Networked,,GPS,43.6100329011999,-84.2397576503156,2022-06-14,217074,2025-12-04 19:35:03 UTC,P,,,2022-05-02,,,,,J1772,US,,,,Privé,,private,,,OFFICE_BLDG,,,,,,,,,,,,,,,,,,,,,,,,,LD,False,
ELEC,Betten Baker Chevrolet,1701 N Mitchell St,,Cadillac,MI,49601,,800-446-3373,E,,Public - Credit card at all times,24 hours daily,A D Debit M V,,,,,1.0,,,Non-Networked,,GPS,44.2753529331217,-85.4074146958844,2025-01-13,217075,2025-02-12 00:16:32 UTC,P,,,2022-05-02,,,,,J1772,US,,,,Public - Carte de crédit en tout temps,,public,CREDIT_CARD_ALWAYS,,CAR_DEALER,,,,,,,,,,,,,,,,,False,,,,,,,,LD,False,
ELEC,Feeny Ford of Grayling,208 S James St,,Grayling,MI,49738,,,E,,Private - Credit card at all times,24 hours daily,A D Debit M V,,,,,1.0,,,Non-Networked,,GPS,44.657580960565,-84.7103360142552,2025-07-03,217076,2026-02-02 23:16:24 UTC,P,,,2022-05-02,,,,,J1772,US,,,,Privé - Carte de crédit en tout temps,,private,CREDIT_CARD_ALWAYS,,CAR_DEALER,,,,,,,,,,,,,,,,,,,,,,,,,LD,False,
ELEC,Dairy Queen,305 S James St,,Grayling,MI,49738,,989-344-1328,E,,Public - Credit card at all times,24 hours daily,A D Debit M V,,,,,1.0,,,Non-Networked,,GPS,44.6580391789952,-84.7089410976003,2022-06-14,217077,2025-02-24 17:08:55 UTC,P,,,2022-05-02,,,,,J1772,US,,,,Public - Carte de crédit en tout temps,,public,CREDIT_CARD_ALWAYS,,RESTAURANT,,,,,,,,,,,,,,,,,False,,,,,,,,LD,False,
ELEC,Aloha Beach Club,3358 U.S. 23,,Au Sable Charter Township,MI,48750,,989-220-1234,E,,Public - Credit card at all times,24 hours daily; guest use only,A D Debit M V,,,,,4.0,,,Non-Networked,,GPS,44.3780668149018,-83.3325045344038,2025-07-03,217078,2026-02-02 23:16:24 UTC,P,,,2022-05-02,,,,,J1772,US,,,,Public - Carte de crédit en tout temps,,public,CREDIT_CARD_ALWAYS,,HOTEL,,,,,,,Free,,,,,,,,,,True,,,,,,,,LD,False,
ELEC,Watson's Manistee Chrysler,208 E Parkdale Ave,,Manistee,MI,49660,,,E,,Private - Credit card at all times,24 hours daily,A D Debit M V,,,,,1.0,,,Non-Networked,,GPS,44.2658009931875,-86.3118555928759,2025-07-03,217079,2026-02-02 23:16:24 UTC,P,,,2022-05-02,,,,,J1772,US,,,,Privé - Carte de crédit en tout temps,,private,CREDIT_CARD_ALWAYS,,CAR_DEALER,,,,,,,,,,,,,,,,,,,,,,,,,LD,False,
ELEC,Little River Casino Resort,2700 Orchard Hwy,,Manistee,MI,49660,,888-568-2244,E,,Public - Credit card at all times,24 hours daily; Customer use only,A D Debit M V,,,,,6.0,,,Non-Networked,,GPS,44.2844259900135,-86.2475816607672,2025-07-03,217080,2026-02-02 23:16:24 UTC,P,,,2022-05-02,,,,,J1772,US,,,,Public - Carte de crédit en tout temps,,public,CREDIT_CARD_ALWAYS,,HOTEL,,,,,,,,,,,,,,,,,True,,,,,,,,LD,False,
ELEC,MAWBY Vineyards & Winery,4519 Elm Valley Rd,,Suttons Bay,MI,49682,,231-271-3522,E,,Public - Credit card at all times,24 hours daily; Customer use only,A D Debit M V,,,,,2.0,,,Non-Networked,,GPS,44.9138589437618,-85.6530383092242,2025-07-03,217081,2026-02-02 23:16:24 UTC,P,,,2022-05-02,,,,,J1772,US,,,,Public - Carte de crédit en tout temps,,public,CREDIT_CARD_ALWAYS,,BREWERY_DISTILLERY_WINERY,,,,,,,,,,,,,,,,,True,,,,,,,,LD,False,
ELEC,Mackinaw City KOA,566 Trails End Rd,,Mackinaw City,MI,49701,,231-436-5643,E,,Public - Credit card at all times,24 hours daily,A D Debit M V,,,,,4.0,,,Non-Networked,,GPS,45.7676651776979,-84.7409161163712,2025-07-03,217084,2026-02-02 23:16:24 UTC,P,,,2022-05-02,,,,,J1772,US,,,,Public - Carte de crédit en tout temps,,public,CREDIT_CARD_ALWAYS,,CAMPGROUND,,,,,,,,,,,,,,,,,False,,,,,,,,LD,False,
ELEC,Riverside Toyota in Marquette,3330 US Highway 41,,Marquette,MI,49855,,906-228-4900,E,,Public - Credit card at all times,24 hours daily; Dealership use only,A D Debit M V,,,,,1.0,,,Non-Networked,,GPS,46.5501611100662,-87.4620276365012,2025-07-03,217085,2026-02-02 23:16:24 UTC,P,,,2022-05-02,,,,,J1772,US,,,,Public - Carte de crédit en tout temps,,public,CREDIT_CARD_ALWAYS,,CAR_DEALER,,,,,,,,,,,,,,,,,True,,,,,,,,LD,False,
ELEC,Big Valley Ford,Highway M-28,,Ewen,MI,49925,,906-988-2323,E,,Public - Credit card at all times,Dealership business hours,A D Debit M V,,,,,1.0,,,Non-Networked,,200-8,46.534855947319,-89.2831325550669,2025-07-03,217086,2026-02-02 23:16:24 UTC,P,,,2022-05-02,,,,,J1772,US,,,,Public - Carte de crédit en tout temps,,public,CREDIT_CARD_ALWAYS,,CAR_DEALER,,,,,,,,,,,,,,,,,False,,,,,,,,LD,False,
ELEC,Copper Country Ford,47402 M-26,,Houghton,MI,49931,,,E,,Private - Credit card at all times,24 hours daily; customer use only,A D Debit M V,,,,,1.0,,,Non-Networked,,GPS,47.1035771660485,-88.5953920483912,2025-06-06,217087,2026-02-02 23:16:24 UTC,P,,,2022-05-02,,,,,J1772,US,,,,Privé - Carte de crédit en tout temps,,private,CREDIT_CARD_ALWAYS,,CAR_DEALER,,,,,,,Free,,,,,,,,,,,,,,,,,,LD,False,
ELEC,WMU MILLER 4,2197 Auditorium Dr,Lot 34,Kalamazoo,MI,49008,,888-758-4389,E,,Public,24 hours daily,,,,,,2.0,,,ChargePoint Network,https://www.chargepoint.com,GPS,42.278493,-85.617777,2026-08-09,217210,2026-08-09 02:08:58 UTC,,,,2022-05-08,,,,,J1772,US,,,,Public,,public,,,,,,,,,,,,,,,,,,,,False,,,,,,,,,False,
ELEC,WMU MILLER 6,2466 Ring Rd S,Lot 34,Kalamazoo,MI,49006,,888-758-4389,E,,Public,24 hours daily,,,,,,2.0,,,ChargePoint Network,https://www.chargepoint.com,GPS,42.278568,-85.617862,2026-08-09,217211,2026-08-09 02:08:58 UTC,,,,2022-05-08,,,,,J1772,US,,,,Public,,public,,,,,,,,,,,,,,,,,,,,False,,,,,,,,,False,
ELEC,WMU SUST. OFFICE 1,2529 W Michigan Ave,Sustainability,Kalamazoo,MI,49008,,888-758-4389,E,,Public,24 hours daily,,,,,,2.0,,,ChargePoint Network,https://www.chargepoint.com,GPS,42.281324,-85.6209,2026-08-09,217214,2026-08-09 02:09:05 UTC,,,,2022-05-08,,,,,J1772,US,,,,Public,,public,,,,,,,,,,,,,,,,,,,,False,,,,,,,,,False,
ELEC,WMU PHYS. PLANT 1,1100-1148 W Michigan Ave,,Kalamazoo,MI,49008,,888-758-4389,E,,Public,24 hours daily,,,,,,2.0,,,ChargePoint Network,https://www.chargepoint.com,GPS,42.287775,-85.599672,2026-08-09,217221,2026-08-09 02:09:17 UTC,,,,2022-05-08,,,,,J1772,US,,,,Public,,public,,,,,,,,,,,,,,,,,,,,False,,,,,,,,,False,
ELEC,SAGINAW 231 S WATER 01,231 S Water St,SVRC Marketplace parking lot on the Saginaw River.,Saginaw,MI,48607,,888-758-4389,E,,Public,24 hours daily,,,,,,2.0,,,ChargePoint Network,https://www.chargepoint.com,GPS,43.431529,-83.941038,2026-08-09,217281,2026-08-09 02:09:11 UTC,,,,2022-05-10,,,,,J1772,US,,,,Public,,public,,,,,,,,,,,,,,,,,,,,False,,,,,,,,,False,
ELEC,SAGINAW 231 S WATER 02,231 S Water St,SVRC Marketplace parking lot on the Saginaw River.,Saginaw,MI,48607,,888-758-4389,E,,Public,24 hours daily,,,,,,2.0,,,ChargePoint Network,https://www.chargepoint.com,GPS,43.43153,-83.941067,2026-08-09,217282,2026-08-09 02:09:11 UTC,,,,2022-05-10,,,,,J1772,US,,,,Public,,public,,,,,,,,,,,,,,,,,,,,False,,,,,,,,,False,
ELEC,WMU MILLER 14,2466 Ring Rd S,Lot 34,Kalamazoo,MI,49006,,888-758-4389,E,,Public,24 hours daily,,,,,,2.0,,,ChargePoint Network,https://www.chargepoint.com,GPS,42.278591,-85.617222,2026-08-09,217317,2026-08-09 01:31:40 UTC,,,,2022-05-11,,,,,J1772,US,,,,Public,,public,,,,,,,,,,,,,,,,,,,,False,,,,,,,,,False,
ELEC,PORTAGE CH STATION 2,203 E Centre Ave,,Portage,MI,49002,,888-758-4389,E,,Public,24 hours daily,,,,,,2.0,,,ChargePoint Network,https://www.chargepoint.com,GPS,42.201174,-85.58809,2026-08-09,218492,2026-08-09 02:08:31 UTC,,,,2022-05-19,,,,,J1772,US,,,,Public,,public,,,,,,,,,,,,,,,,,,,,False,,,,,,,,,False,
ELEC,PORTAGE CH STATION 3,203 E Centre Ave,,Portage,MI,49002,,888-758-4389,E,,Public,24 hours daily,,,,,,2.0,,,ChargePoint Network,https://www.chargepoint.com,GPS,42.201189,-85.5881,2026-08-09,218493,2026-08-09 02:08:31 UTC,,,,2022-05-19,,,,,J1772,US,,,,Public,,public,,,,,,,,,,,,,,,,,,,,False,,,,,,,,,False,
ELEC,SM SUNSHINE NOVI,42355 W 13 Mile Rd,Rear of building by light pole,Novi,MI,48377,,888-758-4389,E,,Public,24 hours daily,,,,,,2.0,,,ChargePoint Network,https://www.chargepoint.com,GPS,42.509554,-83.466485,2026-08-09,218982,2026-08-09 02:09:47 UTC,,,,2022-05-21,,,,,J1772,US,,,,Public,,public,,,,,,,,,,,,,,,,,,,,False,,,,,,,,,False,
ELEC,MAIN CAMPUS 1,600 N Centennial St,Located in the front visitors parking lot,Zeeland,MI,49464,,888-758-4389,E,,Public,24 hours daily,,,,,,2.0,,,ChargePoint Network,https://www.chargepoint.com,GPS,42.822801,-86.01194,2026-08-09,219851,2026-08-09 01:07:16 UTC,,,,2022-05-26,,,,,J1772,US,,,,Public,,public,,,,,,,,,,,,,,,,,,,,False,,,,,,,,,False,
ELEC,WMU FLOYD HALL 1,Campus Dr,,Kalamazoo,MI,49008,,888-758-4389,E,,Public,24 hours daily,,,,,,2.0,,,ChargePoint Network,https://www.chargepoint.com,GPS,42.255405,-85.64185,2026-08-09,220306,2026-08-09 01:30:34 UTC,,,,2022-05-28,,,,,J1772,US,,,,Public,,public,,,,,,,,,,,,,,,,,,,,False,,,,,,,,,False,
ELEC,WMU MILLER 12,1300 Theatre Dr,LOT 34,Kalamazoo,MI,49008,,888-758-4389,E,,Public,24 hours daily,,,,,,2.0,,,ChargePoint Network,https://www.chargepoint.com,GPS,42.278606,-85.61706,2026-08-09,220307,2026-08-09 01:31:41 UTC,,,,2022-05-28,,,,,J1772,US,,,,Public,,public,,,,,,,,,,,,,,,,,,,,False,,,,,,,,,False,
ELEC,WMU MILLER 10,2466 Ring Rd S,,Kalamazoo,MI,49006,,888-758-4389,E,,Public,24 hours daily,,,,,,2.0,,,ChargePoint Network,https://www.chargepoint.com,GPS,42.278597,-85.617486,2026-08-09,220308,2026-08-09 01:31:43 UTC,,,,2022-05-28,,,,,J1772,US,,,,Public,,public,,,,,,,,,,,,,,,,,,,,False,,,,,,,,,False,
ELEC,WMU MILLER 8,2466 Ring Rd S,Lot 34,Kalamazoo,MI,49006,,888-758-4389,E,,Public,24 hours daily,,,,,,2.0,,,ChargePoint Network,https://www.chargepoint.com,GPS,42.278607,-85.617136,2026-08-09,220309,2026-08-09 01:31:44 UTC,,,,2022-05-28,,,,,J1772,US,,,,Public,,public,,,,,,,,,,,,,,,,,,,,False,,,,,,,,,False,
ELEC,ELHART KIA KIA 19KW CHARGE,870 Chicago Dr,,Holland,MI,49423,,888-758-4389,E,,Public,24 hours daily,,,,,,1.0,,,ChargePoint Network,https://www.chargepoint.com,GPS,42.799032,-86.070602,2026-08-09,220389,2026-08-09 02:08:40 UTC,,,,2022-06-01,,,,,J1772,US,,,,Public,,public,,,,,,,,,,,,,,,,,,,,False,,,,,,,,,False,
ELEC,"Northville, MI - Tesla Supercharger",20401 Haggerty Road,,Northville,MI,48167,,877-798-3752,E,,Public,24 hours daily. NACS partner enabled.,A D Debit M V,,,,,,12.0,,Tesla,https://www.tesla.com/supercharger,GPS,42.437116,-83.438047,2026-06-18,220692,2026-06-18 14:46:21 UTC,P,,,2022-05-27,,,,,TESLA,US,,,,Public,,public,,,GROCERY,,,,,,,,,,,,,,,,,False,,,,,,,,LD,True,
ELEC,TNT Equipment,800 W Sanilac Rd,,Sandusky,MI,48471,,866-816-7584,E,,Public,24 hours daily,,,,,,2.0,3.0,,EV Connect,https://www.evconnect.com,GPS,43.421368,-82.861374,2026-08-09,221116,2026-08-09 03:48:49 UTC,,,,2022-06-08,,,,,CHADEMO J1772 J1772COMBO,US,,,,Public,,public,,,,,,,,,,,,,,,,,,,,False,,,,,,,,,False,
ELEC,SAGINAW 220 S BAUM 02,220 S Baum St,,Saginaw,MI,48607,,888-758-4389,E,,Public,24 hours daily,,,,,,2.0,,,ChargePoint Network,https://www.chargepoint.com,GPS,43.431026,-83.937818,2026-08-09,221209,2026-08-09 02:10:15 UTC,,,,2022-06-11,,,,,J1772,US,,,,Public,,public,,,,,,,,,,,,,,,,,,,,False,,,,,,,,,False,
ELEC,SM SUNSHINE SH,13630 Hall Rd,Parking Spot,Sterling Heights,MI,48313,,888-758-4389,E,,Public,24 hours daily,,,,,,2.0,,,ChargePoint Network,https://www.chargepoint.com,GPS,42.626448,-82.992096,2026-08-09,221210,2026-08-09 02:10:24 UTC,,,,2022-06-11,,,,,J1772,US,,,,Public,,public,,,,,,,,,,,,,,,,,,,,False,,,,,,,,,False,
ELEC,SAGINAW 220 S BAUM 01,220 S Baum St,,Saginaw,MI,48607,,888-758-4389,E,,Public,24 hours daily,,,,,,2.0,,,ChargePoint Network,https://www.chargepoint.com,GPS,43.431026,-83.937958,2026-08-09,221293,2026-08-09 02:10:15 UTC,,,,2022-06-15,,,,,J1772,US,,,,Public,,public,,,,,,,,,,,,,,,,,,,,False,,,,,,,,,False,
ELEC,SM SUNSHINE UTICA,8100 Hall Rd,Mobil gas station,Utica,MI,48317,,888-758-4389,E,,Public,24 hours daily,,,,,,1.0,,,ChargePoint Network,https://www.chargepoint.com,GPS,42.625172,-83.031562,2026-08-09,221295,2026-08-09 02:10:27 UTC,,,,2022-06-15,,,,,J1772,US,,,,Public,,public,,,,,,,,,,,,,,,,,,,,False,,,,,,,,,False,
ELEC,STRYKER MEDICAL NORTHWEST 1,3800 E Centre Ave,,Portage,MI,49002,,888-758-4389,E,,Public,24 hours daily,,,,,,2.0,,,ChargePoint Network,https://www.chargepoint.com,GPS,42.198906,-85.543413,2026-08-09,221559,2026-08-09 02:09:59 UTC,,,,2022-06-21,,,,,J1772,US,,,,Public,,public,,,,,,,,,,,,,,,,,,,,False,,,,,,,,,False,
ELEC,STRYKER MEDICAL NORTHWEST 2,3800 E Centre Ave,,Portage,MI,49002,,888-758-4389,E,,Public,24 hours daily,,,,,,2.0,,,ChargePoint Network,https://www.chargepoint.com,GPS,42.19889,-85.54352,2026-08-09,221560,2026-08-09 02:09:59 UTC,,,,2022-06-21,,,,,J1772,US,,,,Public,,public,,,,,,,,,,,,,,,,,,,,False,,,,,,,,,False,
ELEC,STRYKER MEDICAL SOUTHEAST 1,3800 E Centre Ave,,Portage,MI,49002,,888-758-4389,E,,Public,24 hours daily,,,,,,2.0,,,ChargePoint Network,https://www.chargepoint.com,GPS,42.198765,-85.543761,2026-08-09,221563,2026-08-09 02:10:09 UTC,,,,2022-06-21,,,,,J1772,US,,,,Public,,public,,,,,,,,,,,,,,,,,,,,False,,,,,,,,,False,
ELEC,STRYKER MEDICAL SOUTHEAST 2,3800 E Centre Ave,South east side,Portage,MI,49002,,888-758-4389,E,,Public,24 hours daily,,,,,,2.0,,,ChargePoint Network,https://www.chargepoint.com,GPS,42.198991,-85.543436,2026-08-09,221564,2026-08-09 02:10:09 UTC,,,,2022-06-21,,,,,J1772,US,,,,Public,,public,,,,,,,,,,,,,,,,,,,,False,,,,,,,,,False,
ELEC,Soo Motors Ford,391 W. 3 Mile Road,,Sault Sainte Marie,MI,49783,,888-998-2546,E,,Public,24 hours daily,,,,,,1.0,,,Blink Network,https://blinkcharging.com,GPS,46.462083,-84.366038,2026-08-10,222850,2026-08-10 00:47:51 UTC,,,,2022-07-07,,,,,J1772,US,,,,Public,,public,,,,,,,,,,Free,,,,,,,,,,False,,,,,,,,,False,
ELEC,MIDWEST ENERGY MIDWEST ENERGY,60590 Decatur Rd,Customer parking at front of building,Cassopolis,MI,49031,,888-758-4389,E,,Public,24 hours daily,,,,,,2.0,,,ChargePoint Network,https://www.chargepoint.com,GPS,41.919026,-85.973209,2026-08-09,222857,2026-08-09 01:25:20 UTC,,,,2022-07-08,,,,,J1772,US,,,,Public,,public,,,,,,,,,,,,,,,,,,,,False,,,,,,,,,False,
ELEC,Home2Suites,2288 64th Street SW,,Byron Center,MI,49315,,888-998-2546,E,,Public,24 hours daily,,,,,,4.0,,,Blink Network,https://blinkcharging.com,GPS,42.8486376,-85.7201476,2026-08-10,222979,2026-08-10 00:38:14 UTC,,,,2022-04-29,,,,,J1772,US,,,,Public,,public,,,,,,,,,,$2.00/Hr Parking Fee,,,,,,,,,,False,,,,,,,,,False,
ELEC,A2DDA STATION 2,324 Maynard St,Parking garage level 1 (Purple),Ann Arbor,MI,48104,,888-758-4389,E,,Public,24 hours daily,,,,,,2.0,,,ChargePoint Network,https://www.chargepoint.com,GPS,42.278709,-83.742514,2026-08-09,223001,2026-08-09 02:09:13 UTC,,,,2022-07-09,,,,,J1772,US,,,,Public,,public,,,,,,,,,,,,,,,,,,,,False,,,,,,,,,False,
ELEC,A2DDA STATION 3,324 Maynard St,Parking garage level 1 (Purple),Ann Arbor,MI,48104,,888-758-4389,E,,Public,24 hours daily,,,,,,2.0,,,ChargePoint Network,https://www.chargepoint.com,GPS,42.278692,-83.742414,2026-08-09,223002,2026-08-09 02:09:13 UTC,,,,2022-07-09,,,,,J1772,US,,,,Public,,public,,,,,,,,,,,,,,,,,,,,False,,,,,,,,,False,
ELEC,A2DDA STATION 1,324 Maynard St,Parking garage level 1 (Purple),Ann Arbor,MI,48104,,888-758-4389,E,,Public,24 hours daily,,,,,,2.0,,,ChargePoint Network,https://www.chargepoint.com,GPS,42.278735,-83.742541,2026-08-09,223003,2026-08-09 02:09:13 UTC,,,,2022-07-09,,,,,J1772,US,,,,Public,,public,,,,,,,,,,,,,,,,,,,,False,,,,,,,,,False,
ELEC,A2DDA STATION 4,324 Maynard St,Parking garage level 1 (Purple),Ann Arbor,MI,48104,,888-758-4389,E,,Public,24 hours daily,,,,,,2.0,,,ChargePoint Network,https://www.chargepoint.com,GPS,42.278705,-83.742391,2026-08-09,223004,2026-08-09 02:09:14 UTC,,,,2022-07-09,,,,,J1772,US,,,,Public,,public,,,,,,,,,,,,,,,,,,,,False,,,,,,,,,False,
ELEC,A2DDA ST 4123,320 Thompson St,,Ann Arbor,MI,48104,,888-758-4389,E,,Public,24 hours daily,,,,,,2.0,,,ChargePoint Network,https://www.chargepoint.com,GPS,42.278722,-83.742874,2026-08-09,223005,2026-08-09 02:09:16 UTC,,,,2022-07-09,,,,,J1772,US,,,,Public,,public,,,,,,,,,,,,,,,,,,,,False,,,,,,,,,False,
ELEC,A2DDA STATION 4121,320 Thompson St,Near Thompson entrance,Ann Arbor,MI,48104,,888-758-4389,E,,Public,24 hours daily,,,,,,2.0,,,ChargePoint Network,https://www.chargepoint.com,GPS,42.278674,-83.742922,2026-08-09,223006,2026-08-09 02:09:16 UTC,,,,2022-07-09,,,,,J1772,US,,,,Public,,public,,,,,,,,,,,,,,,,,,,,False,,,,,,,,,False,
ELEC,A2DDA 500 E WASH 1,500 E Washington St,Near Washington elevators,Ann Arbor,MI,48104,,888-758-4389,E,,Public,24 hours daily,,,,,,2.0,,,ChargePoint Network,https://www.chargepoint.com,GPS,42.280109,-83.742457,2026-08-09,223007,2026-08-09 02:09:17 UTC,,,,2022-07-09,,,,,J1772,US,,,,Public,,public,,,,,,,,,,,,,,,,,,,,False,,,,,,,,,False,
ELEC,A2DDA 500 E WASH 2,500 E Washington St,Near Washington elevators,Ann Arbor,MI,48104,,888-758-4389,E,,Public,24 hours daily,,,,,,2.0,,,ChargePoint Network,https://www.chargepoint.com,GPS,42.280076,-83.742462,2026-08-09,223008,2026-08-09 02:09:17 UTC,,,,2022-07-09,,,,,J1772,US,,,,Public,,public,,,,,,,,,,,,,,,,,,,,False,,,,,,,,,False,
ELEC,A2DDA STATION 27,123E W William St,Near Williams Street entrance,Ann Arbor,MI,48104,,888-758-4389,E,,Public,24 hours daily,,,,,,2.0,,,ChargePoint Network,https://www.chargepoint.com,GPS,42.278334,-83.747993,2026-08-09,223009,2026-08-09 02:09:18 UTC,,,,2022-07-09,,,,,J1772,US,,,,Public,,public,,,,,,,,,,,,,,,,,,,,False,,,,,,,,,False,
ELEC,A2DDA STATION 28,115E W William St,Near Williams Street entrance,Ann Arbor,MI,48104,,888-758-4389,E,,Public,24 hours daily,,,,,,2.0,,,ChargePoint Network,https://www.chargepoint.com,GPS,42.278408,-83.747978,2026-08-09,223010,2026-08-09 02:09:18 UTC,,,,2022-07-09,,,,,J1772,US,,,,Public,,public,,,,,,,,,,,,,,,,,,,,False,,,,,,,,,False,
ELEC,A2DDA STATION 33,123E W William St,Near Williams Street entrance,Ann Arbor,MI,48104,,888-758-4389,E,,Public,24 hours daily,,,,,,2.0,,,ChargePoint Network,https://www.chargepoint.com,GPS,42.27831,-83.748008,2026-08-09,223011,2026-08-09 02:09:18 UTC,,,,2022-07-09,,,,,J1772,US,,,,Public,,public,,,,,,,,,,,,,,,,,,,,False,,,,,,,,,False,
ELEC,A2DDA STATION 22,115E W William St,Near William Street entrance,Ann Arbor,MI,48104,,888-758-4389,E,,Public,24 hours daily,,,,,,2.0,,,ChargePoint Network,https://www.chargepoint.com,GPS,42.278218,-83.747992,2026-08-09,223012,2026-08-09 02:09:20 UTC,,,,2022-07-09,,,,,J1772,US,,,,Public,,public,,,,,,,,,,,,,,,,,,,,False,,,,,,,,,False,
ELEC,A2DDA STATION 24,115E W William St,Near William Street entrance,Ann Arbor,MI,48104,,888-758-4389,E,,Public,24 hours daily,,,,,,2.0,,,ChargePoint Network,https://www.chargepoint.com,GPS,42.278169,-83.747986,2026-08-09,223013,2026-08-09 02:09:20 UTC,,,,2022-07-09,,,,,J1772,US,,,,Public,,public,,,,,,,,,,,,,,,,,,,,False,,,,,,,,,False,
ELEC,A2DDA STATION 18,220 N Ashley St,Southwest corner,Ann Arbor,MI,48104,,888-758-4389,E,,Public,24 hours daily,,,,,,2.0,,,ChargePoint Network,https://www.chargepoint.com,GPS,42.282558,-83.749551,2026-08-09,223014,2026-08-09 02:09:21 UTC,,,,2022-07-09,,,,,J1772,US,,,,Public,,public,,,,,,,,,,,,,,,,,,,,False,,,,,,,,,False,
ELEC,A2DDA STATION 19,220 N Ashley St,Southwest corner,Ann Arbor,MI,48104,,888-758-4389,E,,Public,24 hours daily,,,,,,2.0,,,ChargePoint Network,https://www.chargepoint.com,GPS,42.282599,-83.749566,2026-08-09,223015,2026-08-09 02:09:21 UTC,,,,2022-07-09,,,,,J1772,US,,,,Public,,public,,,,,,,,,,,,,,,,,,,,False,,,,,,,,,False,
ELEC,A2DDA STATION 20,220 N Ashley St,Southwest corner,Ann Arbor,MI,48104,,888-758-4389,E,,Public,24 hours daily,,,,,,2.0,,,ChargePoint Network,https://www.chargepoint.com,GPS,42.28256,-83.749555,2026-08-09,223016,2026-08-09 02:09:21 UTC,,,,2022-07-09,,,,,J1772,US,,,,Public,,public,,,,,,,,,,,,,,,,,,,,False,,,,,,,,,False,
ELEC,A2DDA STATION 13,120 W Ann St,Near Ann Street Entrance,Ann Arbor,MI,48104,,888-758-4389,E,,Public,24 hours daily,,,,,,2.0,,,ChargePoint Network,https://www.chargepoint.com,GPS,42.28281,-83.74917,2026-08-09,223017,2026-08-09 02:09:22 UTC,,,,2022-07-09,,,,,J1772,US,,,,Public,,public,,,,,,,,,,,,,,,,,,,,False,,,,,,,,,False,
ELEC,A2DDA STATION 17,220 N Ashely St,Near Ann Street Entrance,Ann Arbor,MI,48104,,888-758-4389,E,,Public,24 hours daily,,,,,,2.0,,,ChargePoint Network,https://www.chargepoint.com,GPS,42.282771,-83.74916,2026-08-09,223018,2026-08-09 02:09:22 UTC,,,,2022-07-09,,,,,J1772,US,,,,Public,,public,,,,,,,,,,,,,,,,,,,,False,,,,,,,,,False,
ELEC,A2DDA STATION 15,220 N Ashley St,Near Ann Street Entrance,Ann Arbor,MI,48104,,888-758-4389,E,,Public,24 hours daily,,,,,,2.0,,,ChargePoint Network,https://www.chargepoint.com,GPS,42.282735,-83.749171,2026-08-09,223019,2026-08-09 02:09:22 UTC,,,,2022-07-09,,,,,J1772,US,,,,Public,,public,,,,,,,,,,,,,,,,,,,,False,,,,,,,,,False,
ELEC,A2DDA STATION 12,120 W Ann St,Near Ann Street Stairs,Ann Arbor,MI,48104,,888-758-4389,E,,Public,24 hours daily,,,,,,2.0,,,ChargePoint Network,https://www.chargepoint.com,GPS,42.282712,-83.749244,2026-08-09,223020,2026-08-09 02:09:23 UTC,,,,2022-07-09,,,,,J1772,US,,,,Public,,public,,,,,,,,,,,,,,,,,,,,False,,,,,,,,,False,
ELEC,A2DDA STATION 26,650 S Forest Ave,Near Miller Street Entrance,Ann Arbor,MI,48104,,888-758-4389,E,,Public,24 hours daily,,,,,,2.0,,,ChargePoint Network,https://www.chargepoint.com,GPS,42.274037,-83.733765,2026-08-09,223021,2026-08-09 02:09:25 UTC,,,,2022-07-09,,,,,J1772,US,,,,Public,,public,,,,,,,,,,,,,,,,,,,,False,,,,,,,,,False,
ELEC,A2DDA STATION 8,650 S Forest Ave,Near Miller Street Entrance,Ann Arbor,MI,48104,,888-758-4389,E,,Public,24 hours daily,,,,,,2.0,,,ChargePoint Network,https://www.chargepoint.com,GPS,42.27403,-83.733807,2026-08-09,223022,2026-08-09 02:09:25 UTC,,,,2022-07-09,,,,,J1772,US,,,,Public,,public,,,,,,,,,,,,,,,,,,,,False,,,,,,,,,False,
ELEC,A2DDA STATION 21,650 S Forest Ave,Near Miller Street Entrance,Ann Arbor,MI,48104,,888-758-4389,E,,Public,24 hours daily,,,,,,2.0,,,ChargePoint Network,https://www.chargepoint.com,GPS,42.274022,-83.733677,2026-08-09,223023,2026-08-09 02:09:25 UTC,,,,2022-07-09,,,,,J1772,US,,,,Public,,public,,,,,,,,,,,,,,,,,,,,False,,,,,,,,,False,
ELEC,A2DDA STATION 16,650 S Forest Ave,Near Miller Street Entrance,Ann Arbor,MI,48104,,888-758-4389,E,,Public,24 hours daily,,,,,,2.0,,,ChargePoint Network,https://www.chargepoint.com,GPS,42.274026,-83.733553,2026-08-09,223024,2026-08-09 02:09:25 UTC,,,,2022-07-09,,,,,J1772,US,,,,Public,,public,,,,,,,,,,,,,,,,,,,,False,,,,,,,,,False,
ELEC,A2DDA STATION 25,650 S Forest Ave,Near Forest Street Entrance,Ann Arbor,MI,48104,,888-758-4389,E,,Public,24 hours daily,,,,,,2.0,,,ChargePoint Network,https://www.chargepoint.com,GPS,42.274006,-83.733506,2026-08-09,223025,2026-08-09 02:09:26 UTC,,,,2022-07-09,,,,,J1772,US,,,,Public,,public,,,,,,,,,,,,,,,,,,,,False,,,,,,,,,False,
ELEC,A2DDA STATION 23,650 S Forest Ave,Near Forest Street Entrance,Ann Arbor,MI,48104,,888-758-4389,E,,Public,24 hours daily,,,,,,2.0,,,ChargePoint Network,https://www.chargepoint.com,GPS,42.274217,-83.733832,2026-08-09,223026,2026-08-09 02:09:27 UTC,,,,2022-07-09,,,,,J1772,US,,,,Public,,public,,,,,,,,,,,,,,,,,,,,False,,,,,,,,,False,
ELEC,A2DDA STATION 6,650 S Forest Ave,Near Forest Street Entrance,Ann Arbor,MI,48104,,888-758-4389,E,,Public,24 hours daily,,,,,,2.0,,,ChargePoint Network,https://www.chargepoint.com,GPS,42.274221,-83.73381,2026-08-09,223027,2026-08-09 02:09:27 UTC,,,,2022-07-09,,,,,J1772,US,,,,Public,,public,,,,,,,,,,,,,,,,,,,,False,,,,,,,,,False,
ELEC,A2DDA STATION 31,319 S 5th Ave,Near 5th Avenue entrance,Ann Arbor,MI,48104,,888-758-4389,E,,Public,24 hours daily,,,,,,2.0,,,ChargePoint Network,https://www.chargepoint.com,GPS,42.278456,-83.745129,2026-08-09,223028,2026-08-09 02:09:28 UTC,,,,2022-07-09,,,,,J1772,US,,,,Public,,public,,,,,,,,,,,,,,,,,,,,False,,,,,,,,,False,
ELEC,A2DDA STATION 11,319 S 5th Ave,Near 5th Avenue entrance,Ann Arbor,MI,48104,,888-758-4389,E,,Public,24 hours daily,,,,,,2.0,,,ChargePoint Network,https://www.chargepoint.com,GPS,42.278517,-83.745588,2026-08-09,223029,2026-08-09 02:09:28 UTC,,,,2022-07-09,,,,,J1772,US,,,,Public,,public,,,,,,,,,,,,,,,,,,,,False,,,,,,,,,False,
ELEC,A2DDA STATION 9,319 S 5th Ave,Near 5th Avenue entrance,Ann Arbor,MI,48104,,888-758-4389,E,,Public,24 hours daily,,,,,,2.0,,,ChargePoint Network,https://www.chargepoint.com,GPS,42.278544,-83.745642,2026-08-09,223030,2026-08-09 02:09:28 UTC,,,,2022-07-09,,,,,J1772,US,,,,Public,,public,,,,,,,,,,,,,,,,,,,,False,,,,,,,,,False,
ELEC,A2DDA STATION 29,319 S 5th Ave,Near 5th Avenue entrance,Ann Arbor,MI,48104,,888-758-4389,E,,Public,24 hours daily,,,,,,2.0,,,ChargePoint Network,https://www.chargepoint.com,GPS,42.278476,-83.745234,2026-08-09,223031,2026-08-09 02:09:28 UTC,,,,2022-07-09,,,,,J1772,US,,,,Public,,public,,,,,,,,,,,,,,,,,,,,False,,,,,,,,,False,
ELEC,A2DDA STATION 32,319 S 5th Ave,Near 5th Avenue entrance,Ann Arbor,MI,48104,,888-758-4389,E,,Public,24 hours daily,,,,,,2.0,,,ChargePoint Network,https://www.chargepoint.com,GPS,42.27852,-83.745748,2026-08-09,223032,2026-08-09 02:09:29 UTC,,,,2022-07-09,,,,,J1772,US,,,,Public,,public,,,,,,,,,,,,,,,,,,,,False,,,,,,,,,False,
ELEC,A2DDA STATION 30,319 S 5th Ave,Near 5th Avenue entrance,Ann Arbor,MI,48104,,888-758-4389,E,,Public,24 hours daily,,,,,,2.0,,,ChargePoint Network,https://www.chargepoint.com,GPS,42.27851,-83.745697,2026-08-09,223033,2026-08-09 02:09:29 UTC,,,,2022-07-09,,,,,J1772,US,,,,Public,,public,,,,,,,,,,,,,,,,,,,,False,,,,,,,,,False,
ELEC,A2DDA STATION 7,319 S 5th Ave,Near 5th Avenue entrance,Ann Arbor,MI,48104,,888-758-4389,E,,Public,24 hours daily,,,,,,2.0,,,ChargePoint Network,https://www.chargepoint.com,GPS,42.278515,-83.745756,2026-08-09,223034,2026-08-09 02:09:29 UTC,,,,2022-07-09,,,,,J1772,US,,,,Public,,public,,,,,,,,,,,,,,,,,,,,False,,,,,,,,,False,
ELEC,A2DDA STATION 5,319 S 5th Ave,Near 5th Avenue entrance,Ann Arbor,MI,48104,,888-758-4389,E,,Public,24 hours daily,,,,,,2.0,,,ChargePoint Network,https://www.chargepoint.com,GPS,42.278518,-83.745659,2026-08-09,223035,2026-08-09 02:09:29 UTC,,,,2022-07-09,,,,,J1772,US,,,,Public,,public,,,,,,,,,,,,,,,,,,,,False,,,,,,,,,False,
ELEC,A2DDA STATION 10,319 S 5th Ave,Near 5th Avenue entrance,Ann Arbor,MI,48104,,888-758-4389,E,,Public,24 hours daily,,,,,,2.0,,,ChargePoint Network,https://www.chargepoint.com,GPS,42.278532,-83.745665,2026-08-09,223036,2026-08-09 02:09:29 UTC,,,,2022-07-09,,,,,J1772,US,,,,Public,,public,,,,,,,,,,,,,,,,,,,,False,,,,,,,,,False,
ELEC,A2DDA 5TH AVE CT4K,319 S 5th Ave,Near 5th Avenue entrance,Ann Arbor,MI,48104,,888-758-4389,E,,Public,24 hours daily,,,,,,2.0,,,ChargePoint Network,https://www.chargepoint.com,GPS,42.278571,-83.745756,2026-08-09,223037,2026-08-09 02:09:35 UTC,,,,2022-07-09,,,,,J1772,US,,,,Public,,public,,,,,,,,,,,,,,,,,,,,False,,,,,,,,,False,
ELEC,A2DDA E WASH CT4K,123 E Washington St,1st floor down from main entrance,Ann Arbor,MI,48104,,888-758-4389,E,,Public,24 hours daily,,,,,,2.0,,,ChargePoint Network,https://www.chargepoint.com,GPS,42.280678,-83.747712,2026-08-09,223038,2026-08-09 02:09:36 UTC,,,,2022-07-09,,,,,J1772,US,,,,Public,,public,,,,,,,,,,,,,,,,,,,,False,,,,,,,,,False,
ELEC,A2DDA E WASH CT4K 2,123 E Washington St,1st floor down from main entrance,Ann Arbor,MI,48104,,888-758-4389,E,,Public,24 hours daily,,,,,,2.0,,,ChargePoint Network,https://www.chargepoint.com,GPS,42.280696,-83.747688,2026-08-09,223039,2026-08-09 02:09:36 UTC,,,,2022-07-09,,,,,J1772,US,,,,Public,,public,,,,,,,,,,,,,,,,,,,,False,,,,,,,,,False,
ELEC,FORGOTTENHARVES STATION 1,15000 eight mile rd,,Oak Park,MI,48237,,888-758-4389,E,,Public,24 hours daily,,,,,,2.0,,,ChargePoint Network,https://www.chargepoint.com,GPS,42.447495,-83.191696,2026-08-09,223461,2026-08-09 02:05:09 UTC,,,,2022-07-14,,,,,J1772,US,,,,Public,,public,,,,,,,,,,,,,,,,,,,,False,,,,,,,,,False,
ELEC,MARANATHA BIBLE STATION 1,4759 Lake Harbor Rd,In front of family life center north lot,Norton Shores,MI,49441,,888-758-4389,E,,Public,24 hours daily,,,,,,2.0,,,ChargePoint Network,https://www.chargepoint.com,GPS,43.166948,-86.290976,2026-08-09,223466,2026-08-09 02:09:38 UTC,,,,2022-07-14,,,,,J1772,US,,,,Public,,public,,,,,,,,,,,,,,,,,,,,False,,,,,,,,,False,
ELEC,A2DDA STATION 14,220 N Ashley St,Near Ann Street Stairs,Ann Arbor,MI,48104,,888-758-4389,E,,Public,24 hours daily,,,,,,2.0,,,ChargePoint Network,https://www.chargepoint.com,GPS,42.282746,-83.749201,2026-08-09,224594,2026-08-09 02:09:23 UTC,,,,2022-07-29,,,,,J1772,US,,,,Public,,public,,,,,,,,,,,,,,,,,,,,False,,,,,,,,,False,
ELEC,O'DELL NAILS O'DELL NAILS,47200 Woodward Ave,,Pontiac,MI,48342,,888-758-4389,E,,Public,24 hours daily,,,,,,2.0,,,ChargePoint Network,https://www.chargepoint.com,GPS,42.634792,-83.288153,2026-08-09,225090,2026-08-09 02:12:02 UTC,,,,2022-08-06,,,,,J1772,US,,,,Public,,public,,,,,,,,,,,,,,,,,,,,False,,,,,,,,,False,
ELEC,BEDROCK 1001 WW 2-1,35 State St,,Detroit,MI,48226,,888-758-4389,E,,Public,24 hours daily,,,,,,2.0,,,ChargePoint Network,https://www.chargepoint.com,GPS,42.332608,-83.047939,2026-08-09,225665,2026-08-09 01:25:43 UTC,,,,2022-08-18,,,,,J1772,US,,,,Public,,public,,,,,,,,,,,,,,,,,,,,False,,,,,,,,,False,
ELEC,Center Garage,414 Renaissance Dr W,Located across from the Mariott's motor lobby,Detroit,MI,48243,,844-472-7577,E,,Public,24 hours daily; 2 hour limit,,,,,,4.0,,,Non-Networked,,GPS,42.3279000361034,-83.04148458531952,2025-12-12,225709,2026-02-02 23:16:24 UTC,P,,,2022-08-01,,,,,J1772,US,,,,Public,,public,,,PAY_GARAGE,,,,,,,,,,,,,,,,,False,,,,,,,,LD,True,
ELEC,"Detroit, MI - Tesla Supercharger",1301 8 Mile Rd,,Detroit,MI,48203,,877-798-3752,E,,Public,24 hours daily. NACS partner enabled.,A D Debit M V,,,,,,20.0,,Tesla,https://www.tesla.com/supercharger,GPS,42.445336,-83.118018,2026-06-18,225836,2026-06-18 14:46:21 UTC,P,,,2022-08-09,,,,,TESLA,US,,,,Public,,public,,,GROCERY,,,,,,,,,,,,,,,,,False,,,,,,,,LD,True,
ELEC,GRCC TASSELL MTEC 1,622 Godfrey Ave SW,"Guest Parking, surface lot",Grand Rapids,MI,49503,,888-758-4389,E,,Public,24 hours daily,,,,,,2.0,,,ChargePoint Network,https://www.chargepoint.com,GPS,42.951799,-85.681699,2026-08-09,225898,2026-08-09 02:11:31 UTC,,,,2022-08-19,,,,,J1772,US,,,,Public,,public,,,,,,,,,,,,,,,,,,,,False,,,,,,,,,False,
ELEC,SPEEDRACK SPEEDRACK #2,3102 Walker Ridge Dr NW,,Walker,MI,49544,,888-758-4389,E,,Public,24 hours daily,,,,,,2.0,,,ChargePoint Network,https://www.chargepoint.com,GPS,43.018356,-85.74849,2026-08-09,226168,2026-08-09 02:09:55 UTC,,,,2022-08-24,,,,,J1772,US,,,,Public,,public,,,,,,,,,,,,,,,,,,,,False,,,,,,,,,False,
ELEC,SPEEDRACK SPEEDRACK #1,3102 Walker Ridge Dr NW,,Walker,MI,49544,,888-758-4389,E,,Public,24 hours daily,,,,,,2.0,,,ChargePoint Network,https://www.chargepoint.com,GPS,43.018333,-85.74856,2026-08-09,226169,2026-08-09 02:10:08 UTC,,,,2022-08-24,,,,,J1772,US,,,,Public,,public,,,,,,,,,,,,,,,,,,,,False,,,,,,,,,False,
ELEC,PEARLE VISION PEARLE VISION 1,4363 Highland Rd,,Waterford Township,MI,48328,,888-758-4389,E,,Public,24 hours daily,,,,,,2.0,,,ChargePoint Network,https://www.chargepoint.com,GPS,42.653638,-83.373137,2026-08-09,226621,2026-08-09 01:55:07 UTC,,,,2022-08-27,,,,,J1772,US,,,,Public,,public,,,,,,,,,,,,,,,,,,,,False,,,,,,,,,False,
ELEC,HAYES STATION 1,543 west michigan ave,In building,Kalamazoo,MI,49007,,888-758-4389,E,,Public,24 hours daily,,,,,,1.0,,,ChargePoint Network,https://www.chargepoint.com,GPS,42.291008,-85.59043,2026-08-09,226660,2026-08-09 02:08:13 UTC,,,,2022-08-28,,,,,J1772,US,,,,Public,,public,,,,,,,,,,,,,,,,,,,,False,,,,,,,,,False,
ELEC,PARKING DECK STATION 1,1902 St Antoine,Level 1 Section B,Detroit,MI,48226,,888-758-4389,E,,Public,"Mon: 12:00am-2:00am, 6:00pm-11:59pm; Tue: 12:00am-2:00am, 6:00pm-11:59pm; Wed: 12:00am-2:00am, 6:00pm-11:59pm; Thu: 12:00am-2:00am, 6:00pm-11:59pm; Fri: 12:00am-2:00am, 6:00pm-11:59pm; Sat: 12:00am-2:00am, 6:00am-11:59pm; Sun: 12:00am-2:00am, 6:00am-11:59pm",,,,,,2.0,,,ChargePoint Network,https://www.chargepoint.com,GPS,42.340316,-83.043425,2026-08-09,226795,2026-08-09 01:11:03 UTC,,,,2022-09-01,,,,,J1772,US,,,,Public,,public,,,,,,,,,,,,,,,,,,,,False,,,,,,,,,False,
ELEC,PARKING DECK STATION 2,1902 St Antoine,Level 1 Section B,Detroit,MI,48226,,888-758-4389,E,,Public,"Mon: 12:00am-2:00am, 6:00pm-11:59pm; Tue: 12:00am-2:00am, 6:00pm-11:59pm; Wed: 12:00am-2:00am, 6:00pm-11:59pm; Thu: 12:00am-2:00am, 6:00pm-11:59pm; Fri: 12:00am-2:00am, 6:00pm-11:59pm; Sat: 12:00am-2:00am, 6:00am-11:59pm; Sun: 12:00am-2:00am, 6:00am-11:59pm",,,,,,2.0,,,ChargePoint Network,https://www.chargepoint.com,GPS,42.340363,-83.043436,2026-08-09,226799,2026-08-09 01:20:38 UTC,,,,2022-09-01,,,,,J1772,US,,,,Public,,public,,,,,,,,,,,,,,,,,,,,False,,,,,,,,,False,
ELEC,"Bad Axe, MI - Tesla Supercharger",100 Pigeon Road,,Bad Axe,MI,48413,,877-798-3752,E,,Public,24 hours daily. NACS partner enabled.,A D Debit M V,,,,,,6.0,,Tesla,https://www.tesla.com/supercharger,GPS,43.824665,-83.005948,2026-06-18,227096,2026-06-18 14:46:21 UTC,P,,,2022-08-24,,,,,TESLA,US,,,,Public,,public,,,GROCERY,,,,,,,,,,,,,,,,,False,,,,,,,,LD,True,
ELEC,"SUNRISE STORES, SUN #27 - SOUTH",9252 W Lake City Rd,East entrance,Houghton Lake,MI,48629,,888-758-4389,E,,Public,24 hours daily,,,,,,,1.0,,ChargePoint Network,https://www.chargepoint.com,GPS,44.336404,-84.799159,2026-08-09,227202,2026-08-09 01:49:45 UTC,,,,2022-09-07,,,,,CHADEMO J1772COMBO,US,,,,Public,,public,,,,,,,,,,,,,,,,,,,,False,,,,,,,,,False,
ELEC,ESYS AUTOMATION STATION 1,1000 Brown Rd,,Auburn Hills,MI,48326,,888-758-4389,E,,Public,"Mon: 12:00am-4:00am, 5:00pm-11:59pm; Tue: 12:00am-4:00am, 5:00pm-11:59pm; Wed: 12:00am-4:00am, 5:00pm-11:59pm; Thu: 12:00am-4:00am, 5:00pm-11:59pm; Fri: 12:00am-4:00am, 5:00pm-11:59pm; Sat: 12:00am-11:59pm; Sun: 12:00am-11:59pm",,,,,,2.0,,,ChargePoint Network,https://www.chargepoint.com,GPS,42.706966,-83.27879,2026-08-09,227221,2026-08-09 02:08:07 UTC,,,,2022-09-07,,,,,J1772,US,,,,Public,,public,,,,,,,,,,,,,,,,,,,,False,,,,,,,,,False,
ELEC,ESYS AUTOMATION STATION 2,1000 Brown Rd,,Auburn Hills,MI,48326,,888-758-4389,E,,Public,"Mon: 12:00am-4:00am, 5:00pm-11:59pm; Tue: 12:00am-4:00am, 5:00pm-11:59pm; Wed: 12:00am-4:00am, 5:00pm-11:59pm; Thu: 12:00am-4:00am, 5:00pm-11:59pm; Fri: 12:00am-4:00am, 5:00pm-11:59pm; Sat: 12:00am-11:59pm; Sun: 12:00am-11:59pm",,,,,,2.0,,,ChargePoint Network,https://www.chargepoint.com,GPS,42.70692,-83.27796,2026-08-09,227222,2026-08-09 02:08:07 UTC,,,,2022-09-07,,,,,J1772,US,,,,Public,,public,,,,,,,,,,,,,,,,,,,,False,,,,,,,,,False,
ELEC,"SUNRISE STORES, SUN #27 - NORTH",9252 W Lake City Rd,East entrance,Houghton Lake,MI,48629,,888-758-4389,E,,Public,24 hours daily,,,,,,,1.0,,ChargePoint Network,https://www.chargepoint.com,GPS,44.33645,-84.79917,2026-08-09,227250,2026-08-09 02:13:14 UTC,,,,2022-09-07,,,,,CHADEMO J1772COMBO,US,,,,Public,,public,,,,,,,,,,,,,,,,,,,,False,,,,,,,,,False,
ELEC,PARKING DECK STATION 3,1902 St Antoine,Level 1 Section B,Detroit,MI,48226,,888-758-4389,E,,Public,"Mon: 12:00am-2:00am, 6:00pm-11:59pm; Tue: 12:00am-2:00am, 6:00pm-11:59pm; Wed: 12:00am-2:00am, 6:00pm-11:59pm; Thu: 12:00am-2:00am, 6:00pm-11:59pm; Fri: 12:00am-2:00am, 6:00pm-11:59pm; Sat: 12:00am-2:00am, 6:00am-11:59pm; Sun: 12:00am-2:00am, 6:00am-11:59pm",,,,,,2.0,,,ChargePoint Network,https://www.chargepoint.com,GPS,42.3404,-83.04344,2026-08-09,227252,2026-08-09 02:13:16 UTC,,,,2022-09-07,,,,,J1772,US,,,,Public,,public,,,,,,,,,,,,,,,,,,,,False,,,,,,,,,False,
ELEC,LIBRARY DOWNTOWN 2,4028 Chicago Dr SW,,Grandville,MI,49418,,888-758-4389,E,,Public,24 hours daily,,,,,,2.0,,,ChargePoint Network,https://www.chargepoint.com,GPS,42.908543,-85.763871,2026-08-09,227345,2026-08-09 02:08:39 UTC,,,,2022-09-09,,,,,J1772,US,,,,Public,,public,,,,,,,,,,,,,,,,,,,,False,,,,,,,,,False,
ELEC,LIBRARY DOWNTOWN 1,4050 Chicago Dr SW,,Wyoming,MI,49418,,888-758-4389,E,,Public,24 hours daily,,,,,,2.0,,,ChargePoint Network,https://www.chargepoint.com,GPS,42.908452,-85.763872,2026-08-09,227346,2026-08-09 02:08:39 UTC,,,,2022-09-09,,,,,J1772,US,,,,Public,,public,,,,,,,,,,,,,,,,,,,,False,,,,,,,,,False,
ELEC,"Holland, MI - Tesla Supercharger",746 E 16th St,,Holland,MI,49423,,877-798-3752,E,,Public,24 hours daily. NACS partner enabled.,A D Debit M V,,,,,,12.0,,Tesla,https://www.tesla.com/supercharger,GPS,42.781265,-86.077198,2026-06-18,227381,2026-06-18 14:46:21 UTC,P,,,2022-09-01,,,,,TESLA,US,,,,Public,,public,,,GROCERY,,,,,,,,,,,,,,,,,False,,,,,,,,LD,True,
ELEC,Cherryland Electric Cooperative - Tesla Destination,5930 US-31,,Grawn,MI,49637,,877-798-3752,E,,Public,,A D Debit M V,,,,,1.0,,,Tesla Destination,https://www.tesla.com/destination-charging,GPS,44.66632,-85.694806,2024-07-01,227393,2025-02-12 00:16:32 UTC,P,,,2022-09-02,,,,,TESLA,US,,,,Public,,public,,,PARKING_LOT,,,,,,,,,,,,,,,,,False,,,,,,,,LD,False,
ELEC,HFHS PLY MC LOT 1B,40777 Ann Arbor Rd,,Plymouth,MI,48170,,888-758-4389,E,,Public,24 hours daily,,,,,,2.0,,,ChargePoint Network,https://www.chargepoint.com,GPS,42.357838,-83.444567,2026-08-09,227867,2026-08-09 02:13:15 UTC,,,,2022-09-20,,,,,J1772,US,,,,Public,,public,,,,,,,,,,,,,,,,,,,,False,,,,,,,,,False,
ELEC,HFHS PLY MC LOT 1A,40777 Ann Arbor Rd,,Plymouth,MI,48170,,888-758-4389,E,,Public,24 hours daily,,,,,,2.0,,,ChargePoint Network,https://www.chargepoint.com,GPS,42.357888,-83.444568,2026-08-09,227868,2026-08-09 02:13:15 UTC,,,,2022-09-20,,,,,J1772,US,,,,Public,,public,,,,,,,,,,,,,,,,,,,,False,,,,,,,,,False,
ELEC,HOLLAND TECH DOOR A,701 S Waverly Rd,,Holland,MI,49423,,888-758-4389,E,,Public,24 hours daily,,,,,,2.0,,,ChargePoint Network,https://www.chargepoint.com,GPS,42.771104,-86.076035,2026-08-09,227930,2026-08-09 02:13:45 UTC,,,,2022-09-21,,,,,J1772,US,,,,Public,,public,,,,,,,,,,,,,,,,,,,,False,,,,,,,,,False,
ELEC,Meijer Warren #237,29555 Mound Road,,Warren,MI,48092,,877-455-3833,E,,Public,24 hours daily,,,,,,,12.0,,eVgo Network,https://www.evgo.com,GPS,42.51151,-83.04828,2026-08-09,228109,2026-08-09 23:57:43 UTC,,,,2022-04-04,,,,,J1772COMBO TESLA,US,,,,Public,,public,,,,,,,,,,,,,,,,,,,,False,,,,,,,,,False,
ELEC,Renaissance Center,100 Renaissance Ctr,,Detroit,MI,48243,,877-455-3833,E,,Public,24 hours daily,,,,,,,4.0,,eVgo Network,https://www.evgo.com,GPS,42.329915,-83.040675,2026-08-09,228584,2026-08-09 23:59:10 UTC,,,,2022-03-03,,,,,J1772COMBO,US,,,,Public,,public,,,,,,,,,,,,,,,,,,,,False,,,,,,,,,False,
ELEC,"Meijer S. Adams Rd. - Rochester Hills, MI #260",3608 Marketplace Circle,,Rochester Hills,MI,48309,,877-455-3833,E,,Public,24 hours daily,,,,,,,4.0,,eVgo Network,https://www.evgo.com,GPS,42.643408,-83.204495,2026-08-09,228684,2026-08-10 00:00:17 UTC,,,,2022-04-04,,,,,CHADEMO J1772COMBO,US,,,,Public,,public,,,,,,,,,,,,,,,,,,,,False,,,,,,,,,False,
ELEC,"Meijer Royal Oak, MI #34",5111 Meijer Dr.,,Royal Oak,MI,48073,,877-455-3833,E,,Public,24 hours daily,,,,,,,4.0,,eVgo Network,https://www.evgo.com,GPS,42.538112,-83.182809,2026-08-09,228697,2026-08-10 00:00:20 UTC,,,,2022-06-01,,,,,CHADEMO J1772COMBO,US,,,,Public,,public,,,,,,,,,,,,,,,,,,,,False,,,,,,,,,False,
ELEC,"Meijer W. Eight Mile Rd. - Detroit, MI #268",1205 W. 8 Mile Rd.,,Detroit,MI,48203,,877-455-3833,E,,Public,24 hours daily,,,,,,,4.0,,eVgo Network,https://www.evgo.com,GPS,42.44543,-83.11789,2026-08-09,228709,2026-08-10 00:00:32 UTC,,,,2022-09-21,,,,,CHADEMO J1772COMBO,US,,,,Public,,public,,,,,,,,,,,,,,,,,,,,False,,,,,,,,,False,
ELEC,637 E Michigan,637 E. Michigan Avenue,,Lansing,MI,48912,,888-998-2546,E,,Public,Mon: 7:00am-8:00pm; Tue: 7:00am-8:00pm; Wed: 7:00am-8:00pm; Thu: 7:00am-8:00pm; Fri: 7:00am-8:00pm; Sat: 7:00am-8:00pm; Sun: 7:00am-8:00pm,,,,,,2.0,,,Blink Network,https://blinkcharging.com,GPS,42.7344176,-84.5429411,2026-08-10,228906,2026-08-10 00:38:26 UTC,,,,2022-05-17,,,,,J1772,US,,,,Public,,public,,,,,,,,,,$0.75-$1.50/Hr Variable Parking Fee,,,,,,,,,,False,,,,,,,,,False,
ELEC,24 Luxe,28863 Telegraph Rd,,Flat Rock,MI,48134,,833-692-6787,E,,Public - Credit card at all times,Contact station for hours of availability.,A ANDROID_PAY APPLE_PAY CREDIT D M,,,,,2.0,,,AMPUP,https://ampup.io,200-8,42.095584,-83.293931,2022-10-11,229736,2026-08-05 18:21:35 UTC,P,,,2022-09-15,,,,,J1772,US,,,,Public - Carte de crédit en tout temps,,public,CREDIT_CARD_ALWAYS,,PARKING_LOT,,,,,,,,,,,,,,,,,False,,,,,,,,LD,False,
ELEC,NORTHWOOD BSC,4000 Whiting Dr,Sports center parking,Midland,MI,48640,,888-758-4389,E,,Public,24 hours daily,,,,,,2.0,,,ChargePoint Network,https://www.chargepoint.com,GPS,43.628627,-84.277373,2026-08-09,231810,2026-08-09 02:13:20 UTC,,,,2022-10-05,,,,,J1772,US,,,,Public,,public,,,,,,,,,,,,,,,,,,,,False,,,,,,,,,False,
ELEC,NORTHWOOD SLOAN,4000 Whiting Dr,Aftermarket studies,Midland,MI,48640,,888-758-4389,E,,Public,24 hours daily,,,,,,2.0,,,ChargePoint Network,https://www.chargepoint.com,GPS,43.630482,-84.276809,2026-08-09,231811,2026-08-09 02:13:20 UTC,,,,2022-10-05,,,,,J1772,US,,,,Public,,public,,,,,,,,,,,,,,,,,,,,False,,,,,,,,,False,
ELEC,West Michigan International,5380 International Dr,,Kalamazoo,MI,49009,,269-345-2183,E,,Public,24 Hours Daily,A CREDIT D Debit M V,,,,,,4.0,,Non-Networked,,GPS,42.2388548195737,-85.6892128793697,2025-12-12,233038,2026-02-02 23:16:24 UTC,P,,,2022-10-04,,,,,J1772COMBO,US,,,,Public,,public,,,OFFICE_BLDG,,,,,,,$0.41 per kWh,,,,,,,,,,False,,,,,,,,LD,False,
ELEC,8206 SPEEDYQ DC2,2020 Water St,,Port Huron,MI,48060,,888-758-4389,E,,Public,Mon: 12:00am-11:59pm; Tue: 12:00am-11:59pm; Wed: 12:00am-11:59pm; Thu: 12:00am-11:59pm; Fri: 12:00am-11:59pm; Sat: 12:00am-11:59pm; Sun: 12:00am-11:59pm,,,,,,,1.0,,ChargePoint Network,https://www.chargepoint.com,GPS,42.989077,-82.448532,2026-08-09,233137,2026-08-09 02:13:09 UTC,,,,2022-10-08,,,,,CHADEMO J1772COMBO,US,,,,Public,,public,,,,,,,,,,,,,,,,,,,,False,,,,,,,,,False,
ELEC,8206 SPEEDYQ DC1,2020 Water St,,Port Huron,MI,48060,,888-758-4389,E,,Public,Mon: 12:00am-11:59pm; Tue: 12:00am-11:59pm; Wed: 12:00am-11:59pm; Thu: 12:00am-11:59pm; Fri: 12:00am-11:59pm; Sat: 12:00am-11:59pm; Sun: 12:00am-11:59pm,,,,,,,1.0,,ChargePoint Network,https://www.chargepoint.com,GPS,42.98914,-82.44865,2026-08-09,233138,2026-08-09 02:13:10 UTC,,,,2022-10-08,,,,,CHADEMO J1772COMBO,US,,,,Public,,public,,,,,,,,,,,,,,,,,,,,False,,,,,,,,,False,
ELEC,HOLLAND TECH DOOR C,701 S Waverly Rd,Door C,Holland,MI,49423,,888-758-4389,E,,Public,24 hours daily,,,,,,2.0,,,ChargePoint Network,https://www.chargepoint.com,GPS,42.771759,-86.074919,2026-08-09,233280,2026-08-09 01:09:15 UTC,,,,2022-10-12,,,,,J1772,US,,,,Public,,public,,,,,,,,,,,,,,,,,,,,False,,,,,,,,,False,
ELEC,WALLED LAKE OAKLEY PARK,2015 Oakley Park Rd,,Commerce Township,MI,48390,,888-758-4389,E,,Public,24 hours daily,,,,,,2.0,,,ChargePoint Network,https://www.chargepoint.com,GPS,42.570371,-83.462905,2026-08-09,234478,2026-08-09 02:11:42 UTC,,,,2022-10-15,,,,,J1772,US,,,,Public,,public,,,,,,,,,,,,,,,,,,,,False,,,,,,,,,False,
ELEC,HOLLAND TECH DOOR E,701 S Waverly Rd,Door E,Holland,MI,49423,,888-758-4389,E,,Public,24 hours daily,,,,,,2.0,,,ChargePoint Network,https://www.chargepoint.com,GPS,42.771759,-86.074812,2026-08-09,234540,2026-08-09 01:09:15 UTC,,,,2022-10-18,,,,,J1772,US,,,,Public,,public,,,,,,,,,,,,,,,,,,,,False,,,,,,,,,False,
ELEC,WALLED LAKE KEITH,2800 Keith Rd,Front loop east of building,West Bloomfield Township,MI,48324,,888-758-4389,E,,Public,24 hours daily,,,,,,2.0,,,ChargePoint Network,https://www.chargepoint.com,GPS,42.594732,-83.432437,2026-08-09,234553,2026-08-09 02:14:17 UTC,,,,2022-10-18,,,,,J1772,US,,,,Public,,public,,,,,,,,,,,,,,,,,,,,False,,,,,,,,,False,
ELEC,WALLED LAKE EARLY CHILDHOOD,40839 W 13 Mile Rd,,Novi,MI,48377,,888-758-4389,E,,Public,24 hours daily,,,,,,2.0,,,ChargePoint Network,https://www.chargepoint.com,GPS,42.510047,-83.452788,2026-08-09,235070,2026-08-09 02:08:46 UTC,,,,2022-10-25,,,,,J1772,US,,,,Public,,public,,,,,,,,,,,,,,,,,,,,False,,,,,,,,,False,
ELEC,Great Lakes Shopping Center,4000 Baldwin Rd,,Auburn Hills,MI,48326,,877-455-3833,E,,Public,24 hours daily,,,,,,,4.0,,eVgo Network,https://www.evgo.com,GPS,42.701318,-83.296807,2026-08-09,235107,2026-08-10 00:00:11 UTC,,,,2022-10-25,,,,,CHADEMO J1772COMBO,US,,,,Public,,public,,,,,,,,,,,,,,,,,,,,False,,,,,,,,,False,
ELEC,REEFERPETERBILT ABB CHARGER,17607 Commerce Dr,Available to public during business hours only. M-F 7a-4pm Sat 8a-11a,Huron Charter Township,MI,48164,,888-758-4389,E,,Public,Mon: 7:00am-4:00pm; Tue: 7:00am-4:00pm; Wed: 7:00am-4:00pm; Thu: 7:00am-4:00pm; Fri: 7:00am-4:00pm; Sat: 8:00am-11:00am,,,,,,,2.0,,ChargePoint Network,https://www.chargepoint.com,GPS,42.177183,-83.389575,2026-08-09,235541,2026-08-09 02:13:17 UTC,,,,2022-11-02,,,,,J1772COMBO,US,,,,Public,,public,,,,,,,,,,,,,,,,,,,,False,,,,,,,,,False,
ELEC,O'DELL NAILS PHS STAFF LOT,1051 Arlene Ave,Staff Parking Lot,Pontiac,MI,48340,,888-758-4389,E,,Public,24 hours daily,,,,,,2.0,,,ChargePoint Network,https://www.chargepoint.com,GPS,42.665993,-83.269392,2026-08-09,235551,2026-08-09 02:15:18 UTC,,,,2022-11-02,,,,,J1772,US,,,,Public,,public,,,,,,,,,,,,,,,,,,,,False,,,,,,,,,False,
ELEC,SJC14 PMS LOWER LOT,1275 Perry Street,Pontiac Middle School lower lot off of Madison,Pontiac,MI,48340,,888-758-4389,E,,Public,24 hours daily,,,,,,2.0,,,ChargePoint Network,https://www.chargepoint.com,GPS,42.664724,-83.268378,2026-08-09,235552,2026-08-09 02:15:19 UTC,,,,2022-11-02,,,,,J1772,US,,,,Public,,public,,,,,,,,,,,,,,,,,,,,False,,,,,,,,,False,
ELEC,OWL CREEK FAST CHARGER,3400 Nixon Rd,Across from Clubhouse,Ann Arbor,MI,48105,,888-758-4389,E,,Public,24 hours daily,,,,,,,1.0,,ChargePoint Network,https://www.chargepoint.com,GPS,42.32176,-83.707423,2026-08-09,235554,2026-08-09 02:15:22 UTC,,,,2022-11-02,,,,,CHADEMO J1772COMBO,US,,,,Public,,public,,,,,,,,,,,,,,,,,,,,False,,,,,,,,,False,
ELEC,SJC14 PHS MAIN ENTRY,1051 Arlene Ave,Near main front entrance,Pontiac,MI,48340,,888-758-4389,E,,Public,24 hours daily,,,,,,2.0,,,ChargePoint Network,https://www.chargepoint.com,GPS,42.66767,-83.27011,2026-08-09,235555,2026-08-09 02:15:26 UTC,,,,2022-11-02,,,,,J1772,US,,,,Public,,public,,,,,,,,,,,,,,,,,,,,False,,,,,,,,,False,
ELEC,Jackson County Airport MI,3606 Wildwood Ave,,Jackson,MI,49202,,313-262-6722,E,,Public,,,,,,,2.0,4.0,,RED_E,https://www.redecharge.com,GPS,42.255628794377,-84.459968436086,2026-08-09,235590,2026-08-09 05:12:09 UTC,,,,2021-03-01,,,,,CHADEMO J1772 J1772COMBO,US,,,,Public,,public,,,PUBLIC,,,,,,,,,,,,,,,,,False,,,,,,,,,False,
ELEC,Old State Rd Central Lake MI,7993 W Old State Rd,,Central Lake,MI,49622,,313-262-6722,E,,Public,,,,,,,2.0,,,RED_E,https://www.redecharge.com,GPS,45.069933033281,-85.26363655995,2026-08-09,235591,2026-08-09 05:12:09 UTC,,,,2021-03-01,,,,,J1772,US,,,,Public,,public,,,PUBLIC,,,,,,,,,,,,,,,,,False,,,,,,,,,False,
ELEC,Wixom Quick Stop,29330 Wixom Rd,,Wixom,MI,48393,,313-262-6722,E,,Public,,,,,,,,4.0,,RED_E,https://www.redecharge.com,GPS,42.50716,-83.536283,2026-08-09,235596,2026-08-09 05:12:15 UTC,,,,2021-08-01,,,,,J1772COMBO,US,,,,Public,,public,,,PUBLIC,,,,,,,,,,,,,,,,,False,,,,,,,,,False,
ELEC,MC3,2475 W Grand Blvd,,Detroit,MI,48208,,313-262-6722,E,,Public,,,,,,,5.0,13.0,,RED_E,https://www.redecharge.com,GPS,42.363104790901,-83.0943503393,2026-08-09,235599,2026-08-09 05:12:06 UTC,,,,2022-03-01,,,,,CHADEMO J1772 J1772COMBO TESLA,US,,,,Public,,public,,,PUBLIC,,,,,,,,,,,,,,,,,False,,,,,,,,,False,
ELEC,Waterford Shell,4805 Dixie Hwy,,Waterford Twp,MI,48329,,313-262-6722,E,,Public,,,,,,,,4.0,,RED_E,https://www.redecharge.com,GPS,42.6900001,-83.3863465,2026-08-09,235601,2026-08-09 05:12:15 UTC,,,,2022-04-01,,,,,J1772COMBO TESLA,US,,,,Public,,public,,,PUBLIC,,,,,,,,,,,,,,,,,False,,,,,,,,,False,
ELEC,MAIN CAMPUS 58 RILEY WEST,625 N Centennial St,,Zeeland,MI,49464,,888-758-4389,E,,Public,24 hours daily,,,,,,2.0,,,ChargePoint Network,https://www.chargepoint.com,GPS,42.82512,-86.01511,2026-08-09,235898,2026-08-09 02:15:21 UTC,,,,2022-11-10,,,,,J1772,US,,,,Public,,public,,,,,,,,,,,,,,,,,,,,False,,,,,,,,,False,
ELEC,HOTEL CHARGERS HOTEL #1,2901 Grand River Ave,Hotel Self Parking Garage 2nd Level,Detroit,MI,48201,,888-758-4389,E,,Public,Mon: 12:00am-11:59pm; Tue: 12:00am-11:59pm; Wed: 12:00am-11:59pm; Thu: 12:00am-11:59pm; Fri: 12:00am-11:59pm; Sat: 12:00am-11:59pm; Sun: 12:00am-11:59pm,,,,,,2.0,,,ChargePoint Network,https://www.chargepoint.com,GPS,42.338361,-83.068626,2026-08-09,235954,2026-08-09 02:11:20 UTC,,,,2022-11-11,,,,,J1772,US,,,,Public,,public,,,,,,,,,,,,,,,,,,,,False,,,,,,,,,False,
ELEC,HOTEL CHARGERS HOTEL #2,2901 Grand River Ave.,Hotel Self Parking Garage 2nd Level,Detroit,MI,48201,,888-758-4389,E,,Public,Mon: 12:00am-11:59pm; Tue: 12:00am-11:59pm; Wed: 12:00am-11:59pm; Thu: 12:00am-11:59pm; Fri: 12:00am-11:59pm; Sat: 12:00am-11:59pm; Sun: 12:00am-11:59pm,,,,,,2.0,,,ChargePoint Network,https://www.chargepoint.com,GPS,42.338393,-83.068562,2026-08-09,235955,2026-08-09 02:11:21 UTC,,,,2022-11-11,,,,,J1772,US,,,,Public,,public,,,,,,,,,,,,,,,,,,,,False,,,,,,,,,False,
ELEC,CLEANVIEW VACUUM 8,14239 23 Mile Rd,,Shelby Township,MI,48315,,888-758-4389,E,,Public,24 hours daily,,,,,,,1.0,,ChargePoint Network,https://www.chargepoint.com,GPS,42.671293,-82.987204,2026-08-09,236024,2026-08-09 02:15:49 UTC,,,,2022-11-12,,,,,CHADEMO J1772COMBO,US,,,,Public,,public,,,,,,,,,,,,,,,,,,,,False,,,,,,,,,False,
ELEC,CLEANVIEW VACUUM 9,14239 23 Mile Rd,,Shelby Township,MI,48315,,888-758-4389,E,,Public,24 hours daily,,,,,,,1.0,,ChargePoint Network,https://www.chargepoint.com,GPS,42.671272,-82.987156,2026-08-09,236025,2026-08-09 02:15:49 UTC,,,,2022-11-12,,,,,CHADEMO J1772COMBO,US,,,,Public,,public,,,,,,,,,,,,,,,,,,,,False,,,,,,,,,False,
ELEC,WEBER'S WEBER'S HOTEL 1,3050 Jackson Ave,,Ann Arbor,MI,48103,,888-758-4389,E,,Public,24 hours daily,,,,,,2.0,,,ChargePoint Network,https://www.chargepoint.com,GPS,42.28458,-83.792099,2026-08-09,236028,2026-08-09 02:15:56 UTC,,,,2022-11-12,,,,,J1772,US,,,,Public,,public,,,,,,,,,,,,,,,,,,,,False,,,,,,,,,False,
ELEC,PORTAGEDL PORTAGE LIBRARY,300 Library Ln,West Parking Lot,Portage,MI,49002,,888-758-4389,E,,Public,24 hours daily,,,,,,2.0,,,ChargePoint Network,https://www.chargepoint.com,GPS,42.203572,-85.587015,2026-08-09,236929,2026-08-09 02:16:15 UTC,,,,2022-12-02,,,,,J1772,US,,,,Public,,public,,,,,,,,,,,,,,,,,,,,False,,,,,,,,,False,
ELEC,BEDROCK FIRST NAT'L 2-2,609 Bates St,,Detroit,MI,48226,,888-758-4389,E,,Public,24 hours daily,,,,,,2.0,,,ChargePoint Network,https://www.chargepoint.com,GPS,42.330764,-83.04476,2026-08-09,236936,2026-08-09 02:16:29 UTC,,,,2022-12-02,,,,,J1772,US,,,,Public,,public,,,,,,,,,,,,,,,,,,,,False,,,,,,,,,False,
ELEC,BEDROCK FIRST NAT'L 3-1,609 Bates St,"First National Garage, 3rd floor",Detroit,MI,48226,,888-758-4389,E,,Public,24 hours daily,,,,,,2.0,,,ChargePoint Network,https://www.chargepoint.com,GPS,42.330753,-83.044782,2026-08-09,236937,2026-08-09 02:16:31 UTC,,,,2022-12-02,,,,,J1772,US,,,,Public,,public,,,,,,,,,,,,,,,,,,,,False,,,,,,,,,False,
ELEC,GLE STATION 10,620 Boyd St,North end of Fife Lake Village Market,Fife Lake,MI,49633,,888-758-4389,E,,Public,24 hours daily,,,,,,,1.0,,ChargePoint Network,https://www.chargepoint.com,GPS,44.585215,-85.352193,2026-08-09,236989,2026-08-09 02:15:32 UTC,,,,2022-12-03,,,,,CHADEMO J1772COMBO,US,,,,Public,,public,,,,,,,,,,,,,,,,,,,,False,,,,,,,,,False,
ELEC,GLE STATION 9,620 Boyd St,North end of Fife Lake Village Market,Fife Lake,MI,49633,,888-758-4389,E,,Public,24 hours daily,,,,,,,1.0,,ChargePoint Network,https://www.chargepoint.com,GPS,44.585263,-85.35219,2026-08-09,236990,2026-08-09 02:15:32 UTC,,,,2022-12-03,,,,,CHADEMO J1772COMBO,US,,,,Public,,public,,,,,,,,,,,,,,,,,,,,False,,,,,,,,,False,
ELEC,"Lansing, MI - South Pennsylvania Avenue - Tesla Supercharger",6200 South Pennsylvania Avenue,,Lansing,MI,48911,,877-798-3752,E,,Public,24 hours daily. NACS partner enabled.,A D Debit M V,,,,,,12.0,,Tesla,https://www.tesla.com/supercharger,GPS,42.667092,-84.540191,2026-06-18,237618,2026-06-18 14:46:21 UTC,P,,,2022-10-19,,,,,TESLA,US,,,,Public,,public,,,GROCERY,,,,,,,,,,,,,,,,,False,,,,,,,,LD,True,
ELEC,"Ypsilanti, MI - Tesla Supercharger",3825 Carpenter Road,,Ypsilanti,MI,48197,,877-798-3752,E,,Public,24 hours daily. Open to all vehicles.,A D Debit M V,,,,,,12.0,,Tesla,https://www.tesla.com/supercharger,GPS,42.232737,-83.678592,2026-06-18,237632,2026-06-18 14:46:21 UTC,P,,,2022-11-04,,,,,J1772COMBO TESLA,US,,,,Public,,public,,,GROCERY,,,,,,,,,,,,,,,,,False,,,,,,,,LD,True,
ELEC,BEDROCK BRICKTOWN 1-1,713 Beaubien Blvd,Near exit - First Floor,Detroit,MI,48226,,888-758-4389,E,,Public,24 hours daily,,,,,,2.0,,,ChargePoint Network,https://www.chargepoint.com,GPS,42.333138,-83.042091,2026-08-09,237702,2026-08-09 02:16:41 UTC,,,,2022-12-09,,,,,J1772,US,,,,Public,,public,,,,,,,,,,,,,,,,,,,,False,,,,,,,,,False,
ELEC,BEDROCK BUHL 2-1,525 Griswold St,Level 2 near exit - First Floor,Detroit,MI,48226,,888-758-4389,E,,Public,24 hours daily,,,,,,2.0,,,ChargePoint Network,https://www.chargepoint.com,GPS,42.329171,-83.046857,2026-08-09,237703,2026-08-09 02:16:50 UTC,,,,2022-12-09,,,,,J1772,US,,,,Public,,public,,,,,,,,,,,,,,,,,,,,False,,,,,,,,,False,
ELEC,MARQUETTE BLP STATION 1,260 N Lakeshore Blvd,West side of parking lot,Marquette,MI,49855,,888-758-4389,E,,Public,24 hours daily,,,,,,2.0,,,ChargePoint Network,https://www.chargepoint.com,GPS,46.543502,-87.387055,2026-08-09,237758,2026-08-09 02:16:54 UTC,,,,2022-12-09,,,,,J1772,US,,,,Public,,public,,,,,,,,,,,,,,,,,,,,False,,,,,,,,,False,
ELEC,BEDROCK ASSEMBLYUND 1-1,1700 W Fort St,Main level parking,Detroit,MI,48216,,888-758-4389,E,,Public,24 hours daily,,,,,,2.0,,,ChargePoint Network,https://www.chargepoint.com,GPS,42.323746,-83.065122,2026-08-09,237785,2026-08-09 02:16:53 UTC,,,,2022-12-10,,,,,J1772,US,,,,Public,,public,,,,,,,,,,,,,,,,,,,,False,,,,,,,,,False,
ELEC,BEDROCK BUHL 1-1,525 Griswold St,1st floor down ramp,Detroit,MI,48226,,888-758-4389,E,,Public,24 hours daily,,,,,,2.0,,,ChargePoint Network,https://www.chargepoint.com,GPS,42.329167,-83.046865,2026-08-09,237787,2026-08-09 02:16:56 UTC,,,,2022-12-10,,,,,J1772,US,,,,Public,,public,,,,,,,,,,,,,,,,,,,,False,,,,,,,,,False,
ELEC,Memorial Healthcare Wellness Center,819 N. Shiawassee,,Owosso,MI,48867,,888-356-8911,E,,Public,24 hours daily,,,,,,8.0,,,FLO,https://www.flo.com,GPS,43.006263,-84.178343,2026-08-09,237871,2026-08-09 04:07:10 UTC,,,,2022-12-14,,,,,J1772,US,,,,Public,,public,,,,,,,,,,,,,,,,,,,,False,,,,,,,,,False,
ELEC,MIDWEST ENERGY MIDWEST ENERGY2,5050 S. Occidental Hwy,Customer Parking Lot,Tecumseh,MI,49826,,888-758-4389,E,,Public,24 hours daily,,,,,,2.0,,,ChargePoint Network,https://www.chargepoint.com,GPS,41.963492,-83.965583,2026-08-09,238272,2026-08-09 02:17:30 UTC,,,,2022-12-16,,,,,J1772,US,,,,Public,,public,,,,,,,,,,,,,,,,,,,,False,,,,,,,,,False,
ELEC,PEERLESS PEERLESS 2,240 N 1st St,"behind clubhouse leasing office, facing 2nd St",Grand Haven,MI,49417,,888-758-4389,E,,Public,24 hours daily,,,,,,2.0,,,ChargePoint Network,https://www.chargepoint.com,GPS,43.066582,-86.230463,2026-08-09,238638,2026-08-09 02:17:03 UTC,,,,2022-12-22,,,,,J1772,US,,,,Public,,public,,,,,,,,,,,,,,,,,,,,False,,,,,,,,,False,
ELEC,PEERLESS PEERLESS 1,240 N 1st St,"behind clubhouse leasing office, facing 2nd St",Grand Haven,MI,49417,,888-758-4389,E,,Public,24 hours daily,,,,,,2.0,,,ChargePoint Network,https://www.chargepoint.com,GPS,43.066559,-86.230449,2026-08-09,238639,2026-08-09 02:17:04 UTC,,,,2022-12-22,,,,,J1772,US,,,,Public,,public,,,,,,,,,,,,,,,,,,,,False,,,,,,,,,False,
ELEC,BEDROCK 440ALFGRG LL1-1,429 Division St,In 440 alfred underground parking,Detroit,MI,48201,,888-758-4389,E,,Public,24 hours daily,,,,,,2.0,,,ChargePoint Network,https://www.chargepoint.com,GPS,42.344575,-83.049701,2026-08-09,238877,2026-08-09 02:16:55 UTC,,,,2022-12-29,,,,,J1772,US,,,,Public,,public,,,,,,,,,,,,,,,,,,,,False,,,,,,,,,False,
ELEC,VICTORY AG TOYOTA-CANTON,46352 Michigan Ave,Customer Parking Lot,Canton,MI,48188,,888-758-4389,E,,Public,24 hours daily,,,,,,2.0,,,ChargePoint Network,https://www.chargepoint.com,GPS,42.270375,-83.495773,2026-08-09,240748,2026-08-09 02:16:55 UTC,,,,2022-12-31,,,,,J1772,US,,,,Public,,public,,,,,,,,,,,,,,,,,,,,False,,,,,,,,,False,
ELEC,BEDROCK 440ALFGRG LL1-2,429 Division St,In underground parking,Detroit,MI,48201,,888-758-4389,E,,Public,24 hours daily,,,,,,2.0,,,ChargePoint Network,https://www.chargepoint.com,GPS,42.344531,-83.050162,2026-08-09,240749,2026-08-09 02:16:55 UTC,,,,2022-12-31,,,,,J1772,US,,,,Public,,public,,,,,,,,,,,,,,,,,,,,False,,,,,,,,,False,
ELEC,HYAA HYUN DC FRONT,4001 Jackson Rd,North,Ann Arbor,MI,48103,,888-758-4389,E,,Public,24 hours daily,,,,,,,1.0,,ChargePoint Network,https://www.chargepoint.com,GPS,42.284497,-83.809509,2026-08-09,240823,2026-08-09 02:08:49 UTC,,,,2023-01-03,,,,,CHADEMO J1772COMBO,US,,,,Public,,public,,,,,,,,,,,,,,,,,,,,False,,,,,,,,,False,
ELEC,BEDROCK RIVER PLACE 1-3,2976 Wight St,,Detroit,MI,48207,,888-758-4389,E,,Public,24 hours daily,,,,,,2.0,,,ChargePoint Network,https://www.chargepoint.com,GPS,42.33816,-83.017266,2026-08-09,240833,2026-08-09 02:17:41 UTC,,,,2023-01-03,,,,,J1772,US,,,,Public,,public,,,,,,,,,,,,,,,,,,,,False,,,,,,,,,False,
ELEC,BEDROCK RIVER PLACE 1-2,2976 Wight St,,Detroit,MI,48207,,888-758-4389,E,,Public,24 hours daily,,,,,,2.0,,,ChargePoint Network,https://www.chargepoint.com,GPS,42.338252,-83.01722,2026-08-09,240834,2026-08-09 02:17:42 UTC,,,,2023-01-03,,,,,J1772,US,,,,Public,,public,,,,,,,,,,,,,,,,,,,,False,,,,,,,,,False,
ELEC,BEDROCK RIVER PLACE 1-1,2976 Wight St,,Detroit,MI,48207,,888-758-4389,E,,Public,24 hours daily,,,,,,2.0,,,ChargePoint Network,https://www.chargepoint.com,GPS,42.338216,-83.017567,2026-08-09,240835,2026-08-09 02:17:42 UTC,,,,2023-01-03,,,,,J1772,US,,,,Public,,public,,,,,,,,,,,,,,,,,,,,False,,,,,,,,,False,
ELEC,HYAA HYUN DC REAR,4001 Jackson Rd,South,Ann Arbor,MI,48103,,888-758-4389,E,,Public,24 hours daily,,,,,,,1.0,,ChargePoint Network,https://www.chargepoint.com,GPS,42.283862,-83.809496,2026-08-09,240836,2026-08-09 02:17:51 UTC,,,,2023-01-03,,,,,CHADEMO J1772COMBO,US,,,,Public,,public,,,,,,,,,,,,,,,,,,,,False,,,,,,,,,False,
ELEC,Williams - Audi Lansing - VW,2186 Jolly Road,,Okemos,MI,48864,,888-998-2546,E,,Public,24 hours daily,,,,,,2.0,,,Blink Network,https://blinkcharging.com,GPS,42.683564,-84.430317,2026-08-10,240932,2026-08-10 00:47:45 UTC,,,,2021-12-13,,,,,J1772,US,,,,Public,,public,,,,,,,,,,Free,,,,,,,,,,False,,,,,,,,,False,
ELEC,FMC-MCT SOUTHEAST,3120 Chelsea Cir,Clubhouse Parking Lot,Ann Arbor,MI,48108,,888-758-4389,E,,Public,24 hours daily,,,,,,2.0,,,ChargePoint Network,https://www.chargepoint.com,GPS,42.239822,-83.714974,2026-08-09,240969,2026-08-09 02:17:29 UTC,,,,2023-01-06,,,,,J1772,US,,,,Public,,public,,,,,,,,,,,,,,,,,,,,False,,,,,,,,,False,
ELEC,FMC-MCT SOUTHWEST,3126 Chelsea Cir,Clubhouse Parking Lot,Ann Arbor,MI,48108,,888-758-4389,E,,Public,24 hours daily,,,,,,2.0,,,ChargePoint Network,https://www.chargepoint.com,GPS,42.239809,-83.715059,2026-08-09,240970,2026-08-09 02:17:29 UTC,,,,2023-01-06,,,,,J1772,US,,,,Public,,public,,,,,,,,,,,,,,,,,,,,False,,,,,,,,,False,
ELEC,FMC-MCT NORTHEAST,3120 Chelsea Cir,Clubhouse Parking Lot,Ann Arbor,MI,48108,,888-758-4389,E,,Public,24 hours daily,,,,,,2.0,,,ChargePoint Network,https://www.chargepoint.com,GPS,42.23983,-83.714942,2026-08-09,240971,2026-08-09 02:17:29 UTC,,,,2023-01-06,,,,,J1772,US,,,,Public,,public,,,,,,,,,,,,,,,,,,,,False,,,,,,,,,False,
ELEC,FMC-MCT NORTHWEST,3120 Chelsea Cir,Clubhouse Parking Lot,Ann Arbor,MI,48108,,888-758-4389,E,,Public,24 hours daily,,,,,,2.0,,,ChargePoint Network,https://www.chargepoint.com,GPS,42.239814,-83.715006,2026-08-09,240972,2026-08-09 02:17:30 UTC,,,,2023-01-06,,,,,J1772,US,,,,Public,,public,,,,,,,,,,,,,,,,,,,,False,,,,,,,,,False,
ELEC,Ludington Bay Brewing Company,515 S James St,,Ludington,MI,49431,,888-998-2546,E,,Public,24 hours daily,,,,,,2.0,,,Blink Network,https://blinkcharging.com,GPS,43.950839,-86.447333,2026-08-10,241225,2026-08-10 00:32:37 UTC,,,,2023-01-06,,,,,J1772,US,,,,Public,,public,,,,,,,,,,Free,,,,,,,,,,False,,,,,,,,,False,
ELEC,MAIN CAMPUS 58 RILEY EAST,625 N Centennial St,,Zeeland,MI,49464,,888-758-4389,E,,Public,24 hours daily,,,,,,2.0,,,ChargePoint Network,https://www.chargepoint.com,GPS,42.825103,-86.015035,2026-08-09,241256,2026-08-09 02:15:22 UTC,,,,2023-01-06,,,,,J1772,US,,,,Public,,public,,,,,,,,,,,,,,,,,,,,False,,,,,,,,,False,
ELEC,M-59 TOYOTA CT4020-1,4178 Highland Rd,,Waterford Township,MI,48328,,888-758-4389,E,,Public,24 hours daily,,,,,,2.0,,,ChargePoint Network,https://www.chargepoint.com,GPS,42.651565,-83.367572,2026-08-09,241260,2026-08-09 02:17:04 UTC,,,,2023-01-06,,,,,J1772,US,,,,Public,,public,,,,,,,,,,,,,,,,,,,,False,,,,,,,,,False,
ELEC,HOUGHTON HOUGHTON 1 WEST,609 Shelden Ave,,Houghton,MI,49931,,888-758-4389,E,,Public,24 hours daily,,,,,,,1.0,,ChargePoint Network,https://www.chargepoint.com,GPS,47.121591,-88.566741,2026-08-09,250439,2026-08-09 02:18:14 UTC,,,,2023-01-09,,,,,CHADEMO J1772COMBO,US,,,,Public,,public,,,,,,,,,,,,,,,,,,,,False,,,,,,,,,False,
ELEC,HOUGHTON HOUGHTON 2 EAST,609 Shelden Ave,,Houghton,MI,49931,,888-758-4389,E,,Public,24 hours daily,,,,,,,1.0,,ChargePoint Network,https://www.chargepoint.com,GPS,47.121593,-88.566662,2026-08-09,250440,2026-08-09 02:18:15 UTC,,,,2023-01-09,,,,,CHADEMO J1772COMBO,US,,,,Public,,public,,,,,,,,,,,,,,,,,,,,False,,,,,,,,,False,
ELEC,City of Montrose,127 S Saginaw St,,Montrose,MI,48457,,810-639-6168,E,,Public - Credit card at all times,24 hours daily,Debit,,,,,2.0,,,Non-Networked,,200-8,43.17544,-83.89264,2023-02-13,250451,2026-06-30 20:16:31 UTC,LG,,,2022-09-13,,,,,J1772,US,,,,Public - Carte de crédit en tout temps,,public,CREDIT_CARD_ALWAYS,,MUNI_GOV,,,,,,,,,,,,,,,,,False,,,,,,,,LD,False,
ELEC,Stafford's Crooked River Lodge - Tesla Destination,6845  U.S. 31 North,,Alanson,MI,49706,,877-798-3752,E,,Public,,,,,,,1.0,,,Tesla Destination,https://www.tesla.com/destination-charging,GPS,45.45125,-84.78393,2024-07-01,250902,2025-02-12 00:16:32 UTC,P,,,2022-03-25,,,,,TESLA,US,,,,Public,,public,,,,,,,,,,,,,,,,,,,,,,,,,,,,,False,
ELEC,St. Luke's Episcopal Church - Tesla Destination,247 W Lovell St,,Kalamazoo,MI,49007,,877-798-3752,E,,Public,,,,,,,1.0,,,Tesla Destination,https://www.tesla.com/destination-charging,GPS,42.288751,-85.585945,2024-07-01,250905,2025-02-12 00:16:32 UTC,P,,,2022-03-24,,,,,TESLA,US,,,,Public,,public,,,,,,,,,,,,,,,,,,,,,,,,,,,,,False,
ELEC,"The Hotel Earl - Charlevoix, Inc - Tesla Destination",120 Michigan Avenue,,Charlevoix,MI,49720,,877-798-3752,E,,Public,,,,,,,2.0,,,Tesla Destination,https://www.tesla.com/destination-charging,GPS,45.320313,-85.258447,2024-07-01,251031,2025-05-06 21:10:23 UTC,P,,,2021-06-21,,,,,J1772 TESLA,US,,,,Public,,public,,,,,,,,,,,,,,,,,,,,,,,,,,,,,False,
ELEC,Starlite Resort,3353 Blue Star Hwy,,Saugatuck,MI,49453,,,E,,Private,Contact station for hours of availability,,,,,,6.0,,,AMPUP,https://ampup.io,GPS,42.6620897,-86.1894393,2023-02-13,251315,2026-08-05 18:21:35 UTC,P,,,2022-12-23,,,,,J1772,US,,,,Privé,,private,,,HOTEL,,,,,,,,,,,,,,,,,,,,,,,,,LD,False,
ELEC,Schoolcraft College,18600 Haggerty Rd,,Livonia,MI,48152,,,E,,Private,Contact station for hours of availability,,,,,,4.0,,,AMPUP,https://ampup.io,GPS,42.4182393,-83.4259335,2023-02-13,251374,2026-08-05 18:21:35 UTC,P,,,2022-10-18,,,,,J1772,US,,,,Privé,,private,,,COLLEGE_CAMPUS,,,,,,,,,,,,,,,,,,,,,,,,,LD,False,
ELEC,DTW AIRPORT BLUEDECK 4G #1,International Dr BBD Lvl 4 Yellow West or fly,Big blue deck 4G,Detroit,MI,48242,,888-758-4389,E,,Public,24 hours daily,,,,,,2.0,,,ChargePoint Network,https://www.chargepoint.com,GPS,42.224834,-83.34703,2026-08-09,251713,2026-08-09 01:22:28 UTC,,,,2023-01-24,,,,,J1772,US,,,,Public,,public,,,,,,,,,,,,,,,,,,,,False,,,,,,,,,False,
ELEC,ELDER AUTO CUST PARKING,19077 Hall Rd,WEST SIDE OF BUILDING,Macomb,MI,48044,,888-758-4389,E,,Public,"Mon: 12:00am-9:00am, 7:00pm-11:59pm; Tue: 12:00am-9:00am, 7:00pm-11:59pm; Wed: 12:00am-9:00am, 7:00pm-11:59pm; Thu: 12:00am-9:00am, 7:00pm-11:59pm; Fri: 12:00am-9:00am, 7:00pm-11:59pm; Sat: 3:00pm-11:59pm; Sun: 12:00am-11:59pm",,,,,,,1.0,,ChargePoint Network,https://www.chargepoint.com,GPS,42.629409,-82.931882,2026-08-09,251901,2026-08-09 02:16:28 UTC,,,,2023-01-25,,,,,CHADEMO J1772COMBO,US,,,,Public,,public,,,,,,,,,,,,,,,,,,,,False,,,,,,,,,False,
ELEC,CBPU COLDWATER EV2,1 W Chicago St,Rear parking lot Chandler plaza,Coldwater,MI,49036,,888-758-4389,E,,Public,24 hours daily,,,,,,2.0,,,ChargePoint Network,https://www.chargepoint.com,GPS,41.94031,-85.00138,2026-08-09,251955,2026-08-09 02:18:05 UTC,,,,2023-01-25,,,,,J1772,US,,,,Public,,public,,,,,,,,,,,,,,,,,,,,False,,,,,,,,,False,
ELEC,BEDROCK OCM 2-10,1140 Farmer St,On 2nd floor down ramp by bridge,Detroit,MI,48226,,888-758-4389,E,,Public,24 hours daily,,,,,,2.0,,,ChargePoint Network,https://www.chargepoint.com,GPS,42.333523,-83.04583,2026-08-09,251998,2026-08-09 02:18:32 UTC,,,,2023-01-25,,,,,J1772,US,,,,Public,,public,,,,,,,,,,,,,,,,,,,,False,,,,,,,,,False,
ELEC,BEDROCK OCM 2-11,1140 Farmer St,On 2nd floor down ramp by bridge,Detroit,MI,48226,,888-758-4389,E,,Public,24 hours daily,,,,,,2.0,,,ChargePoint Network,https://www.chargepoint.com,GPS,42.333435,-83.04619,2026-08-09,251999,2026-08-09 02:18:32 UTC,,,,2023-01-25,,,,,J1772,US,,,,Public,,public,,,,,,,,,,,,,,,,,,,,False,,,,,,,,,False,
ELEC,BEDROCK OCM B1-4,1140 Farmer St,Near Gratiot ramp,Detroit,MI,48226,,888-758-4389,E,,Public,24 hours daily,,,,,,2.0,,,ChargePoint Network,https://www.chargepoint.com,GPS,42.333506,-83.045843,2026-08-09,252000,2026-08-09 02:18:32 UTC,,,,2023-01-25,,,,,J1772,US,,,,Public,,public,,,,,,,,,,,,,,,,,,,,False,,,,,,,,,False,
ELEC,BEDROCK OCM B1-3,1140 Farmer St,Near Gratiot ramp,Detroit,MI,48226,,888-758-4389,E,,Public,24 hours daily,,,,,,2.0,,,ChargePoint Network,https://www.chargepoint.com,GPS,42.333501,-83.045827,2026-08-09,252001,2026-08-09 02:18:32 UTC,,,,2023-01-25,,,,,J1772,US,,,,Public,,public,,,,,,,,,,,,,,,,,,,,False,,,,,,,,,False,
ELEC,BEDROCK OCM 2-9,1140 Farmer St,On 2nd floor down ramp by bridge,Detroit,MI,48226,,888-758-4389,E,,Public,24 hours daily,,,,,,2.0,,,ChargePoint Network,https://www.chargepoint.com,GPS,42.333487,-83.045841,2026-08-09,252002,2026-08-09 02:18:33 UTC,,,,2023-01-25,,,,,J1772,US,,,,Public,,public,,,,,,,,,,,,,,,,,,,,False,,,,,,,,,False,
ELEC,BEDROCK OCM B1-5,1140 Farmer St,Near Gratiot ramp,Detroit,MI,48226,,888-758-4389,E,,Public,24 hours daily,,,,,,2.0,,,ChargePoint Network,https://www.chargepoint.com,GPS,42.333779,-83.047381,2026-08-09,252011,2026-08-09 02:18:34 UTC,,,,2023-01-25,,,,,J1772,US,,,,Public,,public,,,,,,,,,,,,,,,,,,,,False,,,,,,,,,False,
ELEC,BEDROCK OCM B1-6,1140 Farmer St,Near Gratiot ramp,Detroit,MI,48226,,888-758-4389,E,,Public,24 hours daily,,,,,,2.0,,,ChargePoint Network,https://www.chargepoint.com,GPS,42.333799,-83.047716,2026-08-09,252012,2026-08-09 02:18:34 UTC,,,,2023-01-25,,,,,J1772,US,,,,Public,,public,,,,,,,,,,,,,,,,,,,,False,,,,,,,,,False,
ELEC,BEDROCK OCM 2-14,1140 Farmer St,Near employee bridge,Detroit,MI,48226,,888-758-4389,E,,Public,24 hours daily,,,,,,2.0,,,ChargePoint Network,https://www.chargepoint.com,GPS,42.333084,-83.04604,2026-08-09,252025,2026-08-09 02:18:41 UTC,,,,2023-01-25,,,,,J1772,US,,,,Public,,public,,,,,,,,,,,,,,,,,,,,False,,,,,,,,,False,
ELEC,BEDROCK OCM 2-13,1140 Farmer St,Near employee bridge,Detroit,MI,48226,,888-758-4389,E,,Public,24 hours daily,,,,,,2.0,,,ChargePoint Network,https://www.chargepoint.com,GPS,42.333087,-83.046029,2026-08-09,252026,2026-08-09 02:18:41 UTC,,,,2023-01-25,,,,,J1772,US,,,,Public,,public,,,,,,,,,,,,,,,,,,,,False,,,,,,,,,False,
ELEC,BEDROCK OCM 2-12,1140 Farmer St,Near employee bridge,Detroit,MI,48226,,888-758-4389,E,,Public,24 hours daily,,,,,,2.0,,,ChargePoint Network,https://www.chargepoint.com,GPS,42.333596,-83.04592,2026-08-09,252027,2026-08-09 02:18:41 UTC,,,,2023-01-25,,,,,J1772,US,,,,Public,,public,,,,,,,,,,,,,,,,,,,,False,,,,,,,,,False,
ELEC,Bishop GMC Cadillac,400 Mackinaw Avenue,,Cheboygen,MI,49721,,866-816-7584,E,,Public,24 hours daily,,,,,,,1.0,,EV Connect,https://www.evconnect.com,GPS,45.649063,-84.475009,2026-08-09,252198,2026-08-09 03:48:26 UTC,,,,2023-01-27,,,,,J1772COMBO,US,,,,Public,,public,,,,,,,,,,,,,,,,,,,,False,,,,,,,,,False,
ELEC,IKEA USA CANTON 1,41640 Ford Rd,East of entrance,Canton,MI,48187,,888-758-4389,E,,Public,24 hours daily,,,,,,1.0,,,ChargePoint Network,https://www.chargepoint.com,GPS,42.325022,-83.450859,2026-08-09,252811,2026-08-09 02:05:45 UTC,,,,2023-02-01,,,,,J1772,US,,,,Public,,public,,,,,,,,,,,,,,,,,,,,False,,,,,,,,,False,
ELEC,IKEA USA CANTON 2,41640 Ford Rd,East of entrance,Canton,MI,48187,,888-758-4389,E,,Public,24 hours daily,,,,,,1.0,,,ChargePoint Network,https://www.chargepoint.com,GPS,42.325023,-83.450794,2026-08-09,252812,2026-08-09 02:05:45 UTC,,,,2023-02-01,,,,,J1772,US,,,,Public,,public,,,,,,,,,,,,,,,,,,,,False,,,,,,,,,False,
ELEC,IKEA USA CANTON 3,41640 Ford Rd,East of entrance,Canton,MI,48187,,888-758-4389,E,,Public,24 hours daily,,,,,,1.0,,,ChargePoint Network,https://www.chargepoint.com,GPS,42.325026,-83.450752,2026-08-09,252813,2026-08-09 02:05:45 UTC,,,,2023-02-01,,,,,J1772,US,,,,Public,,public,,,,,,,,,,,,,,,,,,,,False,,,,,,,,,False,
ELEC,CCAROY ROYAL OAK-EAST,1132 N Campbell Rd,East Court,Royal Oak,MI,48067,,888-758-4389,E,,Public,24 hours daily,,,,,,2.0,,,ChargePoint Network,https://www.chargepoint.com,GPS,42.499614,-83.123055,2026-08-09,253013,2026-08-09 02:18:48 UTC,,,,2023-02-02,,,,,J1772,US,,,,Public,,public,,,,,,,,,,,,,,,,,,,,False,,,,,,,,,False,
ELEC,CCAROY ROYAL OAK-WEST,1210 N Washington Ave,West Court,Royal Oak,MI,48067,,888-758-4389,E,,Public,24 hours daily,,,,,,2.0,,,ChargePoint Network,https://www.chargepoint.com,GPS,42.499875,-83.146762,2026-08-09,253014,2026-08-09 02:18:49 UTC,,,,2023-02-02,,,,,J1772,US,,,,Public,,public,,,,,,,,,,,,,,,,,,,,False,,,,,,,,,False,
ELEC,Witbecks Family Foods,1026 N McEwan St,,Clare,MI,48617,,888-998-2546,E,,Public,24 hours daily,,,,,,,4.0,,Blink Network,https://blinkcharging.com,GPS,43.82593,-84.76738,2026-08-10,253460,2026-08-10 00:43:49 UTC,,,,2022-11-14,,,,,CHADEMO J1772COMBO,US,,,,Public,,public,,,,,,,,,,Free,,,,,,,,,,False,,,,,,,,,False,
ELEC,WAW HYUNDAI CUSTOMER LOT#1,2845 E Saginaw St,,Lansing,MI,48912,,888-758-4389,E,,Public,24 hours daily,,,,,,,1.0,,ChargePoint Network,https://www.chargepoint.com,GPS,42.741363,-84.511204,2026-08-09,253469,2026-08-09 02:13:47 UTC,,,,2023-02-07,,,,,CHADEMO J1772COMBO,US,,,,Public,,public,,,,,,,,,,,,,,,,,,,,False,,,,,,,,,False,
ELEC,WAW HYUNDAI CUSTOMER LOT#2,2845 E Saginaw St,,Lansing,MI,48912,,888-758-4389,E,,Public,24 hours daily,,,,,,,1.0,,ChargePoint Network,https://www.chargepoint.com,GPS,42.741404,-84.511208,2026-08-09,253483,2026-08-09 02:19:09 UTC,,,,2023-02-07,,,,,CHADEMO J1772COMBO,US,,,,Public,,public,,,,,,,,,,,,,,,,,,,,False,,,,,,,,,False,
ELEC,Northwestern Hwy Plaza,28411 Northwestern Hwy,,SouthField,MI,48034,,888-998-2546,E,,Public,24 hours daily,,,,,,4.0,,,Blink Network,https://blinkcharging.com,GPS,42.496138,-83.29899,2026-08-09,253693,2026-08-09 01:02:40 UTC,,,,2023-02-08,,,,,J1772,US,,,,Public,,public,,,,,,,,,,Free,,,,,,,,,,False,,,,,,,,,False,
ELEC,MACOMB COLLEGE LOT 4,14500 East 12 Mile Road,"-Near J building, Library & No overnight charging.",Warren,MI,48088,,888-758-4389,E,,Public,Mon: 6:00am-11:00pm; Tue: 6:00am-11:00pm; Wed: 6:00am-11:00pm; Thu: 6:00am-11:00pm; Fri: 6:00am-11:00pm; Sat: 6:00am-11:00pm; Sun: 6:00am-11:00pm,,,,,,2.0,,,ChargePoint Network,https://www.chargepoint.com,GPS,42.50761,-82.970383,2026-08-09,253855,2026-08-09 02:19:21 UTC,,,,2023-02-10,,,,,J1772,US,,,,Public,,public,,,,,,,,,,,,,,,,,,,,False,,,,,,,,,False,
ELEC,Quality Inn and Suites,13954 State Hwy M-28,,Newberry,MI,49868,,906-984-4027,E,,Public - Credit card at all times,24 hours daily,A CREDIT D Debit M V,,,,,2.0,,,Non-Networked,,200-8,46.30359,-85.50854,2025-11-13,253904,2026-02-02 23:16:24 UTC,P,,,2022-06-07,,,,,J1772,US,,,,Public - Carte de crédit en tout temps,,public,CREDIT_CARD_ALWAYS,,HOTEL,,,,,,,Free for guests; $10 for non-guests,,,,,,,,,,False,,,,,,,,LD,False,
ELEC,Jule - Village of Port Austin,8861 Line St,,Port Austin,MI,48467,,855-567-5853,E,,Public,24 hours daily; for guest use only,ANDROID_PAY APPLE_PAY CREDIT Debit M V,,,,,,2.0,,JULE,https://www.julepower.com,GPS,44.0452790543558,-82.9950533311261,2025-08-12,254088,2026-05-12 19:17:38 UTC,P,,,2023-02-13,,,,,CHADEMO J1772COMBO,US,,,,Public,,public,,,HOTEL,,,,,,,$1.00 connection fee; $0.12 per min (50kW); $0.22 per min (100kW); $0.32 per min (150kW),,,,,,,,,,True,,,,,,,,LD,False,
ELEC,LOMBARDO ARIA STATION,15014 Milan Ct,Near Main Entrance,Shelby Township,MI,48315,,888-758-4389,E,,Public,24 hours daily,,,,,,2.0,,,ChargePoint Network,https://www.chargepoint.com,GPS,42.640982,-82.976762,2026-08-09,254110,2026-08-09 02:05:12 UTC,,,,2023-02-16,,,,,J1772,US,,,,Public,,public,,,,,,,,,,,,,,,,,,,,False,,,,,,,,,False,
ELEC,ROCHESTER CITY HALL 1,400 6th street,,Rochester,MI,48307,,888-758-4389,E,,Public,24 hours daily,,,,,,2.0,,,ChargePoint Network,https://www.chargepoint.com,GPS,42.683234,-83.136621,2026-08-09,254277,2026-08-09 02:19:47 UTC,,,,2023-02-20,,,,,J1772,US,,,,Public,,public,,,,,,,,,,,,,,,,,,,,False,,,,,,,,,False,
ELEC,ROCHESTER LOT 6 PARKING 1,222 S Main St,Lot 6 EV station,Rochester,MI,48307,,888-758-4389,E,,Public,24 hours daily,,,,,,2.0,,,ChargePoint Network,https://www.chargepoint.com,GPS,42.678855,-83.132692,2026-08-09,254278,2026-08-09 02:19:47 UTC,,,,2023-02-20,,,,,J1772,US,,,,Public,,public,,,,,,,,,,,,,,,,,,,,False,,,,,,,,,False,
ELEC,Berkley Library,3155 Coolidge Hwy,,Berkley,MI,48072,,866-816-7584,E,,Public,24 hours daily,,,,,,4.0,,,EV Connect,https://www.evconnect.com,GPS,42.500959,-83.184231,2026-08-09,254395,2026-08-09 03:49:17 UTC,,,,2023-02-23,,,,,J1772,US,,,,Public,,public,,,,,,,,,,,,,,,,,,,,False,,,,,,,,,False,
ELEC,Cheboygan City Parking,403 N Huron St,,Cheboygan,MI,49721,,313-262-6722,E,,Public,,,,,,,,6.0,,RED_E,https://www.redecharge.com,GPS,45.647163712992,-84.476102297172,2026-08-09,254407,2026-08-09 05:12:08 UTC,,,,2023-01-10,,,,,J1772COMBO,US,,,,Public,,public,,,PUBLIC,,,,,,,,,,,,,,,,,False,,,,,,,,,False,
ELEC,BEDROCK 1ST ST GRG 1-1,1401 1st Street,Near Bagley exit,Detroit,MI,48226,,888-758-4389,E,,Public,24 hours daily,,,,,,2.0,,,ChargePoint Network,https://www.chargepoint.com,GPS,42.332048,-83.055532,2026-08-09,255392,2026-08-09 02:20:03 UTC,,,,2023-03-01,,,,,J1772,US,,,,Public,,public,,,,,,,,,,,,,,,,,,,,False,,,,,,,,,False,
ELEC,BEDROCK 1ST ST GRG 1-2,1401 1st Street,Near Bagley exit,Detroit,MI,48226,,888-758-4389,E,,Public,24 hours daily,,,,,,2.0,,,ChargePoint Network,https://www.chargepoint.com,GPS,42.332052,-83.055465,2026-08-09,255393,2026-08-09 02:20:04 UTC,,,,2023-03-01,,,,,J1772,US,,,,Public,,public,,,,,,,,,,,,,,,,,,,,False,,,,,,,,,False,
ELEC,Livonia Commons,13409 Middlebelt Road,,Livonia,MI,48150,,877-455-3833,E,,Public,24 hours daily,,,,,,,4.0,,eVgo Network,https://www.evgo.com,GPS,42.380949,-83.334261,2026-08-09,255438,2026-08-10 00:00:31 UTC,,,,2023-03-02,,,,,CHADEMO J1772COMBO,US,,,,Public,,public,,,,,,,,,,,,,,,,,,,,False,,,,,,,,,False,
ELEC,WASHCOMMCOLLEGE PARKING ST 1,4800 E Huron river dr,Parking garage,ann arbor,MI,48105,,888-758-4389,E,,Public,24 hours daily,,,,,,2.0,,,ChargePoint Network,https://www.chargepoint.com,GPS,42.262332,-83.664927,2026-08-09,255526,2026-08-09 02:19:40 UTC,,,,2023-03-03,,,,,J1772,US,,,,Public,,public,,,,,,,,,,,,,,,,,,,,False,,,,,,,,,False,
ELEC,WASHCOMMCOLLEGE PARKING ST 2,4800 E Huron River Drive,1st floor parking garage,Ann Arbor,MI,48105,,888-758-4389,E,,Public,24 hours daily,,,,,,2.0,,,ChargePoint Network,https://www.chargepoint.com,GPS,42.262133,-83.664383,2026-08-09,255527,2026-08-09 02:19:43 UTC,,,,2023-03-03,,,,,J1772,US,,,,Public,,public,,,,,,,,,,,,,,,,,,,,False,,,,,,,,,False,
ELEC,WASHCOMMCOLLEGE PARKING ST 3,4800 E Huron River Drive,Parking garage,Ann Arbor,MI,48105,,888-758-4389,E,,Public,24 hours daily,,,,,,2.0,,,ChargePoint Network,https://www.chargepoint.com,GPS,42.262183,-83.664529,2026-08-09,255528,2026-08-09 02:19:43 UTC,,,,2023-03-03,,,,,J1772,US,,,,Public,,public,,,,,,,,,,,,,,,,,,,,False,,,,,,,,,False,
ELEC,BEDROCK FIN DIST 1-1,131 W Lafayette Blvd,Near Shelby entrance/exit,Detroit,MI,48226,,888-758-4389,E,,Public,24 hours daily,,,,,,2.0,,,ChargePoint Network,https://www.chargepoint.com,GPS,42.331391,-83.049401,2026-08-09,256286,2026-08-09 02:20:33 UTC,,,,2023-03-14,,,,,J1772,US,,,,Public,,public,,,,,,,,,,,,,,,,,,,,False,,,,,,,,,False,
ELEC,BEDROCK FIN DIST 1-2,131 W Lafayette Blvd,Near Shelby entrance/exit,Detroit,MI,48226,,888-758-4389,E,,Public,24 hours daily,,,,,,2.0,,,ChargePoint Network,https://www.chargepoint.com,GPS,42.330881,-83.048942,2026-08-09,256287,2026-08-09 02:20:33 UTC,,,,2023-03-14,,,,,J1772,US,,,,Public,,public,,,,,,,,,,,,,,,,,,,,False,,,,,,,,,False,
ELEC,BEDROCK FIN DIST 1-3,131 W Lafayette Blvd,Near Shelby entrance/exit,Detroit,MI,48226,,888-758-4389,E,,Public,24 hours daily,,,,,,2.0,,,ChargePoint Network,https://www.chargepoint.com,GPS,42.330859,-83.048842,2026-08-09,256288,2026-08-09 02:20:34 UTC,,,,2023-03-14,,,,,J1772,US,,,,Public,,public,,,,,,,,,,,,,,,,,,,,False,,,,,,,,,False,
ELEC,Holly Oaks ORV Park,14551 Shields Rd,,Holly,MI,48442,,248-653-0710,E,,Public - Credit card at all times,24 hours daily,A CREDIT D Debit M,,,,,1.0,,,Non-Networked,,GPS,42.82376984135154,-83.55829926136987,2023-04-06,256933,2026-06-30 20:17:52 UTC,P,,,2022-08-26,,,,,J1772,US,,,,Public - Carte de crédit en tout temps,,public,CREDIT_CARD_ALWAYS,,OTHER,,,,,,,,,,,,,,,,SOLAR,False,,,,,,,,LD,False,
ELEC,LAG CT4000,30533 Woodward Ave,Outside,Royal Oak,MI,48073,,888-758-4389,E,,Public,24 hours daily,,,,,,2.0,,,ChargePoint Network,https://www.chargepoint.com,GPS,42.514017,-83.183197,2026-08-09,256963,2026-08-09 02:18:24 UTC,,,,2023-03-24,,,,,J1772,US,,,,Public,,public,,,,,,,,,,,,,,,,,,,,False,,,,,,,,,False,
ELEC,Edwards Automotive,1807 North Stephenson Ave,,Iron Mountain,MI,49801,,866-816-7584,E,,Public,24 hours daily,,,,,,,1.0,,EV Connect,https://www.evconnect.com,GPS,45.842534,-88.047863,2026-08-09,257379,2026-08-09 03:48:22 UTC,,,,2023-03-30,,,,,J1772COMBO,US,,,,Public,,public,,,,,,,,,,,,,,,,,,,,False,,,,,,,,,False,
ELEC,BEDROCK TWO DETROIT 2-4,160 E Congress St,Larned side,Detroit,MI,48226,,888-758-4389,E,,Public,24 hours daily,,,,,,2.0,,,ChargePoint Network,https://www.chargepoint.com,GPS,42.330531,-83.04323,2026-08-09,257850,2026-08-09 02:21:09 UTC,,,,2023-04-04,,,,,J1772,US,,,,Public,,public,,,,,,,,,,,,,,,,,,,,False,,,,,,,,,False,
ELEC,BEDROCK TWO DETROIT 2-1,160 E Congress St,Larned side,Detroit,MI,48226,,888-758-4389,E,,Public,24 hours daily,,,,,,2.0,,,ChargePoint Network,https://www.chargepoint.com,GPS,42.330546,-83.043093,2026-08-09,257851,2026-08-09 02:21:10 UTC,,,,2023-04-04,,,,,J1772,US,,,,Public,,public,,,,,,,,,,,,,,,,,,,,False,,,,,,,,,False,
ELEC,BEDROCK TWO DETROIT 2-3,160 E Congress St,Larned side,Detroit,MI,48226,,888-758-4389,E,,Public,24 hours daily,,,,,,2.0,,,ChargePoint Network,https://www.chargepoint.com,GPS,42.330518,-83.043241,2026-08-09,257852,2026-08-09 02:21:10 UTC,,,,2023-04-04,,,,,J1772,US,,,,Public,,public,,,,,,,,,,,,,,,,,,,,False,,,,,,,,,False,
ELEC,BEDROCK TWO DETROIT 2-2,160 E Congress St,Larned side,Detroit,MI,48226,,888-758-4389,E,,Public,24 hours daily,,,,,,2.0,,,ChargePoint Network,https://www.chargepoint.com,GPS,42.330523,-83.043226,2026-08-09,257853,2026-08-09 02:21:10 UTC,,,,2023-04-04,,,,,J1772,US,,,,Public,,public,,,,,,,,,,,,,,,,,,,,False,,,,,,,,,False,
ELEC,DDA- Parking Lot,135 West Main Street,,Pinckney,MI,48169,,888-998-2546,E,,Public,24 hours daily,,,,,,4.0,,,Blink Network,https://blinkcharging.com,GPS,42.456461,-83.947204,2026-08-10,257883,2026-08-10 00:34:15 UTC,,,,2023-04-04,,,,,J1772,US,,,,Public,,public,,,,,,,,,,,,,,,,,,,,False,,,,,,,,,False,
ELEC,HFHS NORTH GARAGE 1A,7765 John C Lodge Fwy,,Detroit,MI,48202,,888-758-4389,E,,Public,24 hours daily,,,,,,2.0,,,ChargePoint Network,https://www.chargepoint.com,GPS,42.370813,-83.085294,2026-08-09,258243,2026-08-09 02:21:40 UTC,,,,2023-04-07,,,,,J1772,US,,,,Public,,public,,,,,,,,,,,,,,,,,,,,False,,,,,,,,,False,
ELEC,HFHS NORTH GARAGE 1D,8009 John C Lodge Fwy,,Detroit,MI,48202,,888-758-4389,E,,Public,24 hours daily,,,,,,2.0,,,ChargePoint Network,https://www.chargepoint.com,GPS,42.373122,-83.086376,2026-08-09,258244,2026-08-09 02:21:40 UTC,,,,2023-04-07,,,,,J1772,US,,,,Public,,public,,,,,,,,,,,,,,,,,,,,False,,,,,,,,,False,
ELEC,HFHS NORTH GARAGE 1E,7765 John C Lodge Fwy,,Detroit,MI,48202,,888-758-4389,E,,Public,24 hours daily,,,,,,2.0,,,ChargePoint Network,https://www.chargepoint.com,GPS,42.370784,-83.085358,2026-08-09,258245,2026-08-09 02:21:40 UTC,,,,2023-04-07,,,,,J1772,US,,,,Public,,public,,,,,,,,,,,,,,,,,,,,False,,,,,,,,,False,
ELEC,HFHS NORTH GARAGE 1B,8009 John C Lodge Fwy,,Detroit,MI,48202,,888-758-4389,E,,Public,24 hours daily,,,,,,2.0,,,ChargePoint Network,https://www.chargepoint.com,GPS,42.370906,-83.085259,2026-08-09,258246,2026-08-09 02:21:40 UTC,,,,2023-04-07,,,,,J1772,US,,,,Public,,public,,,,,,,,,,,,,,,,,,,,False,,,,,,,,,False,
ELEC,HFHS NORTH GARAGE 1C,1116 Delaware St,,Detroit,MI,48202,,888-758-4389,E,,Public,24 hours daily,,,,,,2.0,,,ChargePoint Network,https://www.chargepoint.com,GPS,42.370835,-83.085344,2026-08-09,258247,2026-08-09 02:21:41 UTC,,,,2023-04-07,,,,,J1772,US,,,,Public,,public,,,,,,,,,,,,,,,,,,,,False,,,,,,,,,False,
ELEC,LEV 2 CHARGE #1 11381 -1,11381 1st Ave NW,Warehouse,Grand Rapids,MI,49534,,888-758-4389,E,,Public,24 hours daily,,,,,,2.0,,,ChargePoint Network,https://www.chargepoint.com,GPS,42.975709,-85.788247,2026-08-09,258278,2026-08-09 02:12:27 UTC,,,,2023-04-08,,,,,J1772,US,,,,Public,,public,,,,,,,,,,,,,,,,,,,,False,,,,,,,,,False,
ELEC,Swtch Energy,3965 Okemos Rd,,Okemos,MI,48864,,844-798-2438,E,,Private,24 hours daily,A D Debit M V,,,,,8.0,,,SWTCH,https://swtchenergy.com,GPS,42.6963631,-84.4331607,2023-06-12,258903,2024-01-31 22:07:01 UTC,P,,,2022-09-21,,,,,J1772,US,,,,Privé,,private,,,,,,,,,,Free,,,,,,,,,,,,,,,,,,,False,
ELEC,Swtch Energy,600 3 Mile Rd NW,,Grand Rapids,MI,49544,,844-798-2438,E,,Private,24 hours daily,A D Debit M V,,,,,4.0,,,SWTCH,https://swtchenergy.com,GPS,43.0135312,-85.6840543,2023-06-12,258911,2024-01-31 22:07:01 UTC,P,,,2022-12-08,,,,,J1772,US,,,,Privé,,private,,,,,,,,,,Free,,,,,,,,,,,,,,,,,,,False,
ELEC,BEDROCK GREEKTOWN 1-3,1001 Brush St,Greektown entrance,Detroit,MI,48226,,888-758-4389,E,,Public,24 hours daily,,,,,,2.0,,,ChargePoint Network,https://www.chargepoint.com,GPS,42.333571,-83.04401,2026-08-09,259001,2026-08-09 02:21:47 UTC,,,,2023-04-12,,,,,J1772,US,,,,Public,,public,,,,,,,,,,,,,,,,,,,,False,,,,,,,,,False,
ELEC,BEDROCK GREEKTOWN 1-2,1001 Brush St,Greektown entrance,Detroit,MI,48226,,888-758-4389,E,,Public,24 hours daily,,,,,,2.0,,,ChargePoint Network,https://www.chargepoint.com,GPS,42.333514,-83.044136,2026-08-09,259006,2026-08-09 02:21:47 UTC,,,,2023-04-12,,,,,J1772,US,,,,Public,,public,,,,,,,,,,,,,,,,,,,,False,,,,,,,,,False,
ELEC,BEDROCK GREEKTOWN 1-4,1001 Brush St,Greektown entrance,Detroit,MI,48226,,888-758-4389,E,,Public,24 hours daily,,,,,,2.0,,,ChargePoint Network,https://www.chargepoint.com,GPS,42.333566,-83.04406,2026-08-09,259009,2026-08-09 02:21:47 UTC,,,,2023-04-12,,,,,J1772,US,,,,Public,,public,,,,,,,,,,,,,,,,,,,,False,,,,,,,,,False,
ELEC,MONROE CCC MCCC EV 01,1555 S Raisinville Rd,,Monroe Charter Township,MI,48161,,888-758-4389,E,,Public,24 hours daily,,,,,,2.0,,,ChargePoint Network,https://www.chargepoint.com,GPS,41.917446,-83.47045,2026-08-09,259342,2026-08-09 02:21:50 UTC,,,,2023-04-14,,,,,J1772,US,,,,Public,,public,,,,,,,,,,,,,,,,,,,,False,,,,,,,,,False,
ELEC,VCCANTON CCA CAN,41420 Village Green Blvd W,Near leasing office,Canton,MI,48187,,888-758-4389,E,,Public,24 hours daily,,,,,,2.0,,,ChargePoint Network,https://www.chargepoint.com,GPS,42.312465,-83.448979,2026-08-09,259476,2026-08-09 02:21:44 UTC,,,,2023-04-15,,,,,J1772,US,,,,Public,,public,,,,,,,,,,,,,,,,,,,,False,,,,,,,,,False,
ELEC,KOOL TOYOTA CPE-FAST,3780 Plainfield Ave NE,,Grand Rapids,MI,49525,,888-758-4389,E,,Public,24 hours daily,,,,,,,1.0,,ChargePoint Network,https://www.chargepoint.com,GPS,43.031982,-85.625881,2026-08-09,259746,2026-08-09 02:20:56 UTC,,,,2023-04-22,,,,,CHADEMO J1772COMBO,US,,,,Public,,public,,,,,,,,,,,,,,,,,,,,False,,,,,,,,,False,
ELEC,Cambria Hotel Traverse City,255 Munson Avenue US31,,Traverse City,MI,49686,,888-998-2546,E,,Public,24 hours daily,,,,,,2.0,,,Blink Network,https://blinkcharging.com,GPS,44.76316,-85.58566,2026-08-10,259814,2026-08-10 00:53:47 UTC,,,,2022-08-16,,,,,J1772,US,,,,Public,,public,,,,,,,,,,,,,,,,,,,,False,,,,,,,,,False,
ELEC,K COLLEGE TROWBRIDGE,1331 Academy Street,In the parking lot south of Trowbridge Hall near dumpster,Kalamazoo,MI,49006,,888-758-4389,E,,Public,24 hours daily,,,,,,2.0,,,ChargePoint Network,https://www.chargepoint.com,GPS,42.28947,-85.603105,2026-08-09,260012,2026-08-09 01:15:33 UTC,,,,2023-04-28,,,,,J1772,US,,,,Public,,public,,,,,,,,,,,,,,,,,,,,False,,,,,,,,,False,
ELEC,K COLLEGE FITNESS CEN,123 W Main Ct,In the parking lot east of the Fitness Center,Kalamazoo,MI,49006,,888-758-4389,E,,Public,24 hours daily,,,,,,1.0,,,ChargePoint Network,https://www.chargepoint.com,GPS,42.290858,-85.596501,2026-08-09,260013,2026-08-09 01:16:18 UTC,,,,2023-04-28,,,,,J1772,US,,,,Public,,public,,,,,,,,,,,,,,,,,,,,False,,,,,,,,,False,
ELEC,MONROE MI DDA 120WFRONTRIGHT,120 W. Front St,,Monroe,MI,48161,,888-758-4389,E,,Public,24 hours daily,,,,,,2.0,,,ChargePoint Network,https://www.chargepoint.com,GPS,41.917015,-83.39752,2026-08-09,260723,2026-08-09 02:23:12 UTC,,,,2023-05-12,,,,,J1772,US,,,,Public,,public,,,,,,,,,,,,,,,,,,,,False,,,,,,,,,False,
ELEC,MONROE MI DDA 120WFRONTLEFT,120 W. Front St,,Monroe,MI,48161,,888-758-4389,E,,Public,24 hours daily,,,,,,2.0,,,ChargePoint Network,https://www.chargepoint.com,GPS,41.91699,-83.39747,2026-08-09,260724,2026-08-09 02:23:12 UTC,,,,2023-05-12,,,,,J1772,US,,,,Public,,public,,,,,,,,,,,,,,,,,,,,False,,,,,,,,,False,
ELEC,"Meijer 254 (Hudsonville, MI)",4075 32nd Ave,,Hudsonville,MI,49426,,833-632-2778,E,,Public,24 hours daily,,,,,,,6.0,,Electrify America,https://www.electrifyamerica.com,GPS,42.8437,-85.86302,2026-08-09,260740,2026-08-09 03:38:49 UTC,,,,2023-05-12,,,,,J1772COMBO,US,,,,Public,,public,,,,,,,,,,,,,,,,,,,,False,,,,,,,,,False,
ELEC,WALLED LAKE DUBLIN,425 Farnsworth Rd,,White Lake charter Township,MI,48386,,888-758-4389,E,,Public,24 hours daily,,,,,,2.0,,,ChargePoint Network,https://www.chargepoint.com,GPS,42.635107,-83.467635,2026-08-09,260854,2026-08-09 02:19:53 UTC,,,,2023-05-16,,,,,J1772,US,,,,Public,,public,,,,,,,,,,,,,,,,,,,,False,,,,,,,,,False,
ELEC,Evergetic Charging Spa,330 South Martin Luther King Junior Boulevard,,Lansing,MI,48915,,888-998-2546,E,,Public,24 hours daily,,,,,,,4.0,,Blink Network,https://blinkcharging.com,GPS,42.73031290296601,-84.56760581120493,2026-08-09,260889,2026-08-09 01:00:32 UTC,,,,2023-05-11,,,,,J1772COMBO TESLA,US,,,,Public,,public,,,,,,,,,,,,,,,,,,,,False,,,,,,,,,False,
ELEC,BEDROCK 1001 WW 1-2,35 State St,Up ramp,Detroit,MI,48226,,888-758-4389,E,,Public,24 hours daily,,,,,,2.0,,,ChargePoint Network,https://www.chargepoint.com,GPS,42.332563,-83.047756,2026-08-09,261017,2026-08-09 02:23:16 UTC,,,,2023-05-18,,,,,J1772,US,,,,Public,,public,,,,,,,,,,,,,,,,,,,,False,,,,,,,,,False,
ELEC,BEDROCK 1001 WW 1-1,35 State St,Upramp,Detroit,MI,48226,,888-758-4389,E,,Public,24 hours daily,,,,,,2.0,,,ChargePoint Network,https://www.chargepoint.com,GPS,42.332515,-83.047841,2026-08-09,261018,2026-08-09 02:23:16 UTC,,,,2023-05-18,,,,,J1772,US,,,,Public,,public,,,,,,,,,,,,,,,,,,,,False,,,,,,,,,False,
ELEC,BEDROCK Z DECK 4-1,219 Gratiot Ave,,Detroit,MI,48226,,888-758-4389,E,,Public,24 hours daily,,,,,,2.0,,,ChargePoint Network,https://www.chargepoint.com,GPS,42.334349,-83.046319,2026-08-09,261068,2026-08-09 02:23:29 UTC,,,,2023-05-19,,,,,J1772,US,,,,Public,,public,,,,,,,,,,,,,,,,,,,,False,,,,,,,,,False,
ELEC,BEDROCK Z DECK 4-3,219 Gratiot Ave,,Detroit,MI,48226,,888-758-4389,E,,Public,24 hours daily,,,,,,2.0,,,ChargePoint Network,https://www.chargepoint.com,GPS,42.334372,-83.046328,2026-08-09,261069,2026-08-09 02:23:29 UTC,,,,2023-05-19,,,,,J1772,US,,,,Public,,public,,,,,,,,,,,,,,,,,,,,False,,,,,,,,,False,
ELEC,BEDROCK Z DECK 4-4,219 Gratiot Ave,,Detroit,MI,48226,,888-758-4389,E,,Public,24 hours daily,,,,,,2.0,,,ChargePoint Network,https://www.chargepoint.com,GPS,42.334349,-83.046303,2026-08-09,261071,2026-08-09 02:23:30 UTC,,,,2023-05-19,,,,,J1772,US,,,,Public,,public,,,,,,,,,,,,,,,,,,,,False,,,,,,,,,False,
ELEC,BEDROCK Z DECK 4-2,219 Gratiot Ave,,Detroit,MI,48226,,888-758-4389,E,,Public,24 hours daily,,,,,,2.0,,,ChargePoint Network,https://www.chargepoint.com,GPS,42.334377,-83.046346,2026-08-09,261072,2026-08-09 02:23:30 UTC,,,,2023-05-19,,,,,J1772,US,,,,Public,,public,,,,,,,,,,,,,,,,,,,,False,,,,,,,,,False,
ELEC,MISCPRODUCTS CT4021-1,16730 Enterprise Dr,,Macomb,MI,48044,,888-758-4389,E,,Public,24 hours daily,,,,,,2.0,,,ChargePoint Network,https://www.chargepoint.com,GPS,42.666712,-82.954441,2026-08-09,261287,2026-08-09 02:23:32 UTC,,,,2023-05-24,,,,,J1772,US,,,,Public,,public,,,,,,,,,,,,,,,,,,,,False,,,,,,,,,False,
ELEC,33113 Grand River Ave Farmington MI,33113 Grand River Ave,,Farmington,MI,48335,,313-262-6722,E,,Public,,,,,,,2.0,1.0,,RED_E,https://www.redecharge.com,GPS,42.463067849886,-83.373691490611,2026-08-09,261483,2026-08-09 05:12:07 UTC,,,,2023-05-25,,,,,CHADEMO J1772,US,,,,Public,,public,,,PUBLIC,,,,,,,,,,,,,,,,,False,,,,,,,,,False,
ELEC,Gorno Bros Ford,22025 Allen Rd,,Woodhaven,MI,48183,,,E,,Public - Call ahead,24 hours daily; drivers must notify staff to have charger turned on,,,,,,1.0,,,Non-Networked,,GPS,42.14717573777452,-83.22535304893495,2023-06-12,261668,2026-06-25 00:32:52 UTC,P,,,2022-04-28,,,,,J1772,US,,,,Public - Appeler à l'avance,,public,CALL,,CAR_DEALER,,,,,,,Free,,,,,,,,,,False,,,,,,,,LD,False,
ELEC,Courthouse Public Parking,1045 Independence Blvd.,,Charlotte,MI,48813,,866-816-7584,E,,Public,24 hours daily,,,,,,4.0,,,EV Connect,https://www.evconnect.com,GPS,42.581424,-84.845587,2026-08-09,261743,2026-08-09 03:49:10 UTC,,,,2023-06-01,,,,,J1772,US,,,,Public,,public,,,,,,,,,,,,,,,,,,,,False,,,,,,,,,False,
ELEC,Retail Contractors USA,121 Union St,,Marine City,MI,48039,,586-214-2221,E,,Public - Credit card at all times,Contact station for hours of availability,A ANDROID_PAY APPLE_PAY CREDIT D M,,,,,2.0,,,AMPUP,https://ampup.io,GPS,42.7146525,-82.4933182,2023-06-12,262113,2026-08-05 18:21:35 UTC,P,,,2023-01-30,,,,,J1772,US,,,,Public - Carte de crédit en tout temps,,public,CREDIT_CARD_ALWAYS,,OFFICE_BLDG,,,,,,,,,,,,,,,,,False,,,,,,,,LD,True,
ELEC,BP Lathrup Village,26727 Southfield Rd,,Lathrup Village,MI,48076,,313-262-6722,E,,Public,,,,,,,,4.0,,RED_E,https://www.redecharge.com,GPS,42.486462232063,-83.222381693108,2026-08-09,262364,2026-08-09 05:12:16 UTC,,,,2023-06-01,,,,,J1772COMBO,US,,,,Public,,public,,,PUBLIC,,,,,,,,,,,,,,,,,False,,,,,,,,,False,
ELEC,The Mariner North Resort,245 Gratiot St,,Copper Harbor,MI,49918,,844-584-2329,E,,Public - Credit card at all times,24 hours daily,A D Debit M V,,,,,4.0,1.0,,Non-Networked,,GPS,47.4683540313042,-87.8890498656848,2025-08-12,262494,2026-02-02 23:16:24 UTC,P,,,2023-06-08,,,,,CHADEMO J1772 J1772COMBO,US,,,,Public - Carte de crédit en tout temps,,public,CREDIT_CARD_ALWAYS,,HOTEL,,,,,,,,,,,,,,,,,False,,,,,,,,LD,False,
ELEC,Village of Ortonville - 11 Pond St,11 Pond St,,Ortonville,MI,48462,,888-356-8911,E,,Public,24 hours daily,,,,,,2.0,,,FLO,https://www.flo.com,GPS,42.852058,-83.443777,2026-08-09,262546,2026-08-09 04:07:35 UTC,,,,2023-06-10,,,,,J1772,US,,,,Public,,public,,,,,,,,,,,,,,,,,,,,False,,,,,,,,,False,
ELEC,Orion Center,1335 Joslyn Rd,,Lake Orion,MI,48360,,248-391-0304,E,,Public,24 hours daily,,,,,,6.0,,,Non-Networked,,200-8,42.75971,-83.28088,2023-07-11,262620,2026-06-30 20:18:25 UTC,LG,,,2022-11-18,,,,,J1772,US,,,,Public,,public,,,PARK,,,,,,,$1 per hour,,,,,,,,,,False,,,,,,,,LD,False,
ELEC,Civic Center,2525 Joslyn Rd,,Lake Orion,MI,48360,,248-391-0304,E,,Public,24 hours daily,,,,,,6.0,,,Non-Networked,,200-8,42.74362,-83.28146,2025-12-12,262621,2026-02-02 23:16:24 UTC,LG,,,2022-11-18,,,,,J1772,US,,,,Public,,public,,,PARK,,,,,,,$1 per hour,,,,,,,,,,False,,,,,,,,LD,False,
ELEC,Friendship Park,3380 Clarkston Rd,,Lake Orion,MI,48362,,248-391-0304,E,,Public,24 hours daily,,,,,,6.0,,,Non-Networked,,GPS,42.7679165,-83.3111595,2025-11-13,262622,2026-02-02 23:16:24 UTC,LG,,,2022-11-18,,,,,J1772,US,,,,Public,,public,,,PARK,,,,,,,,,,,,,,,,SOLAR,False,,,,,,,,LD,False,
ELEC,HFHS WB GARAGE 4B,6777 W Maple Rd,,West Bloomfield Township,MI,48322,,888-758-4389,E,,Public,24 hours daily,,,,,,2.0,,,ChargePoint Network,https://www.chargepoint.com,GPS,42.537981,-83.406731,2026-08-09,262655,2026-08-09 02:23:59 UTC,,,,2023-06-14,,,,,J1772,US,,,,Public,,public,,,,,,,,,,,,,,,,,,,,False,,,,,,,,,False,
ELEC,HFHS WB GARAGE 4A,6777 W Maple Rd,Outpatient Parking Garage,West Bloomfield Township,MI,48322,,888-758-4389,E,,Public,24 hours daily,,,,,,2.0,,,ChargePoint Network,https://www.chargepoint.com,GPS,42.537889,-83.406855,2026-08-09,262656,2026-08-09 02:24:00 UTC,,,,2023-06-14,,,,,J1772,US,,,,Public,,public,,,,,,,,,,,,,,,,,,,,False,,,,,,,,,False,
ELEC,HFHS WB GARAGE 3B,6777 W Maple Rd,Outpatient Parking Garage,West Bloomfield Township,MI,48322,,888-758-4389,E,,Public,24 hours daily,,,,,,2.0,,,ChargePoint Network,https://www.chargepoint.com,GPS,42.537847,-83.406841,2026-08-09,262657,2026-08-09 02:24:00 UTC,,,,2023-06-14,,,,,J1772,US,,,,Public,,public,,,,,,,,,,,,,,,,,,,,False,,,,,,,,,False,
ELEC,HFHS WB GARAGE 3A,6777 W Maple Rd,Outpatient Parking Garage,West Bloomfield Township,MI,48322,,888-758-4389,E,,Public,24 hours daily,,,,,,2.0,,,ChargePoint Network,https://www.chargepoint.com,GPS,42.537856,-83.406773,2026-08-09,262658,2026-08-09 02:24:00 UTC,,,,2023-06-14,,,,,J1772,US,,,,Public,,public,,,,,,,,,,,,,,,,,,,,False,,,,,,,,,False,
ELEC,DICK HUVAERE'S CHARGER #5,67567 Main St,,Richmond,MI,48062,,888-758-4389,E,,Public,24 hours daily,,,,,,2.0,,,ChargePoint Network,https://www.chargepoint.com,GPS,42.799098,-82.74231,2026-08-09,262660,2026-08-09 02:24:08 UTC,,,,2023-06-14,,,,,J1772,US,,,,Public,,public,,,,,,,,,,,,,,,,,,,,False,,,,,,,,,False,
ELEC,DICK HUVAERE'S CHARGER #4,67567 Main St,,Richmond,MI,48062,,888-758-4389,E,,Public,24 hours daily,,,,,,2.0,,,ChargePoint Network,https://www.chargepoint.com,GPS,42.799165,-82.742263,2026-08-09,262661,2026-08-09 02:24:08 UTC,,,,2023-06-14,,,,,J1772,US,,,,Public,,public,,,,,,,,,,,,,,,,,,,,False,,,,,,,,,False,
ELEC,"City of Petoskey, MI - Darling Parking Lot",421 Petoskey Street,,Petoskey,MI,49770,,888-998-2546,E,,Public,24 hours daily,,,,,,2.0,,,Blink Network,https://blinkcharging.com,GPS,45.373329095118415,-84.95700528162419,2026-08-10,262708,2026-08-10 00:23:37 UTC,,,,2023-05-25,,,,,J1772,US,,,,Public,,public,,,,,,,,,,,,,,,,,,,,False,,,,,,,,,False,
ELEC,CITY OF HANCOCK FRANKLIN ST,411 Tezcuco St,"Parking lot in back, corner of Franklin and Tezcuco",Hancock,MI,49930,,888-758-4389,E,,Public,24 hours daily,,,,,,,1.0,,ChargePoint Network,https://www.chargepoint.com,GPS,47.127575,-88.580819,2026-08-09,262731,2026-08-09 02:15:52 UTC,,,,2023-06-15,,,,,CHADEMO J1772COMBO,US,,,,Public,,public,,,,,,,,,,,,,,,,,,,,False,,,,,,,,,False,
ELEC,"City of Petoskey, MI - Depot  Parking Lot",100 Depot court,,Petoskey,MI,49770,,888-998-2546,E,,Public,24 hours daily,,,,,,2.0,2.0,,Blink Network,https://blinkcharging.com,GPS,45.37586912482663,-84.95964056213582,2026-08-10,262765,2026-08-10 00:44:47 UTC,,,,2023-05-25,,,,,J1772 J1772COMBO,US,,,,Public,,public,,,,,,,,,,,,,,,,,,,,False,,,,,,,,,False,
ELEC,MIDDLEVILLE MIDDLEVILLE-1,100 E Main St,,Middleville,MI,49333,,888-758-4389,E,,Public,24 hours daily,,,,,,2.0,,,ChargePoint Network,https://www.chargepoint.com,GPS,42.711061,-85.464384,2026-08-09,262798,2026-08-09 02:24:28 UTC,,,,2023-06-16,,,,,J1772,US,,,,Public,,public,,,,,,,,,,,,,,,,,,,,False,,,,,,,,,False,
ELEC,"City of Petoskey, MI - Elks Parking Lot",442 Bay Street,,Petoskey,MI,49770,,888-998-2546,E,,Public,24 hours daily,,,,,,2.0,,,Blink Network,https://blinkcharging.com,GPS,45.37607525002056,-84.95395153929651,2026-08-10,262824,2026-08-10 00:18:01 UTC,,,,2023-05-25,,,,,J1772,US,,,,Public,,public,,,,,,,,,,,,,,,,,,,,False,,,,,,,,,False,
ELEC,Serra Honda Brighton,8294 Grand River Avenue,,Brighton,MI,48114,,888-998-2546,E,,Public,24 hours daily,,,,,,2.0,,,Blink Network,https://blinkcharging.com,GPS,42.550209,-83.789519,2026-08-10,262892,2026-08-10 00:41:58 UTC,,,,2023-05-08,,,,,J1772,US,,,,Public,,public,,,,,,,,,,,,,,,,,,,,False,,,,,,,,,False,
ELEC,CAMPUS CENTER HORSESHOE,1700 University Avenue Campus Horseshoe Visit,Visitor Parking Area near the Campus Center Entrance,Flint,MI,48504,,888-758-4389,E,,Public,24 hours daily,,,,,,1.0,,,ChargePoint Network,https://www.chargepoint.com,GPS,43.012838,-83.712289,2026-08-09,264853,2026-08-09 01:11:21 UTC,,,,2023-06-22,,,,,J1772,US,,,,Public,,public,,,,,,,,,,,,,,,,,,,,False,,,,,,,,,False,
ELEC,"Meijer 188 (Livonia, MI)",13000 Middlebelt Road,,Livonia,MI,48150,,833-632-2778,E,,Public,24 hours daily,,,,,,,6.0,,Electrify America,https://www.electrifyamerica.com,GPS,42.37917,-83.32951,2026-08-09,279396,2026-08-09 03:38:49 UTC,,,,2023-06-22,,,,,J1772COMBO,US,,,,Public,,public,,,,,,,,,,,,,,,,,,,,False,,,,,,,,,False,
ELEC,"Meijer 041 (Benton Harbor, MI)",1920 Pipestone Rd,,Benton Harbor,MI,49022,,833-632-2778,E,,Public,24 hours daily,,,,,,,6.0,,Electrify America,https://www.electrifyamerica.com,GPS,42.08223,-86.42403,2026-08-09,279484,2026-08-09 03:36:27 UTC,,,,2023-06-22,,,,,J1772COMBO,US,,,,Public,,public,,,,,,,,,,,,,,,,,,,,False,,,,,,,,,False,
ELEC,ST. IVES ST IVES GOLF,9900 St Ives Dr,,Stanwood,MI,49346,,888-758-4389,E,,Public,24 hours daily,,,,,,2.0,,,ChargePoint Network,https://www.chargepoint.com,GPS,43.609399,-85.303628,2026-08-09,300122,2026-08-09 02:23:13 UTC,,,,2023-06-29,,,,,J1772,US,,,,Public,,public,,,,,,,,,,,,,,,,,,,,False,,,,,,,,,False,
ELEC,HFHS MACOMB NT LOT1A,15855 19 Mile Rd,,Clinton Township,MI,48038,,888-758-4389,E,,Public,24 hours daily,,,,,,2.0,,,ChargePoint Network,https://www.chargepoint.com,GPS,42.614784,-82.960186,2026-08-09,300460,2026-08-09 02:24:17 UTC,,,,2023-06-29,,,,,J1772,US,,,,Public,,public,,,,,,,,,,,,,,,,,,,,False,,,,,,,,,False,
ELEC,HFHS MACOMB NT LOT1B,15855 19 Mile Rd,,Clinton Township,MI,48038,,888-758-4389,E,,Public,24 hours daily,,,,,,2.0,,,ChargePoint Network,https://www.chargepoint.com,GPS,42.614776,-82.960422,2026-08-09,300461,2026-08-09 02:24:17 UTC,,,,2023-06-29,,,,,J1772,US,,,,Public,,public,,,,,,,,,,,,,,,,,,,,False,,,,,,,,,False,
ELEC,HFHS MACOMB NT LOT1C,15855 19 Mile Rd,,Clinton Township,MI,48038,,888-758-4389,E,,Public,24 hours daily,,,,,,2.0,,,ChargePoint Network,https://www.chargepoint.com,GPS,42.614989,-82.960809,2026-08-09,300462,2026-08-09 02:24:17 UTC,,,,2023-06-29,,,,,J1772,US,,,,Public,,public,,,,,,,,,,,,,,,,,,,,False,,,,,,,,,False,
ELEC,BEDROCK ONE DETROIT 2-2,100 E Congress St,"1 Detroit garage, near elevator",Detroit,MI,48226,,888-758-4389,E,,Public,24 hours daily,,,,,,2.0,,,ChargePoint Network,https://www.chargepoint.com,GPS,42.330315,-83.043642,2026-08-09,300538,2026-08-09 02:24:47 UTC,,,,2023-06-29,,,,,J1772,US,,,,Public,,public,,,,,,,,,,,,,,,,,,,,False,,,,,,,,,False,
ELEC,BEDROCK ONE DETROIT 2-3,100 E Congress St,"1 Detroit, near elevator",Detroit,MI,48226,,888-758-4389,E,,Public,24 hours daily,,,,,,2.0,,,ChargePoint Network,https://www.chargepoint.com,GPS,42.330225,-83.043878,2026-08-09,300539,2026-08-09 02:24:47 UTC,,,,2023-06-29,,,,,J1772,US,,,,Public,,public,,,,,,,,,,,,,,,,,,,,False,,,,,,,,,False,
ELEC,BEDROCK ONE DETROIT 2-1,100 E Congress St,"1 Detroit garage, near elevator",Detroit,MI,48226,,888-758-4389,E,,Public,24 hours daily,,,,,,2.0,,,ChargePoint Network,https://www.chargepoint.com,GPS,42.330134,-83.044072,2026-08-09,300540,2026-08-09 02:24:47 UTC,,,,2023-06-29,,,,,J1772,US,,,,Public,,public,,,,,,,,,,,,,,,,,,,,False,,,,,,,,,False,
ELEC,BEDROCK ONE DETROIT 2-4,100 E Congress St,"1 Detroit, near elevator",Detroit,MI,48226,,888-758-4389,E,,Public,24 hours daily,,,,,,2.0,,,ChargePoint Network,https://www.chargepoint.com,GPS,42.330275,-83.043695,2026-08-09,300541,2026-08-09 02:24:47 UTC,,,,2023-06-29,,,,,J1772,US,,,,Public,,public,,,,,,,,,,,,,,,,,,,,False,,,,,,,,,False,
ELEC,DICK HUVAERE'S POWER LINK 1,67567 Main St,,Richmond,MI,48062,,888-758-4389,E,,Public,24 hours daily,,,,,,,1.0,,ChargePoint Network,https://www.chargepoint.com,GPS,42.799017,-82.742368,2026-08-09,300611,2026-08-09 02:25:06 UTC,,,,2023-06-29,,,,,CHADEMO J1772COMBO,US,,,,Public,,public,,,,,,,,,,,,,,,,,,,,False,,,,,,,,,False,
ELEC,ZOUROB MOBIL MOBIL CHARGER 2,35426 Goddard Rd,,Romulus,MI,48174,,888-758-4389,E,,Public,24 hours daily,,,,,,,1.0,,ChargePoint Network,https://www.chargepoint.com,GPS,42.223399,-83.38669,2026-08-09,301833,2026-08-09 02:25:17 UTC,,,,2023-07-01,,,,,CHADEMO J1772COMBO,US,,,,Public,,public,,,,,,,,,,,,,,,,,,,,False,,,,,,,,,False,
ELEC,ZOUROB MOBIL MOBIL CHARGER 1,35426 Goddard Rd,,Romulus,MI,48174,,888-758-4389,E,,Public,24 hours daily,,,,,,,1.0,,ChargePoint Network,https://www.chargepoint.com,GPS,42.223387,-83.386693,2026-08-09,301849,2026-08-09 02:25:25 UTC,,,,2023-07-01,,,,,CHADEMO J1772COMBO,US,,,,Public,,public,,,,,,,,,,,,,,,,,,,,False,,,,,,,,,False,
ELEC,Fountain Circle Apartment Homes,"3500 Fountain Ln,",,Auburn Hills,MI,48326,,866-816-7584,E,,Public,24 hours daily,,,,,,16.0,,,EV Connect,https://www.evconnect.com,GPS,42.63504,-83.216888,2026-08-09,302071,2026-08-09 03:49:36 UTC,,,,2023-07-06,,,,,J1772,US,,,,Public,,public,,,,,,,,,,,,,,,,,,,,False,,,,,,,,,False,
ELEC,City of Niles - City Hall,333 N 2nd St,,Niles,MI,49120,,269-684-3901,E,,Public,24 hours daily,,,,,,2.0,,,Non-Networked,,GPS,41.831381,-86.257214,2023-08-10,302072,2026-06-30 20:19:05 UTC,LG,,,2023-08-03,,,,,J1772,US,,,,Public,,public,,,MUNI_GOV,,,,,,,Free,,,,,,,,,,False,,,,,,,,LD,False,
ELEC,GPM INVESTMENTS 5866 DC2,906 W Washington Ave,,Alpena,MI,49707,,888-758-4389,E,,Public,Mon: 12:00am-11:59pm; Tue: 12:00am-11:59pm; Wed: 12:00am-11:59pm; Thu: 12:00am-11:59pm; Fri: 12:00am-11:59pm; Sat: 12:00am-11:59pm; Sun: 12:00am-11:59pm,,,,,,,1.0,,ChargePoint Network,https://www.chargepoint.com,GPS,45.061514,-83.452307,2026-08-09,302352,2026-08-09 02:25:52 UTC,,,,2023-07-12,,,,,CHADEMO J1772COMBO,US,,,,Public,,public,,,,,,,,,,,,,,,,,,,,False,,,,,,,,,False,
ELEC,GPM INVESTMENTS 5866 DC1,906 W Washington Ave,,Alpena,MI,49707,,888-758-4389,E,,Public,Mon: 12:00am-11:59pm; Tue: 12:00am-11:59pm; Wed: 12:00am-11:59pm; Thu: 12:00am-11:59pm; Fri: 12:00am-11:59pm; Sat: 12:00am-11:59pm; Sun: 12:00am-11:59pm,,,,,,,1.0,,ChargePoint Network,https://www.chargepoint.com,GPS,45.061532,-83.452245,2026-08-09,302353,2026-08-09 02:25:52 UTC,,,,2023-07-12,,,,,CHADEMO J1772COMBO,US,,,,Public,,public,,,,,,,,,,,,,,,,,,,,False,,,,,,,,,False,
ELEC,"Village of Clarkston, 7 W Washington St",7 W Washington St,,City of the Village of Clarkston,MI,48346,,888-356-8911,E,,Public,24 hours daily,,,,,,2.0,,,FLO,https://www.flo.com,GPS,42.7361318,-83.4198778,2026-08-09,302364,2026-08-09 04:07:39 UTC,,,,2023-07-12,,,,,J1772,US,,,,Public,,public,,,,,,,,,,,,,,,,,,,,False,,,,,,,,,False,
ELEC,Team One Chevrolet,1616 Lansing Rd,,Charlotte,MI,48813,,517-543-0200,E,,Private,Service use only,,,,,,1.0,,,Non-Networked,,GPS,42.582201,-84.805532,2023-08-10,302368,2025-12-15 15:02:48 UTC,P,,,2023-07-12,,,,,J1772,US,,,,Privé,,private,,,CAR_DEALER,,,,,,,,,,,,,,,,,,,,,,,,,LD,False,
ELEC,"Battle Creek, MI - Tesla Supercharger",6405 B Dr N,,Battle Creek,MI,49014,,877-798-3752,E,,Public,24 hours daily. NACS partner enabled.,,,,,,,12.0,,Tesla,https://www.tesla.com/supercharger,GPS,42.262298,-85.174479,2026-06-18,302533,2026-06-18 14:46:21 UTC,P,,,2023-06-28,,,,,TESLA,US,,,,Public,,public,,,GROCERY,,,,,,,,,,,,,,,,,False,,,,,,,,,True,
ELEC,UVS BH-CS-000025-C2,901 Tower Dr,,Troy,MI,48098,,888-758-4389,E,,Public,24 hours daily,,,,,,1.0,,,ChargePoint Network,https://www.chargepoint.com,GPS,42.594389,-83.168373,2026-08-09,302626,2026-08-09 02:25:59 UTC,,,,2023-07-15,,,,,J1772,US,,,,Public,,public,,,,,,,,,,,,,,,,,,,,False,,,,,,,,,False,
ELEC,BP Newport MI,8733 Swan Creek Rd,,Newport,MI,48166,,313-262-6722,E,,Public,,,,,,,,4.0,,RED_E,https://www.redecharge.com,GPS,42.00143,-83.30848,2026-08-09,302666,2026-08-09 05:12:08 UTC,,,,2023-03-01,,,,,J1772COMBO,US,,,,Public,,public,,,PUBLIC,,,,,,,,,,,,,,,,,False,,,,,,,,,False,
ELEC,HAMPTON101 HAMP INN MANIST,101 S Lakeshore Dr,Left side of main entrance,Manistee,MI,49660,,888-758-4389,E,,Public,24 hours daily,,,,,,2.0,,,ChargePoint Network,https://www.chargepoint.com,GPS,44.245817,-86.342843,2026-08-09,302743,2026-08-09 02:26:02 UTC,,,,2023-07-18,,,,,J1772,US,,,,Public,,public,,,,,,,,,,,,,,,,,,,,False,,,,,,,,,False,
ELEC,"Stevensville, MI - Tesla Supercharger",5019 Red Arrow Hwy,,Stevensville,MI,49127,,877-798-3752,E,,Public,24 hours daily. NACS partner enabled.,A D Debit M V,,,,,,12.0,,Tesla,https://www.tesla.com/supercharger,GPS,42.027025,-86.51762,2026-06-18,302970,2026-06-18 14:46:21 UTC,P,,,2023-07-14,,,,,TESLA,US,,,,Public,,public,,,GROCERY,,,,,,,,,,,,,,,,,False,,,,,,,,LD,True,
ELEC,Crystal Fresh Market and Ace Hardware,1363 US-2,,Crystal Falls,MI,49920,,313-262-6722,E,,Public,,,,,,,,2.0,,RED_E,https://www.redecharge.com,GPS,46.09757131769,-88.3547621415,2026-08-09,302980,2026-08-09 05:12:54 UTC,,,,2023-07-20,,,,,J1772COMBO TESLA,US,,,,Public,,public,,,PUBLIC,,,,,,,,,,,,,,,,,False,,,,,,,,,False,
ELEC,DICK HUVAERE'S PARK,67567 Main St,,Richmond,MI,48062,,888-758-4389,E,,Public,24 hours daily,,,,,,2.0,,,ChargePoint Network,https://www.chargepoint.com,GPS,42.79849,-82.740988,2026-08-09,303091,2026-08-09 02:26:13 UTC,,,,2023-07-22,,,,,J1772,US,,,,Public,,public,,,,,,,,,,,,,,,,,,,,False,,,,,,,,,False,
ELEC,Great Lakes Energy - Boyne City Office,1323 Boyne Avenue,,Boyne City,MI,49712,,855-885-9571,E,,Public,24 hours daily,,,,,,2.0,,,OpConnect,https://opconnect-ev.com,GPS,45.20589,-84.98861,2026-08-09,303184,2026-08-09 03:44:02 UTC,,,,2023-07-25,,,,,J1772,US,,,,Public,,public,,,,,,,,,,,,,,,,,,,,False,,,,,,,,,False,
ELEC,Great Lakes Energy - Hart Service Center,2183 N. Water Rd.,,Hart,MI,49420,,855-885-9571,E,,Public,24 hours daily,,,,,,2.0,,,OpConnect,https://opconnect-ev.com,GPS,43.68405,-86.36503,2026-08-09,303185,2026-08-09 03:44:02 UTC,,,,2023-07-25,,,,,J1772,US,,,,Public,,public,,,,,,,,,,,,,,,,,,,,False,,,,,,,,,False,
ELEC,Great Lakes Energy - Scottville Service Center,525 W. U.S. 10,,Scottville,MI,49454,,855-885-9571,E,,Public,24 hours daily,,,,,,1.0,,,OpConnect,https://opconnect-ev.com,GPS,43.95485,-86.27622,2026-08-09,303186,2026-08-09 03:44:02 UTC,,,,2023-07-25,,,,,J1772,US,,,,Public,,public,,,,,,,,,,,,,,,,,,,,False,,,,,,,,,False,
ELEC,Great Lakes Energy - Reed City Service Center,4493 200th Avenue,,Reed City,MI,49677,,855-885-9571,E,,Public,24 hours daily,,,,,,2.0,,,OpConnect,https://opconnect-ev.com,GPS,43.87944,-85.48385,2026-08-09,303187,2026-08-09 03:44:03 UTC,,,,2023-07-25,,,,,J1772,US,,,,Public,,public,,,,,,,,,,,,,,,,,,,,False,,,,,,,,,False,
ELEC,Great Lakes Energy - Newaygo Service Center,1 Cooperative Center Dr.,,Newaygo,MI,49337,,855-885-9571,E,,Public,24 hours daily,,,,,,2.0,,,OpConnect,https://opconnect-ev.com,GPS,43.40644,-85.80437,2026-08-09,303188,2026-08-09 03:44:03 UTC,,,,2023-07-25,,,,,J1772,US,,,,Public,,public,,,,,,,,,,,,,,,,,,,,False,,,,,,,,,False,
ELEC,Great Lakes Energy - Wayland Service Center,1049 133rd Avenue,,Wayland,MI,49348,,855-885-9571,E,,Public,24 hours daily,,,,,,2.0,,,OpConnect,https://opconnect-ev.com,GPS,42.66357,-85.64854,2026-08-09,303189,2026-08-09 03:44:03 UTC,,,,2023-07-25,,,,,J1772,US,,,,Public,,public,,,,,,,,,,,,,,,,,,,,False,,,,,,,,,False,
ELEC,MG EV#1,1339 Weiss St,MG Building,Frankenmuth,MI,48734,,888-758-4389,E,,Public,24 hours daily,,,,,,2.0,,,ChargePoint Network,https://www.chargepoint.com,GPS,43.316947,-83.733749,2026-08-09,303533,2026-08-09 02:26:22 UTC,,,,2023-07-26,,,,,J1772,US,,,,Public,,public,,,,,,,,,,,,,,,,,,,,False,,,,,,,,,False,
ELEC,PARKING DECK STATION 5,1902 St Antoine,Level 1 Section C,Detroit,MI,48226,,888-758-4389,E,,Public,24 hours daily,,,,,,2.0,,,ChargePoint Network,https://www.chargepoint.com,GPS,42.340261,-83.043278,2026-08-09,303587,2026-08-09 02:25:18 UTC,,,,2023-07-27,,,,,J1772,US,,,,Public,,public,,,,,,,,,,,,,,,,,,,,False,,,,,,,,,False,
ELEC,L425 SERVICE LVL 3,1814 Maplelawn Rd,,Troy,MI,48084,,888-758-4389,E,,Public,24 hours daily,,,,,,,1.0,,ChargePoint Network,https://www.chargepoint.com,GPS,42.551892,-83.176347,2026-08-09,303593,2026-08-09 02:26:10 UTC,,,,2023-07-27,,,,,CHADEMO J1772COMBO,US,,,,Public,,public,,,,,,,,,,,,,,,,,,,,False,,,,,,,,,False,
ELEC,PARKING DECK STATION 4,1902 St Antoine,Level 1 Section C,Detroit,MI,48226,,888-758-4389,E,,Public,24 hours daily,,,,,,2.0,,,ChargePoint Network,https://www.chargepoint.com,GPS,42.340325,-83.043299,2026-08-09,303602,2026-08-09 02:26:23 UTC,,,,2023-07-27,,,,,J1772,US,,,,Public,,public,,,,,,,,,,,,,,,,,,,,False,,,,,,,,,False,
ELEC,L425 CUSTOMER LVL 3,1814 Maplelawn Rd,,Troy,MI,48084,,888-758-4389,E,,Public,24 hours daily,,,,,,,1.0,,ChargePoint Network,https://www.chargepoint.com,GPS,42.551914,-83.175655,2026-08-09,303819,2026-08-09 02:04:12 UTC,,,,2023-08-01,,,,,CHADEMO J1772COMBO,US,,,,Public,,public,,,,,,,,,,,,,,,,,,,,False,,,,,,,,,False,
ELEC,LCC-EV-STATION GBR LEVEL 1 #2,600 N Grand Ave,,Lansing,MI,48933,,888-758-4389,E,,Public,24 hours daily,,,,,,2.0,,,ChargePoint Network,https://www.chargepoint.com,GPS,42.739537,-84.551855,2026-08-09,303820,2026-08-09 02:14:15 UTC,,,,2023-08-01,,,,,J1772,US,,,,Public,,public,,,,,,,,,,,,,,,,,,,,False,,,,,,,,,False,
ELEC,LCC-EV-STATION GBR LEVEL 1 #1,600 N Grand Ave,Lansing community college,Lansing,MI,48933,,888-758-4389,E,,Public,24 hours daily,,,,,,2.0,,,ChargePoint Network,https://www.chargepoint.com,GPS,42.739281,-84.551673,2026-08-09,303821,2026-08-09 02:14:15 UTC,,,,2023-08-01,,,,,J1772,US,,,,Public,,public,,,,,,,,,,,,,,,,,,,,False,,,,,,,,,False,
ELEC,LCC-EV-STATION GBR LEVEL 2 #5,600 N Grand Ave,Lansing community college,Lansing,MI,48933,,888-758-4389,E,,Public,24 hours daily,,,,,,2.0,,,ChargePoint Network,https://www.chargepoint.com,GPS,42.739819,-84.551876,2026-08-09,303822,2026-08-09 02:14:15 UTC,,,,2023-08-01,,,,,J1772,US,,,,Public,,public,,,,,,,,,,,,,,,,,,,,False,,,,,,,,,False,
ELEC,LCC-EV-STATION GBR LEVEL 2 #2,600 N Grand Ave,Lansing community college,Lansing,MI,48933,,888-758-4389,E,,Public,24 hours daily,,,,,,2.0,,,ChargePoint Network,https://www.chargepoint.com,GPS,42.739521,-84.55195,2026-08-09,303823,2026-08-09 02:14:15 UTC,,,,2023-08-01,,,,,J1772,US,,,,Public,,public,,,,,,,,,,,,,,,,,,,,False,,,,,,,,,False,
ELEC,LCC-EV-STATION GBR LEVEL 2 #3,600 N Grand Ave,Lansing community college,Lansing,MI,48933,,888-758-4389,E,,Public,24 hours daily,,,,,,2.0,,,ChargePoint Network,https://www.chargepoint.com,GPS,42.739588,-84.551965,2026-08-09,303824,2026-08-09 02:14:16 UTC,,,,2023-08-01,,,,,J1772,US,,,,Public,,public,,,,,,,,,,,,,,,,,,,,False,,,,,,,,,False,
ELEC,LCC-EV-STATION GBR LEVEL 2 #1,600 N Grand Ave,Lansing community college,Lansing,MI,48933,,888-758-4389,E,,Public,24 hours daily,,,,,,2.0,,,ChargePoint Network,https://www.chargepoint.com,GPS,42.739654,-84.551908,2026-08-09,303825,2026-08-09 02:14:16 UTC,,,,2023-08-01,,,,,J1772,US,,,,Public,,public,,,,,,,,,,,,,,,,,,,,False,,,,,,,,,False,
ELEC,LCC-EV-STATION GBR LEVEL 2 #4,600 N Grand Ave,Lansing community college,Lansing,MI,48933,,888-758-4389,E,,Public,24 hours daily,,,,,,2.0,,,ChargePoint Network,https://www.chargepoint.com,GPS,42.739621,-84.551957,2026-08-09,303826,2026-08-09 02:14:16 UTC,,,,2023-08-01,,,,,J1772,US,,,,Public,,public,,,,,,,,,,,,,,,,,,,,False,,,,,,,,,False,
ELEC,LCC-EV-STATION GBR LEVEL 2 #6,600 N Grand Ave,Lansing community college,Lansing,MI,48933,,888-758-4389,E,,Public,24 hours daily,,,,,,2.0,,,ChargePoint Network,https://www.chargepoint.com,GPS,42.739631,-84.551939,2026-08-09,303827,2026-08-09 02:14:16 UTC,,,,2023-08-01,,,,,J1772,US,,,,Public,,public,,,,,,,,,,,,,,,,,,,,False,,,,,,,,,False,
ELEC,LCC-EV-STATION GBR LEVEL 1 #3,600 N Grand Ave,Lansing community college,Lansing,MI,48933,,888-758-4389,E,,Public,24 hours daily,,,,,,2.0,,,ChargePoint Network,https://www.chargepoint.com,GPS,42.739569,-84.551857,2026-08-09,303848,2026-08-09 02:26:23 UTC,,,,2023-08-01,,,,,J1772,US,,,,Public,,public,,,,,,,,,,,,,,,,,,,,False,,,,,,,,,False,
ELEC,LCC-EV-STATION LOT 12 #2,610 N Capitol Ave,Lansing Community College,Lansing,MI,48933,,888-758-4389,E,,Public,24 hours daily,,,,,,2.0,,,ChargePoint Network,https://www.chargepoint.com,GPS,42.740458,-84.553354,2026-08-09,303852,2026-08-09 02:26:33 UTC,,,,2023-08-01,,,,,J1772,US,,,,Public,,public,,,,,,,,,,,,,,,,,,,,False,,,,,,,,,False,
ELEC,LCC-EV-STATION LOT 6 #1,210 W Saginaw St,Lansing Community College Parking lot,Lansing,MI,48933,,888-758-4389,E,,Public,24 hours daily,,,,,,2.0,,,ChargePoint Network,https://www.chargepoint.com,GPS,42.741311,-84.554604,2026-08-09,303870,2026-08-09 02:26:36 UTC,,,,2023-08-01,,,,,J1772,US,,,,Public,,public,,,,,,,,,,,,,,,,,,,,False,,,,,,,,,False,
ELEC,LCC-EV-STATION LOT 6 #2,711 N Capitol Ave,Lansing Community College Parking lot,Lansing,MI,48906,,888-758-4389,E,,Public,24 hours daily,,,,,,2.0,,,ChargePoint Network,https://www.chargepoint.com,GPS,42.741307,-84.554503,2026-08-09,303871,2026-08-09 02:26:36 UTC,,,,2023-08-01,,,,,J1772,US,,,,Public,,public,,,,,,,,,,,,,,,,,,,,False,,,,,,,,,False,
ELEC,LCC-EV-STATION LOT 23 #1,317 Seymour Ave,,Lansing,MI,48933,,888-758-4389,E,,Public,24 hours daily,,,,,,2.0,,,ChargePoint Network,https://www.chargepoint.com,GPS,42.736709,-84.555252,2026-08-09,303873,2026-08-09 02:26:36 UTC,,,,2023-08-01,,,,,J1772,US,,,,Public,,public,,,,,,,,,,,,,,,,,,,,False,,,,,,,,,False,
ELEC,LCC-EV-STATION LOT 23 #2,369 N Capitol Ave,,Lansing,MI,48933,,888-758-4389,E,,Public,24 hours daily,,,,,,2.0,,,ChargePoint Network,https://www.chargepoint.com,GPS,42.736889,-84.554659,2026-08-09,303874,2026-08-09 02:26:36 UTC,,,,2023-08-01,,,,,J1772,US,,,,Public,,public,,,,,,,,,,,,,,,,,,,,False,,,,,,,,,False,
ELEC,LCC-EV-STATION LOT 23 # 3,317 Seymour Ave,Lansing Community College Parking lot,Lansing,MI,48933,,888-758-4389,E,,Public,24 hours daily,,,,,,2.0,,,ChargePoint Network,https://www.chargepoint.com,GPS,42.736808,-84.555257,2026-08-09,303875,2026-08-09 02:26:36 UTC,,,,2023-08-01,,,,,J1772,US,,,,Public,,public,,,,,,,,,,,,,,,,,,,,False,,,,,,,,,False,
ELEC,FELDMAN HYUNDAI FRONT,30492 Lyon Center Dr,,Lyon Charter Township,MI,48165,,888-758-4389,E,,Public,24 hours daily,,,,,,,1.0,,ChargePoint Network,https://www.chargepoint.com,GPS,42.515845,-83.609387,2026-08-09,306341,2026-08-09 02:24:04 UTC,,,,2023-08-04,,,,,CHADEMO J1772COMBO,US,,,,Public,,public,,,,,,,,,,,,,,,,,,,,False,,,,,,,,,False,
ELEC,DICK HUVAERE'S CHARGER #3,67567 Main St,,Richmond,MI,48062,,888-758-4389,E,,Public,24 hours daily,,,,,,2.0,,,ChargePoint Network,https://www.chargepoint.com,GPS,42.799204,-82.742235,2026-08-09,306342,2026-08-09 02:24:33 UTC,,,,2023-08-04,,,,,J1772,US,,,,Public,,public,,,,,,,,,,,,,,,,,,,,False,,,,,,,,,False,
ELEC,UVS BH-CS-000037-C2,709 Tower Dr,,Troy,MI,48098,,888-758-4389,E,,Public,24 hours daily,,,,,,1.0,,,ChargePoint Network,https://www.chargepoint.com,GPS,42.594026,-83.165755,2026-08-09,306450,2026-08-09 02:26:49 UTC,,,,2023-08-05,,,,,J1772,US,,,,Public,,public,,,,,,,,,,,,,,,,,,,,False,,,,,,,,,False,
ELEC,NCP BACK LOT NORTH COAST PL,5057 US Hwy 41,Back of building.,Marquette,MI,49855,,888-758-4389,E,,Public,24 hours daily,,,,,,2.0,,,ChargePoint Network,https://www.chargepoint.com,GPS,46.490543,-87.352674,2026-08-09,306521,2026-08-09 02:26:47 UTC,,,,2023-08-08,,,,,J1772,US,,,,Public,,public,,,,,,,,,,,,,,,,,,,,False,,,,,,,,,False,
ELEC,MSU CATA #2,1240 S Harrison Rd,Southeast corner parking lot off Harrison Rd,East Lansing,MI,48823,,888-758-4389,E,,Public,24 hours daily,,,,,,,1.0,,ChargePoint Network,https://www.chargepoint.com,GPS,42.71851,-84.494239,2026-08-09,306680,2026-08-09 02:26:57 UTC,,,,2023-08-10,,,,,CHADEMO J1772COMBO,US,,,,Public,,public,,,,,,,,,,,,,,,,,,,,False,,,,,,,,,False,
ELEC,MSU CATA #1,1240 S Harrison Rd,Southeast corner parking lot off Harrison Rd,East Lansing,MI,48823,,888-758-4389,E,,Public,24 hours daily,,,,,,,1.0,,ChargePoint Network,https://www.chargepoint.com,GPS,42.71851,-84.494305,2026-08-09,306681,2026-08-09 02:26:57 UTC,,,,2023-08-10,,,,,CHADEMO J1772COMBO,US,,,,Public,,public,,,,,,,,,,,,,,,,,,,,False,,,,,,,,,False,
ELEC,Vic Canever Chevrolet Inc,3000 Owen Rd,,Fenton,MI,48430,,866-816-7584,E,,Public,24 hours daily,,,,,,2.0,2.0,,EV Connect,https://www.evconnect.com,GPS,42.790609,-83.730218,2026-08-09,306914,2026-08-09 03:49:41 UTC,,,,2023-08-12,,,,,J1772 J1772COMBO,US,,,,Public,,public,,,,,,,,,,,,,,,,,,,,False,,,,,,,,,False,
ELEC,LCC-EV-STATION LOT 12 #1,610 N Capitol Ave,Lansing Community College,Lansing,MI,48933,,888-758-4389,E,,Public,24 hours daily,,,,,,2.0,,,ChargePoint Network,https://www.chargepoint.com,GPS,42.740456,-84.553261,2026-08-09,307008,2026-08-09 02:26:33 UTC,,,,2023-08-15,,,,,J1772,US,,,,Public,,public,,,,,,,,,,,,,,,,,,,,False,,,,,,,,,False,
ELEC,WALLED LAKE PLEASANT LAKE,4900 Halsted Rd,Front Parking Lot,West Bloomfield Township,MI,48323,,888-758-4389,E,,Public,24 hours daily,,,,,,2.0,,,ChargePoint Network,https://www.chargepoint.com,GPS,42.56459,-83.412548,2026-08-09,307010,2026-08-09 02:26:54 UTC,,,,2023-08-15,,,,,J1772,US,,,,Public,,public,,,,,,,,,,,,,,,,,,,,False,,,,,,,,,False,
ELEC,WALLED LAKE MEADOWBROOK,29200 Meadowbrook Rd,Front Parking Lot,Novi,MI,48377,,888-758-4389,E,,Public,24 hours daily,,,,,,2.0,,,ChargePoint Network,https://www.chargepoint.com,GPS,42.50803,-83.456479,2026-08-09,307015,2026-08-09 02:26:59 UTC,,,,2023-08-15,,,,,J1772,US,,,,Public,,public,,,,,,,,,,,,,,,,,,,,False,,,,,,,,,False,
ELEC,WALLED LAKE HICKORY WOODS,30655 Novi Rd,Front Parking Lot,Novi,MI,48377,,888-758-4389,E,,Public,24 hours daily,,,,,,2.0,,,ChargePoint Network,https://www.chargepoint.com,GPS,42.520419,-83.468243,2026-08-09,307016,2026-08-09 02:27:00 UTC,,,,2023-08-15,,,,,J1772,US,,,,Public,,public,,,,,,,,,,,,,,,,,,,,False,,,,,,,,,False,
ELEC,The Auburn Mile Shopping Center - Meijer,850 Brown Rd,,Auburn Hills,MI,48326,,855-567-5853,E,,Public,24 hours daily,ANDROID_PAY APPLE_PAY CREDIT Debit M V,,,,,,2.0,,JULE,https://www.julepower.com,GPS,42.707012,-83.288994,2025-08-12,307406,2026-05-12 19:17:38 UTC,P,,,2019-01-01,,,,,CHADEMO J1772COMBO,US,,,,Public,,public,,,GAS_STATION,,,,,,,$1.00 fee; $0.25 per min,,,,,,,,,,False,,,,,,,,LD,False,
ELEC,TROY WESTINGTON STATION 1,3971 Westcreek Dr,South side of building,Troy,MI,48084,,888-758-4389,E,,Public,24 hours daily,,,,,,1.0,,,ChargePoint Network,https://www.chargepoint.com,GPS,42.575725,-83.166834,2026-08-09,307453,2026-08-09 02:27:24 UTC,,,,2023-08-18,,,,,J1772,US,,,,Public,,public,,,,,,,,,,,,,,,,,,,,False,,,,,,,,,False,
ELEC,Baker Commons-Forth-Public,106 Packard St,,Ann Arbor,MI,48509,,855-885-9571,E,,Public,24 hours daily,,,,,,1.0,,,OpConnect,https://opconnect-ev.com,GPS,42.27626,-83.74849,2026-08-09,307458,2026-08-09 03:44:05 UTC,,,,2023-08-18,,,,,J1772,US,,,,Public,,public,,,,,,,,,,,,,,,,,,,,False,,,,,,,,,False,
ELEC,LVB CHARGER 1,4723 Grand River Ave,Parking Lot,Detroit,MI,48208,,888-758-4389,E,,Public,24 hours daily,,,,,,2.0,,,ChargePoint Network,https://www.chargepoint.com,GPS,42.347241,-83.08648,2026-08-09,307565,2026-08-09 02:22:03 UTC,,,,2023-08-22,,,,,J1772,US,,,,Public,,public,,,,,,,,,,,,,,,,,,,,False,,,,,,,,,False,
ELEC,River St Boyne City MI,220 River Street,,Boyne City,MI,49712,,313-262-6722,E,,Public,,,,,,,2.0,,,RED_E,https://www.redecharge.com,GPS,45.214773360938,-85.0119022935,2026-08-09,307848,2026-08-09 05:12:10 UTC,,,,2023-08-24,,,,,J1772,US,,,,Public,,public,,,PUBLIC,,,,,,,,,,,,,,,,,False,,,,,,,,,False,
ELEC,Lasco Ford Fenton MI,2525 Owen Rd,,Fenton,MI,48430,,313-262-6722,E,,Public,,,,,,,,2.0,,RED_E,https://www.redecharge.com,GPS,42.789692223563,-83.725194493004,2026-08-09,307849,2026-08-09 05:12:15 UTC,,,,2023-08-24,,,,,J1772COMBO,US,,,,Public,,public,,,PUBLIC,,,,,,,,,,,,,,,,,False,,,,,,,,,False,
ELEC,DICK HUVAERE'S LEVEL3,67567 Main St,,Richmond,MI,48062,,888-758-4389,E,,Public,24 hours daily,,,,,,,1.0,,ChargePoint Network,https://www.chargepoint.com,GPS,42.798526,-82.740973,2026-08-09,308038,2026-08-09 02:26:48 UTC,,,,2023-08-29,,,,,CHADEMO J1772COMBO,US,,,,Public,,public,,,,,,,,,,,,,,,,,,,,False,,,,,,,,,False,
ELEC,750 TOWER STATION 3805,750 Tower Dr,"North entrance to building, charger on left",Troy,MI,48098,,888-758-4389,E,,Public,24 hours daily,,,,,,2.0,,,ChargePoint Network,https://www.chargepoint.com,GPS,42.594285,-83.162792,2026-08-09,308082,2026-08-09 02:14:38 UTC,,,,2023-08-30,,,,,J1772,US,,,,Public,,public,,,,,,,,,,,,,,,,,,,,False,,,,,,,,,False,
ELEC,FA ANN ARBOR FOX ACURA #2,540 Auto Mall Dr,,Ann Arbor,MI,48103,,888-758-4389,E,,Public,24 hours daily,,,,,,2.0,,,ChargePoint Network,https://www.chargepoint.com,GPS,42.287388,-83.810691,2026-08-09,308225,2026-08-09 02:27:53 UTC,,,,2023-08-31,,,,,J1772,US,,,,Public,,public,,,,,,,,,,,,,,,,,,,,False,,,,,,,,,False,
ELEC,FA ANN ARBOR FOX ACURA #1,540 Auto Mall Dr,,Ann Arbor,MI,48103,,888-758-4389,E,,Public,24 hours daily,,,,,,2.0,,,ChargePoint Network,https://www.chargepoint.com,GPS,42.287384,-83.81063,2026-08-09,308226,2026-08-09 02:27:53 UTC,,,,2023-08-31,,,,,J1772,US,,,,Public,,public,,,,,,,,,,,,,,,,,,,,False,,,,,,,,,False,
ELEC,WALLED LAKE GEISLER 1,46720 W Pontiac Trail,South Parking Lot Loop,Commerce Charter Township,MI,48390,,888-758-4389,E,,Public,24 hours daily,,,,,,2.0,,,ChargePoint Network,https://www.chargepoint.com,GPS,42.52627,-83.508138,2026-08-09,308244,2026-08-09 02:28:09 UTC,,,,2023-08-31,,,,,J1772,US,,,,Public,,public,,,,,,,,,,,,,,,,,,,,False,,,,,,,,,False,
ELEC,MDWBRK MED BLDG UNIT 2,25500 Meadowbrook Rd,Back of lot,Novi,MI,48375,,888-758-4389,E,,Public,24 hours daily,,,,,,2.0,,,ChargePoint Network,https://www.chargepoint.com,GPS,42.480478,-83.453756,2026-08-09,308586,2026-08-09 02:26:56 UTC,,,,2023-09-06,,,,,J1772,US,,,,Public,,public,,,,,,,,,,,,,,,,,,,,False,,,,,,,,,False,
ELEC,MDWBRK MED BLDG UNIT 1,25500 Meadowbrook Rd,Back of lot,Novi,MI,48375,,888-758-4389,E,,Public,24 hours daily,,,,,,2.0,,,ChargePoint Network,https://www.chargepoint.com,GPS,42.480429,-83.453742,2026-08-09,308587,2026-08-09 02:26:56 UTC,,,,2023-09-06,,,,,J1772,US,,,,Public,,public,,,,,,,,,,,,,,,,,,,,False,,,,,,,,,False,
ELEC,Systematic MFG,32401 Industrial Drive,,Madison Heights,MI,48071,,888-998-2546,E,,Public,24 hours daily,,,,,,4.0,,,Blink Network,https://blinkcharging.com,GPS,42.52897402641627,-83.0911199181359,2026-08-10,309222,2026-08-10 00:10:41 UTC,,,,2023-08-14,,,,,J1772,US,,,,Public,,public,,,,,,,,,,,,,,,,,,,,False,,,,,,,,,False,
ELEC,Beaumont Service Center,26901 Beaumont Boulevard,,Southfield,MI,48033,,888-998-2546,E,,Public,24 hours daily,,,,,,10.0,,,Blink Network,https://blinkcharging.com,GPS,42.48328399879399,-83.27279711856478,2026-08-10,309745,2026-08-10 00:18:34 UTC,,,,2023-08-14,,,,,J1772,US,,,,Public,,public,,,,,,,,,,,,,,,,,,,,False,,,,,,,,,False,
ELEC,Victory Honda of Plymouth,315 Ann Arbor Road,,Plymouth,MI,48170,,888-998-2546,E,,Public,24 hours daily,,,,,,1.0,,,Blink Network,https://blinkcharging.com,GPS,42.35838607945651,-83.46398374941619,2026-08-09,310327,2026-08-09 01:03:52 UTC,,,,2023-05-03,,,,,J1772,US,,,,Public,,public,,,,,,,,,,,,,,,,,,,,False,,,,,,,,,False,
ELEC,Chelsea Retirement Community,805 W. Middle Street,,Chelsea,MI,48118,,888-998-2546,E,,Public,24 hours daily,,,,,,2.0,,,Blink Network,https://blinkcharging.com,GPS,42.31469206599,-84.036009184131,2026-08-09,310400,2026-08-09 01:02:47 UTC,,,,2021-11-16,,,,,J1772,US,,,,Public,,public,,,,,,,,,,,,,,,,,,,,False,,,,,,,,,False,
ELEC,Huron Beach Civic Association,16212 N US-23,US-23 N. and Town Hall Hwy (Co. Rd. 646),Ocqueoc,MI,49759,,800-423-6634,E,,Public,24 hours daily,,,,,,2.0,,,Non-Networked,,GPS,45.493067,-84.092875,2023-10-12,310534,2025-12-03 17:04:52 UTC,T,,,2023-07-29,,,,,J1772,US,,,,Public,,public,,,OTHER,,,,,,,Free,,,,,,,,,,False,,,,,,,,LD,False,
ELEC,Presque Isle District Library (Posen),11919 M-65,M-65 and Elm Hwy,Posen,MI,49776,,800-423-6634,E,,Public,24 hours daily,,,,,,2.0,,,Non-Networked,,GPS,45.249165,-83.698092,2023-10-12,310535,2025-12-03 17:04:52 UTC,T,,,2023-07-29,,,,,J1772,US,,,,Public,,public,,,LIBRARY,,,,,,,Free,,,,,,,,,,False,,,,,,,,LD,False,
ELEC,40 Mile Point Lighthouse,7323 N US-23,County Park Rd and US-23,Rogers City,MI,49779,,800-423-6634,E,,Public,24 hours daily,,,,,,2.0,,,Non-Networked,,GPS,45.484603,-83.914185,2023-10-12,310536,2025-12-03 17:04:52 UTC,T,,,2023-08-01,,,,,J1772,US,,,,Public,,public,,,PARK,,,,,,,Free,,,,,,,,,,False,,,,,,,,LD,False,
ELEC,Millersburg Trailhead,12382 Luce St,Luce St and Main St,Millersburg,MI,49759,,800-423-6634,E,,Public,24 hours daily,,,,,,2.0,,,Non-Networked,,GPS,45.334999,-84.059356,2023-10-12,310537,2025-12-03 17:04:52 UTC,T,,,2023-08-19,,,,,J1772,US,,,,Public,,public,,,PARK,,,,,,,Free,,,,,,,,,,False,,,,,,,,LD,False,
ELEC,Presque Isle Electric & Gas Co-op Headquarters,3149 Main St,Main St (M-211) and Industrial Park Dr,Onaway,MI,49765,,800-423-6634,E,,Public,24 hours daily,,,,,,4.0,,,Non-Networked,,GPS,45.365514,-84.225494,2023-10-12,310538,2025-12-03 17:04:52 UTC,T,,,2021-12-06,,,,,J1772,US,,,,Public,,public,,,UTILITY,,,,,,,Free,,,,,,,,,,False,,,,,,,,LD,True,
ELEC,Presque Isle District Library (Grand Lake),18132 Lake Esau Hwy,Lake Esau Hwy and E. Grand Lake Rd,Presque Isle,MI,49777,,800-423-6634,E,,Public,24 hours daily,,,,,,2.0,,,Non-Networked,,GPS,45.30482,-83.475684,2023-10-12,310539,2025-12-03 17:04:52 UTC,T,,,2023-09-09,,,,,J1772,US,,,,Public,,public,,,UTILITY,,,,,,,Free,,,,,,,,,,False,,,,,,,,LD,False,
ELEC,Martinrea International US Inc,2100 North Opdyke Road,,Auburn Hills,MI,48326,,888-998-2546,E,,Public,24 hours daily,,,,,,4.0,,,Blink Network,https://blinkcharging.com,GPS,42.67300258839045,-83.24551461627746,2026-08-10,310686,2026-08-10 00:44:01 UTC,,,,2023-09-14,,,,,J1772,US,,,,Public,,public,,,,,,,,,,,,,,,,,,,,False,,,,,,,,,False,
ELEC,UVS BH-CS-000060-C1,901 Tower Dr,,Troy,MI,48098,,888-758-4389,E,,Public,24 hours daily,,,,,,1.0,,,ChargePoint Network,https://www.chargepoint.com,GPS,42.594713,-83.168395,2026-08-09,310832,2026-08-09 02:28:54 UTC,,,,2023-09-16,,,,,J1772,US,,,,Public,,public,,,,,,,,,,,,,,,,,,,,False,,,,,,,,,False,
ELEC,UVS BH-CS-000061-C2,5296 Crooks Rd,,Troy,MI,48098,,888-758-4389,E,,Public,24 hours daily,,,,,,1.0,,,ChargePoint Network,https://www.chargepoint.com,GPS,42.595068,-83.168405,2026-08-09,310834,2026-08-09 02:28:55 UTC,,,,2023-09-16,,,,,J1772,US,,,,Public,,public,,,,,,,,,,,,,,,,,,,,False,,,,,,,,,False,
ELEC,N11375 Powderhorn Road,N 11375 Powderhorn Road,,Bessemer,MI,49911,,888-356-8911,E,,Public,24 hours daily,,,,,,2.0,,,FLO,https://www.flo.com,GPS,46.509001,-90.096366,2026-08-09,310993,2026-08-09 04:07:44 UTC,,,,2023-09-19,,,,,J1772,US,,,,Public,,public,,,,,,,,,,,,,,,,,,,,False,,,,,,,,,False,
ELEC,TROY WESTINGTON STATION 2,3971 Westcreek Dr,,Troy,MI,48084,,888-758-4389,E,,Public,24 hours daily,,,,,,1.0,,,ChargePoint Network,https://www.chargepoint.com,GPS,42.575854,-83.166842,2026-08-09,311178,2026-08-09 02:27:28 UTC,,,,2023-09-21,,,,,J1772,US,,,,Public,,public,,,,,,,,,,,,,,,,,,,,False,,,,,,,,,False,
ELEC,INTE INDUCTION STATION 1,3578 S Van Dyke Rd,,Almont,MI,48003,,888-758-4389,E,,Public,24 hours daily,,,,,,2.0,,,ChargePoint Network,https://www.chargepoint.com,GPS,42.960736,-83.057695,2026-08-09,311283,2026-08-09 02:12:08 UTC,,,,2023-09-22,,,,,J1772,US,,,,Public,,public,,,,,,,,,,,,,,,,,,,,False,,,,,,,,,False,
ELEC,INTE INDUCTION STATION 2,3578 S Van Dyke Rd,,Almont,MI,48003,,888-758-4389,E,,Public,24 hours daily,,,,,,2.0,,,ChargePoint Network,https://www.chargepoint.com,GPS,42.960803,-83.057695,2026-08-09,311284,2026-08-09 02:12:08 UTC,,,,2023-09-22,,,,,J1772,US,,,,Public,,public,,,,,,,,,,,,,,,,,,,,False,,,,,,,,,False,
ELEC,John H. Tapper,429 SOUTH KALAMAZOO STREET,,PAW PAW,MI,49079,,866-816-7584,E,,Public,24 hours daily,,,,,,,1.0,,EV Connect,https://www.evconnect.com,GPS,42.21358,-85.890114,2026-08-09,311342,2026-08-09 03:48:52 UTC,,,,2023-09-22,,,,,J1772COMBO,US,,,,Public,,public,,,,,,,,,,,,,,,,,,,,False,,,,,,,,,False,
ELEC,FARMBUREAU 4A21,7373 W Saginaw Hwy,Northwest,Lansing,MI,48917,,888-758-4389,E,,Public,24 hours daily,,,,,,2.0,,,ChargePoint Network,https://www.chargepoint.com,GPS,42.740243,-84.658088,2026-08-09,311882,2026-08-09 02:26:05 UTC,,,,2023-09-29,,,,,J1772,US,,,,Public,,public,,,,,,,,,,,,,,,,,,,,False,,,,,,,,,False,
ELEC,FARMBUREAU 955C,7373 W Saginaw Hwy,Northwest,Lansing,MI,48917,,888-758-4389,E,,Public,24 hours daily,,,,,,2.0,,,ChargePoint Network,https://www.chargepoint.com,GPS,42.740259,-84.658013,2026-08-09,311883,2026-08-09 02:26:06 UTC,,,,2023-09-29,,,,,J1772,US,,,,Public,,public,,,,,,,,,,,,,,,,,,,,False,,,,,,,,,False,
ELEC,FARMBUREAU 49AC,7373 W Saginaw Hwy,Northwest,Lansing,MI,48917,,888-758-4389,E,,Public,24 hours daily,,,,,,2.0,,,ChargePoint Network,https://www.chargepoint.com,GPS,42.740251,-84.658131,2026-08-09,311884,2026-08-09 02:26:06 UTC,,,,2023-09-29,,,,,J1772,US,,,,Public,,public,,,,,,,,,,,,,,,,,,,,False,,,,,,,,,False,
ELEC,FARMBUREAU 4971,7373 W Saginaw Hwy,Northwest,Lansing,MI,48917,,888-758-4389,E,,Public,24 hours daily,,,,,,2.0,,,ChargePoint Network,https://www.chargepoint.com,GPS,42.740259,-84.658163,2026-08-09,311885,2026-08-09 02:26:06 UTC,,,,2023-09-29,,,,,J1772,US,,,,Public,,public,,,,,,,,,,,,,,,,,,,,False,,,,,,,,,False,
ELEC,Welcome Center Lot Rockford MI,30 Squires Street Square NE,,Rockford,MI,49341,,313-262-6722,E,,Public,,,,,,,2.0,,,RED_E,https://www.redecharge.com,GPS,43.12050631442,-85.560716410886,2026-08-09,312001,2026-08-09 05:12:09 UTC,,,,2023-09-28,,,,,J1772,US,,,,Public,,public,,,PUBLIC,,,,,,,,,,,,,,,,,False,,,,,,,,,False,
ELEC,East Grand Rapids Department of Public Safety,744 Lakeside Dr NE,,East Grand Rapids,MI,49506,,313-262-6722,E,,Public,,,,,,,2.0,,,RED_E,https://www.redecharge.com,GPS,42.9477196236,-85.610254045,2026-08-09,312002,2026-08-09 05:12:09 UTC,,,,2023-05-25,,,,,J1772,US,,,,Public,,public,,,PUBLIC,,,,,,,,,,,,,,,,,False,,,,,,,,,False,
ELEC,DeNooyer Ford Vicksburg MI,13485 Portage Rd,,Vicksburg,MI,49097,,313-262-6722,E,,Public,,,,,,,4.0,4.0,,RED_E,https://www.redecharge.com,GPS,42.120697245055,-85.5683633348,2026-08-09,312003,2026-08-09 05:12:15 UTC,,,,2023-07-28,,,,,J1772 J1772COMBO,US,,,,Public,,public,,,PUBLIC,,,,,,,,,,,,,,,,,False,,,,,,,,,False,
ELEC,MICHIGANSENATE STATION 1,221 Townsend St,Parking ramp,Lansing,MI,48933,,888-758-4389,E,,Public,24 hours daily,,,,,,2.0,,,ChargePoint Network,https://www.chargepoint.com,GPS,42.731907,-84.555131,2026-08-09,312875,2026-08-09 02:28:54 UTC,,,,2023-10-12,,,,,J1772,US,,,,Public,,public,,,,,,,,,,,,,,,,,,,,False,,,,,,,,,False,
ELEC,MICHIGANSENATE STATION 3,221 Townsend St,Parking ramp,Lansing,MI,48933,,888-758-4389,E,,Public,24 hours daily,,,,,,2.0,,,ChargePoint Network,https://www.chargepoint.com,GPS,42.731889,-84.555045,2026-08-09,312876,2026-08-09 02:28:54 UTC,,,,2023-10-12,,,,,J1772,US,,,,Public,,public,,,,,,,,,,,,,,,,,,,,False,,,,,,,,,False,
ELEC,Jim Stykemain Chevrolet Buick GMC,810 W Chicago Rd,,Sturgis,MI,49091,,866-816-7584,E,,Public,24 hours daily,,,,,,,1.0,,EV Connect,https://www.evconnect.com,GPS,41.797091,-85.429568,2026-08-09,312980,2026-08-09 03:48:59 UTC,,,,2023-10-12,,,,,J1772COMBO,US,,,,Public,,public,,,,,,,,,,,,,,,,,,,,False,,,,,,,,,False,
ELEC,Pilot Travel Center 26,6158 US-223,,Ottawa Lake,MI,49267,,877-455-3833,E,,Public,24 hours daily,,,,,,,4.0,,eVgo Network,https://www.evgo.com,GPS,41.7981256,-83.6936652,2026-08-09,313002,2026-08-09 00:01:29 UTC,,,,2023-10-12,,,,,J1772COMBO,US,,,,Public,,public,,,,,,,,,,,,,,,,,,,,False,,,,,,,,,False,
ELEC,GOCC STATION A,62249 Shimmel Rd,Front left of dorms,Centreville,MI,49032,,888-758-4389,E,,Public,24 hours daily,,,,,,2.0,,,ChargePoint Network,https://www.chargepoint.com,GPS,41.893395,-85.499797,2026-08-09,314031,2026-08-09 02:27:18 UTC,,,,2023-10-18,,,,,J1772,US,,,,Public,,public,,,,,,,,,,,,,,,,,,,,False,,,,,,,,,False,
ELEC,GOCC STATION A -1,62249 Shimmel Rd,Front left of building,Centreville,MI,49032,,888-758-4389,E,,Public,24 hours daily,,,,,,2.0,,,ChargePoint Network,https://www.chargepoint.com,GPS,41.893315,-85.499771,2026-08-09,314032,2026-08-09 02:27:19 UTC,,,,2023-10-18,,,,,J1772,US,,,,Public,,public,,,,,,,,,,,,,,,,,,,,False,,,,,,,,,False,
ELEC,Fifth Third Three Oaks,6801 US 12,,Three Oaks,MI,40708,,313-262-6722,E,,Public,,,,,,,1.0,,,RED_E,https://www.redecharge.com,GPS,41.799327941,-86.617441862,2026-08-09,314470,2026-08-09 05:12:13 UTC,,,,2023-05-16,,,,,J1772,US,,,,Public,,public,,,PUBLIC,,,,,,,,,,,,,,,,,False,,,,,,,,,False,
ELEC,Stevensville Amoco,4609 Red Arrow Hwy,,Stevensville,MI,49127,,313-262-6722,E,,Public,,,,,,,,4.0,,RED_E,https://www.redecharge.com,GPS,42.034006645472,-86.51394886,2026-08-09,314471,2026-08-09 05:12:15 UTC,,,,2023-08-25,,,,,J1772COMBO,US,,,,Public,,public,,,PUBLIC,,,,,,,,,,,,,,,,,False,,,,,,,,,False,
ELEC,CampIt Resort,6635 118th Ave,,Fennville,MI,49408,,313-262-6722,E,,Public,,,,,,,2.0,,,RED_E,https://www.redecharge.com,GPS,42.54964917,-86.19197184,2026-08-09,314472,2026-08-09 05:12:13 UTC,,,,2023-10-19,,,,,J1772,US,,,,Public,,public,,,PUBLIC,,,,,,,,,,,,,,,,,False,,,,,,,,,False,
ELEC,TrueSource EV Saugatuck,3315 Blue Star Highway,,Saugatuck,MI,49453,,313-262-6722,E,,Public,,,,,,,2.0,2.0,,RED_E,https://www.redecharge.com,GPS,42.659361504724,-86.190154621584,2026-08-09,314473,2026-08-09 05:12:13 UTC,,,,2023-10-19,,,,,J1772 J1772COMBO TESLA,US,,,,Public,,public,,,PUBLIC,,,,,,,,,,,,,,,,,False,,,,,,,,,False,
ELEC,Baymont Inn Muskegon,4677 Harvey St,,Muskegon,MI,49444,,313-262-6722,E,,Public,,,,,,,2.0,,,RED_E,https://www.redecharge.com,GPS,43.167637935,-86.2073741555,2026-08-09,314474,2026-08-09 05:12:08 UTC,,,,2023-10-19,,,,,J1772,US,,,,Public,,public,,,PUBLIC,,,,,,,,,,,,,,,,,False,,,,,,,,,False,
ELEC,Spring St East Jordan MI,101 Spring St,,East Jordan,MI,49727,,313-262-6722,E,,Public,,,,,,,2.0,5.0,,RED_E,https://www.redecharge.com,GPS,45.154527734,-85.1286861,2026-08-09,314476,2026-08-09 05:12:08 UTC,,,,2023-10-19,,,,,CHADEMO J1772,US,,,,Public,,public,,,PUBLIC,,,,,,,,,,,,,,,,,False,,,,,,,,,False,
ELEC,Oscoda Ace Hardware,5112 US 23,,Oscoda,MI,48750,,313-262-6722,E,,Public,,,,,,,,2.0,,RED_E,https://www.redecharge.com,GPS,44.427191754347,-83.32983787883,2026-08-09,314477,2026-08-09 05:12:18 UTC,,,,2023-10-05,,,,,J1772COMBO,US,,,,Public,,public,,,PUBLIC,,,,,,,,,,,,,,,,,False,,,,,,,,,False,
ELEC,Bay Inn Tawas MI,1020 W Lake St,,Tawas City,MI,48763,,313-262-6722,E,,Public,,,,,,,2.0,4.0,,RED_E,https://www.redecharge.com,GPS,44.2573337635,-83.5310289,2026-08-09,314479,2026-08-09 05:12:06 UTC,,,,2023-10-19,,,,,CHADEMO J1772 J1772COMBO,US,,,,Public,,public,,,PUBLIC,,,,,,,,,,,,,,,,,False,,,,,,,,,False,
ELEC,Best Western Birch Run MI,9087 Birch Run Rd,,Birch Run,MI,48415,,313-262-6722,E,,Public,,,,,,,2.0,,,RED_E,https://www.redecharge.com,GPS,43.2512104789,-83.773302994,2026-08-09,314481,2026-08-09 05:12:07 UTC,,,,2023-10-19,,,,,J1772,US,,,,Public,,public,,,PUBLIC,,,,,,,,,,,,,,,,,False,,,,,,,,,False,
ELEC,Sanford Public Parking,11 W Saginaw Rd,,Sanford,MI,48657,,313-262-6722,E,,Public,,,,,,,,2.0,,RED_E,https://www.redecharge.com,GPS,43.6675141035,-84.3688779041,2026-08-09,314482,2026-08-09 05:12:18 UTC,,,,2023-10-05,,,,,J1772COMBO,US,,,,Public,,public,,,PUBLIC,,,,,,,,,,,,,,,,,False,,,,,,,,,False,
ELEC,Graff Chevrolet Davison MI,800 N State Rd,,Davison,MI,48423,,313-262-6722,E,,Public,,,,,,,2.0,2.0,,RED_E,https://www.redecharge.com,GPS,43.037655109114,-83.5173524051,2026-08-09,314483,2026-08-09 05:12:14 UTC,,,,2023-06-06,,,,,CHADEMO J1772 J1772COMBO,US,,,,Public,,public,,,PUBLIC,,,,,,,,,,,,,,,,,False,,,,,,,,,False,
ELEC,Whispering Lakes Apartments,45425 Whispering Lakes Blvd,,Shelby Township,MI,48317,,313-262-6722,E,,Public,,,,,,,4.0,,,RED_E,https://www.redecharge.com,GPS,42.6274891,-83.086638,2026-08-09,314485,2026-08-09 05:12:15 UTC,,,,2023-10-19,,,,,J1772,US,,,,Public,,public,,,PUBLIC,,,,,,,,,,,,,,,,,False,,,,,,,,,False,
ELEC,Best Western Allen Park,3000 Enterprise Dr,,Allen Park,MI,48101,,313-262-6722,E,,Public,,,,,,,4.0,,,RED_E,https://www.redecharge.com,GPS,42.282396,-83.196527,2026-08-09,314490,2026-08-09 05:12:08 UTC,,,,2022-11-20,,,,,J1772,US,,,,Public,,public,,,PUBLIC,,,,,,,,,,,,,,,,,False,,,,,,,,,False,
ELEC,LOMBARDO INSIGNIA CH,4680 Clintonville Rd,Clubhouse parking lot,City of the Village of Clarkston,MI,48346,,888-758-4389,E,,Public,24 hours daily,,,,,,2.0,,,ChargePoint Network,https://www.chargepoint.com,GPS,42.708134,-83.347694,2026-08-09,314699,2026-08-09 02:29:41 UTC,,,,2023-10-21,,,,,J1772,US,,,,Public,,public,,,,,,,,,,,,,,,,,,,,False,,,,,,,,,False,
ELEC,L411 YODA CHARGER,25000 Haggerty Rd,,Farmington Hills,MI,48335,,888-758-4389,E,,Public,24 hours daily,,,,,,2.0,,,ChargePoint Network,https://www.chargepoint.com,GPS,42.475804,-83.434543,2026-08-09,316094,2026-08-09 02:30:03 UTC,,,,2023-10-27,,,,,J1772,US,,,,Public,,public,,,,,,,,,,,,,,,,,,,,False,,,,,,,,,False,
ELEC,PENINSULAMARKET PENINSULAMARKET,14115 Center Rd,West side of parking lot.,Traverse City,MI,49686,,888-758-4389,E,,Public,24 hours daily,,,,,,2.0,,,ChargePoint Network,https://www.chargepoint.com,GPS,44.893205,-85.509279,2026-08-09,316098,2026-08-09 02:30:07 UTC,,,,2023-10-27,,,,,J1772,US,,,,Public,,public,,,,,,,,,,,,,,,,,,,,False,,,,,,,,,False,
ELEC,"Meijer #20 (Grand Rapids, MI)",2425 Alpine Ave NW,,Grand Rapids,MI,49544,,833-632-2778,E,,Public,24 hours daily,,,,,,,6.0,,Electrify America,https://www.electrifyamerica.com,GPS,43.00928,-85.69049,2026-08-09,316281,2026-08-09 03:38:44 UTC,,,,2023-10-28,,,,,J1772COMBO,US,,,,Public,,public,,,,,,,,,,,,,,,,,,,,False,,,,,,,,,False,
ELEC,FIR PC2,3300 Bermuda Street,Public charging station. North lot.,Ferndale,MI,48220,,888-758-4389,E,,Public,24 hours daily,,,,,,2.0,,,ChargePoint Network,https://www.chargepoint.com,GPS,42.475168,-83.132783,2026-08-09,316516,2026-08-09 02:30:36 UTC,,,,2023-11-02,,,,,J1772,US,,,,Public,,public,,,,,,,,,,,,,,,,,,,,False,,,,,,,,,False,
ELEC,FIR PC1,3300 Bermuda Street,Public charging station. North lot.,Ferndale,MI,48220,,888-758-4389,E,,Public,24 hours daily,,,,,,2.0,,,ChargePoint Network,https://www.chargepoint.com,GPS,42.475202,-83.132813,2026-08-09,316517,2026-08-09 02:30:37 UTC,,,,2023-11-02,,,,,J1772,US,,,,Public,,public,,,,,,,,,,,,,,,,,,,,False,,,,,,,,,False,
ELEC,MICHIGANSENATE STATION 2,221 Townsend St,Parking ramp,Lansing,MI,48933,,888-758-4389,E,,Public,24 hours daily,,,,,,2.0,,,ChargePoint Network,https://www.chargepoint.com,GPS,42.731907,-84.55504,2026-08-09,316587,2026-08-09 02:28:53 UTC,,,,2023-11-03,,,,,J1772,US,,,,Public,,public,,,,,,,,,,,,,,,,,,,,False,,,,,,,,,False,
ELEC,Midway Chevrolet Plainwell,381 12th St,,Plainwell,MI,49080,,866-816-7584,E,,Public,24 hours daily,,,,,,,1.0,,EV Connect,https://www.evconnect.com,GPS,42.447945,-85.660104,2026-08-09,316628,2026-08-09 03:49:49 UTC,,,,2023-11-03,,,,,J1772COMBO,US,,,,Public,,public,,,,,,,,,,,,,,,,,,,,False,,,,,,,,,False,
ELEC,407 North Ingalls,407 N Ingalls St,,Ann Arbor,MI,48104,,888-356-8911,E,,Public,24 hours daily,,,,,,1.0,,,FLO,https://www.flo.com,GPS,42.284302,-83.738701,2026-08-09,316756,2026-08-09 04:07:49 UTC,,,,2023-11-05,,,,,J1772,US,,,,Public,,public,,,,,,,,,,,,,,,,,,,,False,,,,,,,,,False,
ELEC,PLYMOUTH CITY PLYCTY1,687 W Ann Arbor Trl,Southwest corner of public parking lot.,Plymouth,MI,48170,,888-758-4389,E,,Public,24 hours daily,,,,,,2.0,,,ChargePoint Network,https://www.chargepoint.com,GPS,42.369071,-83.467895,2026-08-09,316942,2026-08-09 02:30:10 UTC,,,,2023-11-08,,,,,J1772,US,,,,Public,,public,,,,,,,,,,,,,,,,,,,,False,,,,,,,,,False,
ELEC,PLYMOUTH CITY PLYCTY2,687 W Ann Arbor Trl,Southwest corner of public parking lot.,Plymouth,MI,48170,,888-758-4389,E,,Public,24 hours daily,,,,,,2.0,,,ChargePoint Network,https://www.chargepoint.com,GPS,42.369084,-83.467968,2026-08-09,316943,2026-08-09 02:30:10 UTC,,,,2023-11-08,,,,,J1772,US,,,,Public,,public,,,,,,,,,,,,,,,,,,,,False,,,,,,,,,False,
ELEC,808 E Kingsley St,808 E Kingsley,,Ann Arbor,MI,48104,,888-356-8911,E,,Public,24 hours daily,,,,,,2.0,,,FLO,https://www.flo.com,GPS,42.28483,-83.739392,2026-08-09,317090,2026-08-09 04:07:50 UTC,,,,2023-11-09,,,,,J1772,US,,,,Public,,public,,,,,,,,,,,,,,,,,,,,False,,,,,,,,,False,
ELEC,"Jackson, MI - Tesla Supercharger",2777 Airport Rd,,Jackson,MI,49202,,877-798-3752,E,,Public,24 hours daily. NACS partner enabled.,A D Debit M V,,,,,,12.0,,Tesla,https://www.tesla.com/supercharger,GPS,42.269725,-84.450021,2026-06-18,318183,2026-06-18 14:46:21 UTC,P,,,2023-11-08,,,,,TESLA,US,,,,Public,,public,,,GROCERY,,,,,,,,,,,,,,,,,False,,,,,,,,LD,True,
ELEC,TrueSource EV Village of Springlake,213 S Cutler St,,Spring Lake,MI,49456,,313-262-6722,E,,Public,,,,,,,,4.0,,RED_E,https://www.redecharge.com,GPS,43.07479089347,-86.20329340744,2026-08-09,318204,2026-08-09 05:12:17 UTC,,,,2023-10-14,,,,,J1772COMBO,US,,,,Public,,public,,,PUBLIC,,,,,,,,,,,,,,,,,False,,,,,,,,,False,
ELEC,Bazen,1695 Service Rd NE,,Grand Rapids,MI,49503,,616-560-9335,E,,Public,Contact site for information,A ANDROID_PAY APPLE_PAY CREDIT D M,,,,,1.0,,,AMPUP,https://ampup.io,GPS,42.98,-85.63,2023-12-13,319313,2024-01-31 22:07:01 UTC,P,,,2023-10-18,,,,,J1772,US,,,,Public,,public,,,,,,,,,,,,,,,,,,,,False,,,,,,,,LD,False,
ELEC,Ford Motor Sterling Plant -TCO5A - 2,39000 Mound Rd,,Sterling Heights,MI,48310,,,E,,Private,Contact site for information,A ANDROID_PAY APPLE_PAY CREDIT D M,,,,,14.0,,,AMPUP,https://ampup.io,200-8,42.58358,-83.04506,2023-12-13,319494,2024-01-31 22:07:01 UTC,P,,,2023-08-22,,,,,J1772,US,,,,Privé,,private,,,FACTORY,,,,,,,,,,,,,,,,,,,,,,,,,LD,False,
ELEC,Mubea Auburn Hills,1701 Harmon Rd,,Auburn Hills,MI,48326,,,E,,Private,Contact site for information,A ANDROID_PAY APPLE_PAY CREDIT D M,,,,,2.0,,,AMPUP,https://ampup.io,200-8,42.70053,-83.26436,2023-12-13,319502,2024-01-31 22:07:01 UTC,P,,,2023-08-09,,,,,J1772,US,,,,Privé,,private,,,,,,,,,,,,,,,,,,,,,,,,,,,,LD,False,
ELEC,Cordia at Grand Traverse Commons,600 Cottageview Dr,,Traverse City,MI,49684,,,E,,Private,Contact site for information,A ANDROID_PAY APPLE_PAY CREDIT D M,,,,,2.0,,,AMPUP,https://ampup.io,GPS,44.7575007,-85.6442705,2023-12-13,319527,2024-01-31 22:07:01 UTC,P,,,2023-06-02,,,,,J1772,US,,,,Privé,,private,,,,,,,,,,,,,,,,,,,,,,,,,,,,LD,False,
ELEC,MAGNA - NOVI MAGNA2,39550 Orchard Hill Place,East Parking Lot,Novi,MI,48375,,888-758-4389,E,,Public,24 hours daily,,,,,,2.0,,,ChargePoint Network,https://www.chargepoint.com,GPS,42.445179,-83.438116,2026-08-09,319706,2026-08-09 02:31:00 UTC,,,,2023-11-14,,,,,J1772,US,,,,Public,,public,,,,,,,,,,,,,,,,,,,,False,,,,,,,,,False,
ELEC,MMCA 1 CP-6000,1501 West Chisholm Street,This station is located in the employee parking lot next to the Plant Operations building.,Alpena,MI,49707,,888-758-4389,E,,Public,24 hours daily,,,,,,2.0,,,ChargePoint Network,https://www.chargepoint.com,GPS,45.078299,-83.449391,2026-08-09,319711,2026-08-09 02:31:08 UTC,,,,2023-11-14,,,,,J1772,US,,,,Public,,public,,,,,,,,,,,,,,,,,,,,False,,,,,,,,,False,
ELEC,Fox Acura,4330 29th Street Southeast,,Grand Rapids,MI,49512,,888-998-2546,E,,Public,24 hours daily,,,,,,2.0,,,Blink Network,https://blinkcharging.com,GPS,42.909465387192846,-85.56058060859856,2026-08-10,319734,2026-08-10 00:55:36 UTC,,,,2023-11-14,,,,,J1772,US,,,,Public,,public,,,,,,,,,,,,,,,,,,,,False,,,,,,,,,False,
ELEC,MAGNA - NOVI MAGNA1,39550 Orchard Hill Place,East Parking Lot,Novi,MI,48375,,888-758-4389,E,,Public,24 hours daily,,,,,,2.0,,,ChargePoint Network,https://www.chargepoint.com,GPS,42.445074,-83.438109,2026-08-09,319779,2026-08-09 02:30:59 UTC,,,,2023-11-15,,,,,J1772,US,,,,Public,,public,,,,,,,,,,,,,,,,,,,,False,,,,,,,,,False,
ELEC,Zordan Industries LLC,11431 Chicago Drive,,Holland,MI,49424,,888-998-2546,E,,Public,24 hours daily,,,,,,2.0,,,Blink Network,https://blinkcharging.com,GPS,42.80412441689783,-86.06368435848586,2026-08-10,319847,2026-08-10 00:11:19 UTC,,,,2023-11-14,,,,,J1772,US,,,,Public,,public,,,,,,,,,,,,,,,,,,,,False,,,,,,,,,False,
ELEC,MAGNAPOWERTRAIN MAGNA #3,1932 Technology Dr,NE Parking,Troy,MI,48083,,888-758-4389,E,,Public,"Mon: 12:00am-6:00am, 6:00pm-11:59pm; Tue: 12:00am-6:00am, 6:00pm-11:59pm; Wed: 12:00am-6:00am, 6:00pm-11:59pm; Thu: 12:00am-6:00am, 6:00pm-11:59pm; Fri: 12:00am-6:00am, 6:00pm-11:59pm; Sat: 12:00am-11:59pm; Sun: 12:00am-11:59pm",,,,,,2.0,,,ChargePoint Network,https://www.chargepoint.com,GPS,42.54326,-83.110113,2026-08-09,319988,2026-08-09 02:29:37 UTC,,,,2023-11-17,,,,,J1772,US,,,,Public,,public,,,,,,,,,,,,,,,,,,,,False,,,,,,,,,False,
ELEC,MAGNAPOWERTRAIN MAGNA #4,1932 Technology Dr,NE Parking,Troy,MI,48083,,888-758-4389,E,,Public,"Mon: 12:00am-6:00am, 6:00pm-11:59pm; Tue: 12:00am-6:00am, 6:00pm-11:59pm; Wed: 12:00am-6:00am, 6:00pm-11:59pm; Thu: 12:00am-6:00am, 6:00pm-11:59pm; Fri: 12:00am-6:00am, 6:00pm-11:59pm; Sat: 12:00am-11:59pm; Sun: 12:00am-11:59pm",,,,,,2.0,,,ChargePoint Network,https://www.chargepoint.com,GPS,42.543269,-83.110183,2026-08-09,319989,2026-08-09 02:29:37 UTC,,,,2023-11-17,,,,,J1772,US,,,,Public,,public,,,,,,,,,,,,,,,,,,,,False,,,,,,,,,False,
ELEC,MAGNAPOWERTRAIN MAGNA #2,1932 Technology Dr,NE Parking,Troy,MI,48083,,888-758-4389,E,,Public,"Mon: 12:00am-6:00am, 6:00pm-11:59pm; Tue: 12:00am-6:00am, 6:00pm-11:59pm; Wed: 12:00am-6:00am, 6:00pm-11:59pm; Thu: 12:00am-6:00am, 6:00pm-11:59pm; Fri: 12:00am-6:00am, 6:00pm-11:59pm; Sat: 12:00am-11:59pm; Sun: 12:00am-11:59pm",,,,,,2.0,,,ChargePoint Network,https://www.chargepoint.com,GPS,42.54327,-83.110041,2026-08-09,319990,2026-08-09 02:29:37 UTC,,,,2023-11-17,,,,,J1772,US,,,,Public,,public,,,,,,,,,,,,,,,,,,,,False,,,,,,,,,False,
ELEC,MAGNAPOWERTRAIN MAGNA #1,1932 Technology Dr,NE Parking,Troy,MI,48083,,888-758-4389,E,,Public,"Mon: 12:00am-6:00am, 6:00pm-11:59pm; Tue: 12:00am-6:00am, 6:00pm-11:59pm; Wed: 12:00am-6:00am, 6:00pm-11:59pm; Thu: 12:00am-6:00am, 6:00pm-11:59pm; Fri: 12:00am-6:00am, 6:00pm-11:59pm; Sat: 12:00am-11:59pm; Sun: 12:00am-11:59pm",,,,,,2.0,,,ChargePoint Network,https://www.chargepoint.com,GPS,42.543269,-83.109972,2026-08-09,319991,2026-08-09 02:29:37 UTC,,,,2023-11-17,,,,,J1772,US,,,,Public,,public,,,,,,,,,,,,,,,,,,,,False,,,,,,,,,False,
ELEC,MAGNAPOWERTRAIN MAGNA #5,1900 Technology Dr,N Parking,Troy,MI,48083,,888-758-4389,E,,Public,"Mon: 12:00am-6:00am, 6:00pm-11:59pm; Tue: 12:00am-6:00am, 6:00pm-11:59pm; Wed: 12:00am-6:00am, 6:00pm-11:59pm; Thu: 12:00am-6:00am, 6:00pm-11:59pm; Fri: 12:00am-6:00am, 6:00pm-11:59pm; Sat: 12:00am-11:59pm; Sun: 12:00am-11:59pm",,,,,,2.0,,,ChargePoint Network,https://www.chargepoint.com,GPS,42.543265,-83.110355,2026-08-09,319992,2026-08-09 02:29:37 UTC,,,,2023-11-17,,,,,J1772,US,,,,Public,,public,,,,,,,,,,,,,,,,,,,,False,,,,,,,,,False,
ELEC,MAGNAPOWERTRAIN MAGNA #6,1900 Technology Dr,N Parking,Troy,MI,48083,,888-758-4389,E,,Public,"Mon: 12:00am-6:00am, 6:00pm-11:59pm; Tue: 12:00am-6:00am, 6:00pm-11:59pm; Wed: 12:00am-6:00am, 6:00pm-11:59pm; Thu: 12:00am-6:00am, 6:00pm-11:59pm; Fri: 12:00am-6:00am, 6:00pm-11:59pm; Sat: 12:00am-11:59pm; Sun: 12:00am-11:59pm",,,,,,2.0,,,ChargePoint Network,https://www.chargepoint.com,GPS,42.543266,-83.110431,2026-08-09,319993,2026-08-09 02:29:38 UTC,,,,2023-11-17,,,,,J1772,US,,,,Public,,public,,,,,,,,,,,,,,,,,,,,False,,,,,,,,,False,
ELEC,MAGNAPOWERTRAIN MAGNA #7,1870 Technology Dr,NW Parking,Troy,MI,48083,,888-758-4389,E,,Public,"Mon: 12:00am-6:00am, 6:00pm-11:59pm; Tue: 12:00am-6:00am, 6:00pm-11:59pm; Wed: 12:00am-6:00am, 6:00pm-11:59pm; Thu: 12:00am-6:00am, 6:00pm-11:59pm; Fri: 12:00am-6:00am, 6:00pm-11:59pm; Sat: 12:00am-11:59pm; Sun: 12:00am-11:59pm",,,,,,2.0,,,ChargePoint Network,https://www.chargepoint.com,GPS,42.543237,-83.111332,2026-08-09,319995,2026-08-09 02:29:46 UTC,,,,2023-11-17,,,,,J1772,US,,,,Public,,public,,,,,,,,,,,,,,,,,,,,False,,,,,,,,,False,
ELEC,MAGNAPOWERTRAIN MAGNA #8,1870 Technology Dr,NW Parking,Troy,MI,48083,,888-758-4389,E,,Public,"Mon: 12:00am-6:00am, 6:00pm-11:59pm; Tue: 12:00am-6:00am, 6:00pm-11:59pm; Wed: 12:00am-6:00am, 6:00pm-11:59pm; Thu: 12:00am-6:00am, 6:00pm-11:59pm; Fri: 12:00am-6:00am, 6:00pm-11:59pm; Sat: 12:00am-11:59pm; Sun: 12:00am-11:59pm",,,,,,2.0,,,ChargePoint Network,https://www.chargepoint.com,GPS,42.543202,-83.111399,2026-08-09,319996,2026-08-09 02:29:46 UTC,,,,2023-11-17,,,,,J1772,US,,,,Public,,public,,,,,,,,,,,,,,,,,,,,False,,,,,,,,,False,
ELEC,750 TOWER STATION2217,750 Tower Dr,"North entrance to building, charger on right",Troy,MI,48098,,888-758-4389,E,,Public,24 hours daily,,,,,,2.0,,,ChargePoint Network,https://www.chargepoint.com,GPS,42.594235,-83.162776,2026-08-09,320503,2026-08-09 02:14:38 UTC,,,,2023-11-23,,,,,J1772,US,,,,Public,,public,,,,,,,,,,,,,,,,,,,,False,,,,,,,,,False,
ELEC,Michigan Factory – Public (Power sharing),1270 Pacific Drive,,Auburn Hills,MI,48326,,888-356-8911,E,,Public,24 hours daily,,,,,,6.0,,,FLO,https://www.flo.com,GPS,42.695301,-83.27616,2026-08-09,320776,2026-08-09 04:06:35 UTC,,,,2023-11-28,,,,,J1772,US,,,,Public,,public,,,,,,,,,,,,,,,,,,,,False,,,,,,,,,False,
ELEC,ROCK CPW BLDG 5,3376 Essex Ct,Bldg 5,Traverse City,MI,49685,,888-758-4389,E,,Public,24 hours daily,,,,,,2.0,,,ChargePoint Network,https://www.chargepoint.com,GPS,44.717549,-85.642939,2026-08-09,320794,2026-08-09 02:10:38 UTC,,,,2023-11-29,,,,,J1772,US,,,,Public,,public,,,,,,,,,,,,,,,,,,,,False,,,,,,,,,False,
ELEC,ROCK CPW BLDG 2,2160 Essex View Dr,Bldg 2,Traverse City,MI,49685,,888-758-4389,E,,Public,24 hours daily,,,,,,2.0,,,ChargePoint Network,https://www.chargepoint.com,GPS,44.716252,-85.642644,2026-08-09,320795,2026-08-09 02:10:38 UTC,,,,2023-11-29,,,,,J1772,US,,,,Public,,public,,,,,,,,,,,,,,,,,,,,False,,,,,,,,,False,
ELEC,Detroit - TNT,989 Chicago Rd,,Troy,MI,48083,,218-939-2315,E,,Public,24 hours daily,A D M V,,,,,1.0,,,TURNONGREEN,https://turnongreen.com,200-8,42.54382,-83.11479,2025-12-12,320986,2026-02-02 23:16:24 UTC,P,,,2023-04-23,,,,,J1772,US,,,,Public,,public,,,FLEET_GARAGE,,,,,,,,,,,,,,,,,False,,,,,,,,HD,False,
ELEC,432 MONROE PARK STATION 6,432 Monroe Ave NW,,Grand Rapids,MI,49503,,888-758-4389,E,,Public,24 hours daily,,,,,,2.0,,,ChargePoint Network,https://www.chargepoint.com,GPS,42.971323,-85.672078,2026-08-09,321264,2026-08-09 02:01:50 UTC,,,,2023-12-02,,,,,J1772,US,,,,Public,,public,,,,,,,,,,,,,,,,,,,,False,,,,,,,,,False,
ELEC,COLE CADILLAC,6600 S Westnedge,,Portage,MI,49002,,866-816-7584,E,,Public,24 hours daily,,,,,,,2.0,,EV Connect,https://www.evconnect.com,GPS,42.221629,-85.590482,2026-08-09,321507,2026-08-09 03:47:58 UTC,,,,2023-12-06,,,,,J1772COMBO,US,,,,Public,,public,,,,,,,,,,,,,,,,,,,,False,,,,,,,,,False,
ELEC,Wheeler Motors,11401 N Straits Hwy,,Cheboygan,MI,49721,,866-816-7584,E,,Public,24 hours daily,,,,,,,2.0,,EV Connect,https://www.evconnect.com,GPS,45.623892,-84.479008,2026-08-09,321513,2026-08-09 03:49:48 UTC,,,,2023-12-06,,,,,J1772COMBO,US,,,,Public,,public,,,,,,,,,,,,,,,,,,,,False,,,,,,,,,False,
ELEC,Al Serra Cadillac,6201 S Saginaw St,,Grand Blanc,MI,48439,,866-816-7584,E,,Public,24 hours daily,,,,,,,2.0,,EV Connect,https://www.evconnect.com,GPS,42.940511,-83.643625,2026-08-09,322608,2026-08-09 03:48:02 UTC,,,,2023-12-13,,,,,J1772COMBO,US,,,,Public,,public,,,,,,,,,,,,,,,,,,,,False,,,,,,,,,False,
ELEC,FW CASINO NB 3RD FLOOR,11111 Wilson Rd,,New Buffalo,MI,49117,,888-758-4389,E,,Public,24 hours daily,,,,,,2.0,,,ChargePoint Network,https://www.chargepoint.com,GPS,41.770105,-86.723581,2026-08-09,322786,2026-08-09 02:32:26 UTC,,,,2023-12-15,,,,,J1772,US,,,,Public,,public,,,,,,,,,,,,,,,,,,,,False,,,,,,,,,False,
ELEC,FW CASINO NB 2ND FLOOR,11111 Wilson Rd,Second Floor Parking,New Buffalo,MI,49117,,888-758-4389,E,,Public,24 hours daily,,,,,,2.0,,,ChargePoint Network,https://www.chargepoint.com,GPS,41.770056,-86.723601,2026-08-09,322787,2026-08-09 02:32:26 UTC,,,,2023-12-15,,,,,J1772,US,,,,Public,,public,,,,,,,,,,,,,,,,,,,,False,,,,,,,,,False,
ELEC,Chase Bank - 33200 W 12 Mile Rd,33200 W 12 Mile Rd,,Farmington Hills,MI,48334,,877-455-3833,E,,Public,24 hours daily,,,,,,,4.0,,eVgo Network,https://www.evgo.com,GPS,42.499159,-83.375309,2026-08-09,322904,2026-08-09 23:58:33 UTC,,,,2023-12-16,,,,,CHADEMO J1772COMBO,US,,,,Public,,public,,,,,,,,,,,,,,,,,,,,False,,,,,,,,,False,
ELEC,"Marshall, MI - W Michigan Ave - Tesla Supercharger",15900 W Michigan Ave,,Marshall,MI,49068,,877-798-3752,E,,Public,24 hours daily. NACS partner enabled.,A D Debit M V,,,,,,8.0,,Tesla,https://www.tesla.com/supercharger,GPS,42.273283,-84.984034,2026-06-18,323260,2026-06-18 14:46:21 UTC,P,,,2023-12-15,,,,,TESLA,US,,,,Public,,public,,,SHOPPING_CENTER,,,,,,,,,,,,,,,,,False,,,,,,,,LD,True,
ELEC,SIGNATURE - TOYOTA 1 EAST,680 East Napier Avenue,,Benton Harbor,MI,49022,,888-758-4389,E,,Public,24 hours daily,,,,,,,1.0,,ChargePoint Network,https://www.chargepoint.com,GPS,42.086359,-86.441708,2026-08-09,323344,2026-08-09 02:32:46 UTC,,,,2023-12-22,,,,,CHADEMO J1772COMBO,US,,,,Public,,public,,,,,,,,,,,,,,,,,,,,False,,,,,,,,,False,
ELEC,OAKLAND SCHOOLS WEST ISLAND,2111 Pontiac Lake Rd,,Waterford Township,MI,48328,,888-758-4389,E,,Public,Mon: 5:45am-8:00pm; Tue: 5:45am-8:00pm; Wed: 5:45am-8:00pm; Thu: 5:45am-8:00pm; Fri: 5:45am-8:00pm; Sat: 5:45am-8:00pm; Sun: 5:45am-8:00pm,,,,,,2.0,,,ChargePoint Network,https://www.chargepoint.com,GPS,42.650259,-83.331343,2026-08-09,323423,2026-08-09 02:31:23 UTC,,,,2023-12-23,,,,,J1772,US,,,,Public,,public,,,,,,,,,,,,,,,,,,,,False,,,,,,,,,False,
ELEC,OAKLAND SCHOOLS EAST ISLAND,2111 Pontiac Lake Rd,,Waterford Township,MI,48328,,888-758-4389,E,,Public,Mon: 5:45am-8:00pm; Tue: 5:45am-8:00pm; Wed: 5:45am-8:00pm; Thu: 5:45am-8:00pm; Fri: 5:45am-8:00pm; Sat: 5:45am-8:00pm; Sun: 5:45am-8:00pm,,,,,,2.0,,,ChargePoint Network,https://www.chargepoint.com,GPS,42.650267,-83.331225,2026-08-09,323424,2026-08-09 02:31:24 UTC,,,,2023-12-23,,,,,J1772,US,,,,Public,,public,,,,,,,,,,,,,,,,,,,,False,,,,,,,,,False,
ELEC,MSN CP01 MSN CP01,30020 Cabot Drive,,Novi,MI,48377,,888-758-4389,E,,Public,"Mon: 12:00am-6:00am, 6:00pm-11:59pm; Tue: 12:00am-6:00am, 6:00pm-11:59pm; Wed: 12:00am-6:00am, 6:00pm-11:59pm; Thu: 12:00am-6:00am, 6:00pm-11:59pm; Fri: 12:00am-6:00am, 6:00pm-11:59pm; Sat: 12:00am-11:59pm; Sun: 12:00am-11:59pm",,,,,,2.0,,,ChargePoint Network,https://www.chargepoint.com,GPS,42.514833,-83.441512,2026-08-09,323481,2026-08-09 02:32:33 UTC,,,,2023-12-26,,,,,J1772,US,,,,Public,,public,,,,,,,,,,,,,,,,,,,,False,,,,,,,,,False,
ELEC,Adventure Mining Co,600 Depot St,,Greenland,MI,49929,,906-883-3371,E,,Public - Credit card at all times,24 hours daily from spring-fall; closed in winter,A D Debit M V,,,,,4.0,,,Non-Networked,,GPS,46.7739112742903,-89.0818284699836,2026-07-15,324026,2026-07-15 18:47:09 UTC,P,,,2024-01-04,,,,,J1772,US,,,,Public - Carte de crédit en tout temps,,public,CREDIT_CARD_ALWAYS,,PARKING_LOT,,,,,,,Free,,,,,,,,,,False,,,,,,,,LD,False,
ELEC,924 River St Parking,924 River St,,Ontonagon,MI,49953,,,E,,Public - Credit card at all times,24 hours daily,A D Debit M V,,,,,4.0,,,Non-Networked,,GPS,46.8742176996403,-89.3215075797219,2026-07-15,324027,2026-07-15 18:47:09 UTC,P,,,2024-01-04,,,,,J1772,US,,,,Public - Carte de crédit en tout temps,,public,CREDIT_CARD_ALWAYS,,PARKING_LOT,,,,,,,Free,,,,,,,,,,False,,,,,,,,LD,False,
ELEC,"Taylor, MI - Tesla Supercharger",14640 Pardee Rd,,Taylor,MI,48180,,877-798-3752,E,,Public,24 hours daily. NACS partner enabled.,A D Debit M V,,,,,,12.0,,Tesla,https://www.tesla.com/supercharger,GPS,42.199135,-83.260405,2026-06-18,326665,2026-06-18 14:46:21 UTC,P,,,2024-01-23,,,,,TESLA,US,,,,Public,,public,,,GROCERY,,,,,,,,,,,,,,,,,False,,,,,,,,LD,True,
ELEC,MSN CP01 MSN CP02,30020 Cabot Dr,,Novi,MI,48377,,888-758-4389,E,,Public,"Mon: 12:00am-6:00am, 6:00pm-11:59pm; Tue: 12:00am-6:00am, 6:00pm-11:59pm; Wed: 12:00am-6:00am, 6:00pm-11:59pm; Thu: 12:00am-6:00am, 6:00pm-11:59pm; Fri: 12:00am-6:00am, 6:00pm-11:59pm; Sat: 12:00am-11:59pm; Sun: 12:00am-11:59pm",,,,,,2.0,,,ChargePoint Network,https://www.chargepoint.com,GPS,42.515113,-83.441179,2026-08-09,326994,2026-08-09 02:34:15 UTC,,,,2024-01-30,,,,,J1772,US,,,,Public,,public,,,,,,,,,,,,,,,,,,,,False,,,,,,,,,False,
ELEC,PTK TERM OCIA TERMINAL,Patterson Parkway,East parking lot,Waterford Township,MI,48327,,888-758-4389,E,,Public,24 hours daily,,,,,,2.0,,,ChargePoint Network,https://www.chargepoint.com,GPS,42.662652,-83.416244,2026-08-09,327354,2026-08-09 02:34:28 UTC,,,,2024-02-02,,,,,J1772,US,,,,Public,,public,,,,,,,,,,,,,,,,,,,,False,,,,,,,,,False,
ELEC,Venue by 4M - Tesla Destination,1919 S Industrial Hwy,,Ann Arbor,MI,48104,,877-798-3752,E,,Public,,A D Debit M V,,,,,2.0,,,Tesla Destination,https://www.tesla.com/destination-charging,GPS,42.259794,-83.736692,2024-07-01,327436,2025-02-12 00:16:32 UTC,P,,,2024-02-01,,,,,J1772 TESLA,US,,,,Public,,public,,,RESTAURANT,,,,,,,,,,,,,,,,,False,,,,,,,,LD,False,
ELEC,Aaron Genshaw Park,806 N Saginaw St,,Holly,MI,48442,,888-356-8911,E,,Public,24 hours daily,,,,,,2.0,,,FLO,https://www.flo.com,GPS,42.8001135,-83.6278221,2026-08-09,327518,2026-08-09 04:07:55 UTC,,,,2024-02-04,,,,,J1772,US,,,,Public,,public,,,,,,,,,,,,,,,,,,,,False,,,,,,,,,False,
ELEC,Todd Wenzel of Hudsonville,3156 Highland Dr,,Hudsonville,MI,49426,,866-816-7584,E,,Public,24 hours daily,,,,,,,2.0,,EV Connect,https://www.evconnect.com,GPS,42.851526,-85.859291,2026-08-09,327746,2026-08-09 03:50:09 UTC,,,,2024-02-07,,,,,J1772COMBO,US,,,,Public,,public,,,,,,,,,,,,,,,,,,,,False,,,,,,,,,False,
ELEC,PLYMOUTH TWP CHARGER 2,9955 North Haggerty Road,,Plymouth,MI,48170,,888-758-4389,E,,Public,24 hours daily,,,,,,,1.0,,ChargePoint Network,https://www.chargepoint.com,GPS,42.361454,-83.446376,2026-08-09,327906,2026-08-09 02:34:10 UTC,,,,2024-02-08,,,,,CHADEMO J1772COMBO,US,,,,Public,,public,,,,,,,,,,,,,,,,,,,,False,,,,,,,,,False,
ELEC,PLYMOUTH TWP CHARGER 1,9955 North Haggerty Road,,Plymouth,MI,48170,,888-758-4389,E,,Public,24 hours daily,,,,,,,1.0,,ChargePoint Network,https://www.chargepoint.com,GPS,42.361449,-83.446439,2026-08-09,327907,2026-08-09 02:34:11 UTC,,,,2024-02-08,,,,,CHADEMO J1772COMBO,US,,,,Public,,public,,,,,,,,,,,,,,,,,,,,False,,,,,,,,,False,
ELEC,Krishna Restaurant Farmington Hills,29206 Orchard Lake Rd,,Farmington Hills,MI,48334,,313-262-6722,E,,Public,,,,,,,4.0,,,RED_E,https://www.redecharge.com,GPS,42.511218648125,-83.358786988475,2026-08-09,327915,2026-08-09 05:13:12 UTC,,,,2024-02-08,,,,,J1772,US,,,,Public,,public,,,PUBLIC,,,,,,,,,,,,,,,,,False,,,,,,,,,False,
ELEC,XCharge - CITGO Gas Station,15551 M-311,,Battle Creek,MI,49014,,269-968-7179,E,,Public - Credit card at all times,24 hours daily,A D Debit M V,,,,,,2.0,,Non-Networked,,GPS,42.2982503290095,-85.0818195125223,2024-02-12,327934,2025-12-22 19:13:16 UTC,P,,,2024-02-08,,,,,J1772COMBO TESLA,US,,,,Public - Carte de crédit en tout temps,,public,CREDIT_CARD_ALWAYS,,GAS_STATION,,,,,,,Free,,,,,,,,,,False,,,,,,,,LD,False,
ELEC,Gillespie Group,3220 Discovery Drive,,Lansing,MI,48910,,888-998-2546,E,,Public,Mon: 7:00am-8:00pm; Tue: 7:00am-8:00pm; Wed: 7:00am-8:00pm; Thu: 7:00am-8:00pm; Fri: 7:00am-8:00pm; Sat: 7:00am-8:00pm; Sun: 7:00am-8:00pm,,,,,,4.0,,,Blink Network,https://blinkcharging.com,GPS,42.69938485336373,-84.50236369266666,2026-08-09,327944,2026-08-09 01:04:35 UTC,,,,2024-02-08,,,,,J1772,US,,,,Public,,public,,,,,,,,,,,,,,,,,,,,False,,,,,,,,,False,
ELEC,Kennedy Square Garage,720 Griswold St.,,Detroit,MI,48226,,855-223-5351,E,,Public,24 hours daily,A D M V,,,,,4.0,,,FLASH,https://www.flashparking.com/products/diversify-parking-revenue/ev-charging-as-a-revenue-stream/,GPS,42.331086,-83.047548,2026-08-09,328624,2026-08-09 03:56:58 UTC,,,,2024-02-16,,,,,J1772,US,,,,Public,,public,,,PUBLIC,,,,,,,,,,,,,,,,,False,,,,,,,,,False,
ELEC,SERRA VOLVO STATION 1,1747 S Garfield Ave,,Traverse City,MI,49686,,888-758-4389,E,,Public,24 hours daily,,,,,,2.0,,,ChargePoint Network,https://www.chargepoint.com,GPS,44.73575,-85.593886,2026-08-09,329194,2026-08-09 02:08:05 UTC,,,,2024-02-24,,,,,J1772,US,,,,Public,,public,,,,,,,,,,,,,,,,,,,,False,,,,,,,,,False,
ELEC,Flannery Auto Mall,1225 Sand Beach Road,,Bad Axe,MI,48413,,866-816-7584,E,,Public,24 hours daily,,,,,,,1.0,,EV Connect,https://www.evconnect.com,GPS,43.803495,-82.979305,2026-08-09,329271,2026-08-09 03:48:24 UTC,,,,2024-02-24,,,,,J1772COMBO,US,,,,Public,,public,,,,,,,,,,,,,,,,,,,,False,,,,,,,,,False,
ELEC,JACKSON COLLEGE BW 2,2111 Emmons Rd,,Jackson,MI,49201,,888-758-4389,E,,Public,24 hours daily,,,,,,1.0,,,ChargePoint Network,https://www.chargepoint.com,GPS,42.165626,-84.405569,2026-08-09,329429,2026-08-09 02:35:31 UTC,,,,2024-02-28,,,,,J1772,US,,,,Public,,public,,,,,,,,,,,,,,,,,,,,False,,,,,,,,,False,
ELEC,JACKSON COLLEGE BW 1,2111 Emmons Rd,,Jackson,MI,49201,,888-758-4389,E,,Public,24 hours daily,,,,,,1.0,,,ChargePoint Network,https://www.chargepoint.com,GPS,42.165602,-84.405601,2026-08-09,329431,2026-08-09 02:35:31 UTC,,,,2024-02-28,,,,,J1772,US,,,,Public,,public,,,,,,,,,,,,,,,,,,,,False,,,,,,,,,False,
ELEC,JACKSON COLLEGE BW 3,2111 Emmons Rd,,Jackson,MI,49201,,888-758-4389,E,,Public,24 hours daily,,,,,,1.0,,,ChargePoint Network,https://www.chargepoint.com,GPS,42.165618,-84.405622,2026-08-09,329432,2026-08-09 02:35:32 UTC,,,,2024-02-28,,,,,J1772,US,,,,Public,,public,,,,,,,,,,,,,,,,,,,,False,,,,,,,,,False,
ELEC,Tommy's Express,155 Chicago Drive,,Georgetown Township,MI,49428,,888-998-2546,E,,Public,24 hours daily,,,,,,,2.0,,Blink Network,https://blinkcharging.com,GPS,42.90479926325316,-85.78714766256527,2026-08-09,329690,2026-08-09 01:02:29 UTC,,,,2024-01-24,,,,,J1772COMBO,US,,,,Public,,public,,,,,,,,,,,,,,,,,,,,False,,,,,,,,,False,
ELEC,BJ's Wholesale,43690 Ford Road,,Canton,MI,48187,,888-998-2546,E,,Public,Mon: 8:00am-9:00pm; Tue: 8:00am-9:00pm; Wed: 8:00am-9:00pm; Thu: 8:00am-9:00pm; Fri: 8:00am-9:00pm; Sat: 8:00am-9:00pm; Sun: 8:00am-9:00pm,,,,,,4.0,,,Blink Network,https://blinkcharging.com,GPS,42.3252694068654,-83.47252882883541,2026-08-10,330036,2026-08-10 00:23:06 UTC,,,,2024-03-06,,,,,J1772,US,,,,Public,,public,,,,,,,,,,,,,,,,,,,,False,,,,,,,,,False,
ELEC,Depot Park,375 Depot Rd,,Clarkston,MI,48346,,888-356-8911,E,,Public,24 hours daily,,,,,,4.0,,,FLO,https://www.flo.com,GPS,42.734364,-83.420116,2026-08-09,330094,2026-08-09 04:07:58 UTC,,,,2024-03-08,,,,,J1772,US,,,,Public,,public,,,,,,,,,,,,,,,,,,,,False,,,,,,,,,False,
ELEC,A2 PARKS HURON HILLS GC1,3465 East Huron River Drive,,Ann Arbor,MI,48104,,888-758-4389,E,,Public,24 hours daily,,,,,,2.0,,,ChargePoint Network,https://www.chargepoint.com,GPS,42.271925,-83.697019,2026-08-09,330271,2026-08-09 02:34:56 UTC,,,,2024-03-13,,,,,J1772,US,,,,Public,,public,,,,,,,,,,,,,,,,,,,,False,,,,,,,,,False,
ELEC,Borgman Ford Sales Inc.,3150 28th Street Southwest,,Grandville,MI,49418,,888-998-2546,E,,Public,24 hours daily,,,,,,4.0,,,Blink Network,https://blinkcharging.com,GPS,42.9130959,-85.7421531,2026-08-10,330585,2026-08-10 00:35:51 UTC,,,,2024-02-23,,,,,J1772,US,,,,Public,,public,,,,,,,,,,,,,,,,,,,,False,,,,,,,,,False,
ELEC,L418 WEST STATION,40475 Ann Arbor Road,,Plymouth,MI,48170,,888-758-4389,E,,Public,24 hours daily,,,,,,,1.0,,ChargePoint Network,https://www.chargepoint.com,GPS,42.359036,-83.440904,2026-08-09,330894,2026-08-09 02:35:09 UTC,,,,2024-03-21,,,,,CHADEMO J1772COMBO,US,,,,Public,,public,,,,,,,,,,,,,,,,,,,,False,,,,,,,,,False,
ELEC,L418 EAST STATION,40475 Ann Arbor Rd,,Plymouth,MI,48170,,888-758-4389,E,,Public,24 hours daily,,,,,,,1.0,,ChargePoint Network,https://www.chargepoint.com,GPS,42.359036,-83.440838,2026-08-09,330895,2026-08-09 02:35:09 UTC,,,,2024-03-21,,,,,CHADEMO J1772COMBO,US,,,,Public,,public,,,,,,,,,,,,,,,,,,,,False,,,,,,,,,False,
ELEC,HUDSONVILLEPS HHS-FH-NORTH,5155 32nd Avenue,,Hudsonville,MI,49426,,888-758-4389,E,,Public,24 hours daily,,,,,,2.0,,,ChargePoint Network,https://www.chargepoint.com,GPS,42.859425,-85.863522,2026-08-09,330907,2026-08-09 02:36:14 UTC,,,,2024-03-21,,,,,J1772,US,,,,Public,,public,,,,,,,,,,,,,,,,,,,,False,,,,,,,,,False,
ELEC,HUDSONVILLEPS HHS-FH-SOUTH,5155 32nd Avenue,,Hudsonville,MI,49426,,888-758-4389,E,,Public,24 hours daily,,,,,,2.0,,,ChargePoint Network,https://www.chargepoint.com,GPS,42.859368,-85.863509,2026-08-09,330908,2026-08-09 02:36:14 UTC,,,,2024-03-21,,,,,J1772,US,,,,Public,,public,,,,,,,,,,,,,,,,,,,,False,,,,,,,,,False,
ELEC,TEXAS TWP HALL TEXAS TWP HALL,7227 West Q Avenue,This is on the east side of building,Kalamazoo,MI,49009,,888-758-4389,E,,Public,24 hours daily,,,,,,2.0,,,ChargePoint Network,https://www.chargepoint.com,GPS,42.200521,-85.69048,2026-08-09,330911,2026-08-09 02:36:32 UTC,,,,2024-03-21,,,,,J1772,US,,,,Public,,public,,,,,,,,,,,,,,,,,,,,False,,,,,,,,,False,
ELEC,Rivercrest Apartments - Forth - Public,9303 E Jefferson Ave,,Detroit,MI,48214,,855-885-9571,E,,Public,24 hours daily,,,,,,1.0,,,OpConnect,https://opconnect-ev.com,GPS,42.3593848,-82.9844749,2026-08-09,331080,2026-08-09 03:44:17 UTC,,,,2024-03-23,,,,,J1772,US,,,,Public,,public,,,,,,,,,,,,,,,,,,,,False,,,,,,,,,False,
ELEC,Evergetic - Holiday Inn Jackson,3506 O'Neill Drive,,Jackson,MI,49202,,888-998-2546,E,,Public,24 hours daily,,,,,,4.0,,,Blink Network,https://blinkcharging.com,GPS,42.26737787542661,-84.4562288320826,2026-08-10,331152,2026-08-10 00:20:29 UTC,,,,2024-03-25,,,,,J1772,US,,,,Public,,public,,,,,,,,,,,,,,,,,,,,False,,,,,,,,,False,
ELEC,A2 PARKS LESLIE PARK GC1,2120 Traver Rd,,Ann Arbor,MI,48105,,888-758-4389,E,,Public,24 hours daily,,,,,,2.0,,,ChargePoint Network,https://www.chargepoint.com,GPS,42.303031,-83.724604,2026-08-09,331566,2026-08-09 02:36:43 UTC,,,,2024-04-03,,,,,J1772,US,,,,Public,,public,,,,,,,,,,,,,,,,,,,,False,,,,,,,,,False,
ELEC,A2 PARKS LESLIE PARK GC2,2120 Traver Road,,Ann Arbor,MI,48105,,888-758-4389,E,,Public,24 hours daily,,,,,,2.0,,,ChargePoint Network,https://www.chargepoint.com,GPS,42.302338,-83.724725,2026-08-09,331567,2026-08-09 02:36:44 UTC,,,,2024-04-03,,,,,J1772,US,,,,Public,,public,,,,,,,,,,,,,,,,,,,,False,,,,,,,,,False,
ELEC,The Creamery - Forth - Public,1101 Portage St,,Kalamazoo,MI,49001,,855-885-9571,E,,Public,24 hours daily,,,,,,1.0,,,OpConnect,https://opconnect-ev.com,GPS,42.28048,-85.57081,2026-08-09,331582,2026-08-09 03:44:02 UTC,,,,2024-04-03,,,,,J1772,US,,,,Public,,public,,,,,,,,,,,,,,,,,,,,False,,,,,,,,,False,
ELEC,Spring Manor - Forth - Public,610 Mall Drive,,Portage,MI,49024,,855-885-9571,E,,Public,24 hours daily,,,,,,1.0,,,OpConnect,https://opconnect-ev.com,GPS,42.22562,-85.59617,2026-08-09,331583,2026-08-09 03:44:11 UTC,,,,2024-04-03,,,,,J1772,US,,,,Public,,public,,,,,,,,,,,,,,,,,,,,False,,,,,,,,,False,
ELEC,Dreamtroit Apartments - Forth - Public,1331 Holden St,,Detroit,MI,48202,,855-885-9571,E,,Public,24 hours daily,,,,,,1.0,,,OpConnect,https://opconnect-ev.com,GPS,42.36263,-83.08192,2026-08-09,331585,2026-08-09 03:44:19 UTC,,,,2024-04-03,,,,,J1772,US,,,,Public,,public,,,,,,,,,,,,,,,,,,,,False,,,,,,,,,False,
ELEC,UVS BH-CS-000060-C2,901 Tower Dr,,Troy,MI,48098,,888-758-4389,E,,Public,24 hours daily,,,,,,1.0,,,ChargePoint Network,https://www.chargepoint.com,GPS,42.594642,-83.168384,2026-08-09,331850,2026-08-09 02:28:54 UTC,,,,2024-04-06,,,,,J1772,US,,,,Public,,public,,,,,,,,,,,,,,,,,,,,False,,,,,,,,,False,
ELEC,UVS BH-CS-000061-C1,5296 Crooks Rd,,Troy,MI,48098,,888-758-4389,E,,Public,24 hours daily,,,,,,1.0,,,ChargePoint Network,https://www.chargepoint.com,GPS,42.595092,-83.168405,2026-08-09,331851,2026-08-09 02:28:55 UTC,,,,2024-04-06,,,,,J1772,US,,,,Public,,public,,,,,,,,,,,,,,,,,,,,False,,,,,,,,,False,
ELEC,Moran Chevrolet Clinton Township,35500 South Gratiot Ave,,Clinton Township,MI,48035,,866-816-7584,E,,Public,Mon: 7:00am-9:30pm; Tue: 7:00am-9:30pm; Wed: 7:00am-9:30pm; Thu: 7:00am-9:30pm; Fri: 7:00am-9:30pm; Sat: 8:00am-9:30pm; Sun: 8:00am-9:30pm,,,,,,1.0,9.0,,EV Connect,https://www.evconnect.com,GPS,42.557737,-82.896152,2026-08-09,332156,2026-08-09 03:49:26 UTC,,,,2024-04-12,,,,,J1772 J1772COMBO,US,,,,Public,,public,,,,,,,,,,,,,,,,,,,,False,,,,,,,,,False,
ELEC,Brighton Ford,8240 West Grand River Avenue,,Brighton,MI,48114,,888-998-2546,E,,Public,24 hours daily,,,,,,10.0,,,Blink Network,https://blinkcharging.com,GPS,42.551967,-83.791625,2026-08-10,332171,2026-08-10 00:49:32 UTC,,,,2024-04-12,,,,,J1772,US,,,,Public,,public,,,,,,,,,,,,,,,,,,,,False,,,,,,,,,False,
ELEC,Stillwell Ford DCFC,3780 West Carleton Road,,Hillsdale,MI,49242,,888-998-2546,E,,Public,24 hours daily,,,,,,,2.0,,Blink Network,https://blinkcharging.com,GPS,41.954866830272415,-84.6638558350453,2026-08-10,332446,2026-08-10 00:25:34 UTC,,,,2024-02-27,,,,,J1772COMBO,US,,,,Public,,public,,,,,,,,,,,,,,,,,,,,False,,,,,,,,,False,
ELEC,Stillwell Ford - Series 1,3780 West Carleton Road,,Hillsdale,MI,49242,,888-998-2546,E,,Public,24 hours daily,,,,,,4.0,,,Blink Network,https://blinkcharging.com,GPS,41.95423,-84.66384,2026-08-10,332548,2026-08-10 00:29:16 UTC,,,,2024-01-05,,,,,J1772,US,,,,Public,,public,,,,,,,,,,,,,,,,,,,,False,,,,,,,,,False,
ELEC,Palisades Park Country Club,79336 Ravine Way,,Covert,MI,49043,,888-222-6618,E,,Public,,,,,,,2.0,,,NOODOE,https://www.noodoe.com,GPS,42.313089,-86.314248,2026-08-09,333186,2026-08-09 04:30:27 UTC,,,,2024-04-22,,,,,J1772,US,,,,Public,,public,,,,,,,,,,,,,,,,,,,,False,,,,,,,,,False,
ELEC,Freedom Village,145 Columbia Ave,,Holland,MI,49423,,888-222-6618,E,,Public,,,,,,,4.0,,,NOODOE,https://www.noodoe.com,GPS,42.7920346,-86.0998202,2026-08-09,333285,2026-08-09 04:30:49 UTC,,,,2024-04-22,,,,,J1772,US,,,,Public,,public,,,,,,,,,,,,,,,,,,,,False,,,,,,,,,False,
ELEC,Hanna Plaza,1050 W University Dr,,Rochester Hills,MI,48307,,949-945-2000,E,,Public,24 hours daily,,,,,,2.0,,,EVGATEWAY,https://evgateway.com,GPS,42.68223570000001,-83.1466306,2026-08-09,333866,2026-08-09 04:47:21 UTC,,,,2023-05-17,,,,,J1772,US,,,,Public,,public,,,,,,,,,,,,,,,,,,,,False,,,,,,,,,False,
ELEC,Buist Electric,2 84 St SW,,Byron Center,MI,49315,,,E,,Public,24 hours daily,A ACCOUNT_BALANCE ANDROID_PAY APPLE_PAY CREDIT D M V,,,,,2.0,,,Non-Networked,,200-8,42.81102,-85.66443,,333982,2025-01-28 21:18:14 UTC,P,,,2021-10-01,,,,,J1772,US,,,,Public,,public,,,PARKING_LOT,,,,,,,,,,,,,,,,,False,,,,,,,,LD,False,
ELEC,Umicore Autocat - Annex,2460 Commercial Dr,,Auburn Hills,MI,48326,,,E,,Public,24 hours daily,A ACCOUNT_BALANCE ANDROID_PAY APPLE_PAY CREDIT D M V,,,,,4.0,,,Non-Networked,,200-8,42.67526,-83.24449,2024-05-09,334144,2025-02-12 00:16:32 UTC,P,,,2022-11-17,,,,,J1772,US,,,,Public,,public,,,PARKING_LOT,,,,,,,,,,,,,,,,,False,,,,,,,,LD,False,
ELEC,Hillside Village,105 N Kendall Ave,,Kalamazoo,MI,49006,,616-638-3439,E,,Public,Contact site for information,A ANDROID_PAY APPLE_PAY CREDIT D M,,,,,4.0,,,AMPUP,https://ampup.io,GPS,42.2924305,-85.6271112,2024-05-09,335298,2026-08-05 18:21:35 UTC,P,,,2023-11-07,,,,,J1772,US,,,,Public,,public,,,MULTI_UNIT_DWELLING,,,,,,,,,,,,,,,,,False,,,,,,,,LD,False,
ELEC,Cheryl Salkeld,6905 Thornhill Dr,,Dimondale,MI,48821,,,E,,Private,Contact site for information,A ANDROID_PAY APPLE_PAY CREDIT D M,,,,,1.0,,,AMPUP,https://ampup.io,GPS,42.6678318,-84.6517133,2024-05-09,335344,2026-08-05 18:21:35 UTC,P,,,2023-12-13,,,,,J1772,US,,,,Privé,,private,,,OFFICE_BLDG,,,,,,,,,,,,,,,,,,,,,,,,,LD,False,
ELEC,A2 PARKS A2SENIOR CENTER,1320 Baldwin Ave,,Ann Arbor,MI,48104,,888-758-4389,E,,Public,24 hours daily,,,,,,2.0,,,ChargePoint Network,https://www.chargepoint.com,GPS,42.265165,-83.72695,2026-08-09,335750,2026-08-09 02:38:32 UTC,,,,2024-05-08,,,,,J1772,US,,,,Public,,public,,,,,,,,,,,,,,,,,,,,False,,,,,,,,,False,
ELEC,detroit-newlab,2050 15th St,,Detroit,MI,48216,,844-798-2438,E,,Public,24 hours daily; for employee use only,A D Debit M V,,,,,2.0,,,Non-Networked,,GPS,42.3283004761,-83.0755004883,,341689,2025-05-15 19:49:26 UTC,P,,,2024-05-15,,,,,J1772,US,,,,Public,,public,,,OFFICE_BLDG,,,,,,,Free,,,,,,,,,,True,,,,,,,,LD,True,
ELEC,SWTCH Energy Inc.,3965 Okemos Rd,,Okemos,MI,48864,,,E,,Private,24 hours daily,A D Debit M V,,,,,8.0,,,SWTCH,https://swtchenergy.com,GPS,42.69639969,-84.43309784,,341819,2024-05-08 15:49:07 UTC,P,,,2024-04-04,,,,,J1772,US,,,,Privé,,private,,,OFFICE_BLDG,,,,,,,Free,,,,,,,,,,,,,,,,,,LD,True,
ELEC,SWTCH Energy Inc.,600 3 Mile Rd NW,,Grand Rapids,MI,49544,,,E,,Private,24 hours daily,A D Debit M V,,,,,4.0,,,SWTCH,https://swtchenergy.com,GPS,43.01350021,-85.68409729,,341837,2024-05-08 15:49:07 UTC,P,,,2024-03-14,,,,,J1772,US,,,,Privé,,private,,,FLEET_GARAGE,,,,,,,Free,,,,,,,,,,,,,,,,,,LD,False,
ELEC,Brighton Ford - DCFC,8240 West Grand River Avenue,,Brighton,MI,48114,,888-998-2546,E,,Public,24 hours daily,,,,,,,6.0,,Blink Network,https://blinkcharging.com,GPS,42.55193149068072,-83.79074929003225,2026-08-10,341874,2026-08-10 00:18:08 UTC,,,,2024-04-25,,,,,J1772COMBO,US,,,,Public,,public,,,,,,,,,,,,,,,,,,,,False,,,,,,,,,False,
ELEC,Cedar Rock Biggby,11858 Northland DR.,,Rockford,MI,49431,,888-356-8911,E,,Public,24 hours daily,,,,,,2.0,,,FLO,https://www.flo.com,GPS,43.179974,-85.550159,2026-08-09,346105,2026-08-09 04:08:03 UTC,,,,2024-05-11,,,,,J1772,US,,,,Public,,public,,,,,,,,,,,,,,,,,,,,False,,,,,,,,,False,
ELEC,ROCK CPW BLDG 10,2346 Chelsea Lane,Bldg 10,Traverse City,MI,49685,,888-758-4389,E,,Public,24 hours daily,,,,,,2.0,,,ChargePoint Network,https://www.chargepoint.com,GPS,44.718025,-85.64296,2026-08-09,346216,2026-08-09 02:10:38 UTC,,,,2024-05-15,,,,,J1772,US,,,,Public,,public,,,,,,,,,,,,,,,,,,,,False,,,,,,,,,False,
ELEC,WMU WMU GR,200 Ionia Ave SW,Parking Lot,Grand Rapids,MI,49503,,888-758-4389,E,,Public,24 hours daily,,,,,,2.0,,,ChargePoint Network,https://www.chargepoint.com,GPS,42.959447,-85.669832,2026-08-09,346219,2026-08-09 02:24:30 UTC,,,,2024-05-15,,,,,J1772,US,,,,Public,,public,,,,,,,,,,,,,,,,,,,,False,,,,,,,,,False,
ELEC,MACOMB COLLEGE BUILDING J LT6,44575 Garfield Road,No overnight charging.,Clinton Township,MI,48038,,888-758-4389,E,,Public,Mon: 6:00am-11:00pm; Tue: 6:00am-11:00pm; Wed: 6:00am-11:00pm; Thu: 6:00am-11:00pm; Fri: 6:00am-11:00pm; Sat: 6:00am-11:00pm; Sun: 6:00am-11:00pm,,,,,,2.0,,,ChargePoint Network,https://www.chargepoint.com,GPS,42.625181,-82.958724,2026-08-09,346242,2026-08-09 02:38:54 UTC,,,,2024-05-15,,,,,J1772,US,,,,Public,,public,,,,,,,,,,,,,,,,,,,,False,,,,,,,,,False,
ELEC,Saginaw - TimeSquare Plaza,3430 State St,,Saginaw,MI,48602,,,E,,Public,24 hours daily,A ANDROID_PAY APPLE_PAY CREDIT D Debit M V,,,,,,2.0,,Non-Networked,,200-8,43.43679,-83.98861,2026-07-15,346615,2026-07-15 18:47:09 UTC,P,,,2024-05-01,,,,,J1772COMBO TESLA,US,,,,Public,,public,,,STANDALONE_STATION,,,,,,,$0.49 per kWh,,,,,,,,,,False,,,,,,,,,False,
ELEC,Starbucks Bridgeport,6301 Dixie Hwy,,Bridgeport,MI,48722,,,E,,Public,24 hours daily,A ANDROID_PAY APPLE_PAY CREDIT D Debit M V,,,,,,4.0,,Non-Networked,,200-8,43.35458,-83.87178,2026-07-15,346616,2026-07-15 18:47:09 UTC,P,,,2024-05-01,,,,,J1772COMBO TESLA,US,,,,Public,,public,,,RESTAURANT,,,,,,,$0.49 per kWh + $0.50 session fee,,,,,,,,,,False,,,,,,,,LD,False,
ELEC,Midland,2029 S Saginaw Rd,,Midland,MI,48640,,855-900-7584,E,,Public,24 hours daily,,,,,,,8.0,,SHELL_RECHARGE,https://www.shell.us/motorist/electric-vehicle-charging.html,GPS,43.61292,-84.210621,2026-08-09,346956,2026-08-09 03:34:03 UTC,,,,2024-05-30,,,,,CHADEMO J1772COMBO,US,,,,Public,,public,,,,,,,,,,,,,,,,,,,,False,,,,,,,,,False,
ELEC,CHELSEA RETAIL CHELSEA RETAIL,1167 S Main St,,Chelsea,MI,48118,,888-758-4389,E,,Public,24 hours daily,,,,,,2.0,,,ChargePoint Network,https://www.chargepoint.com,GPS,42.303561,-84.020459,2026-08-09,347123,2026-08-09 02:34:49 UTC,,,,2024-05-31,,,,,J1772,US,,,,Public,,public,,,,,,,,,,,,,,,,,,,,False,,,,,,,,,False,
ELEC,MASON STREET MASON STREET S,107 Mason St,,Charlevoix,MI,49720,,888-758-4389,E,,Public,24 hours daily,,,,,,2.0,,,ChargePoint Network,https://www.chargepoint.com,GPS,45.316072,-85.259663,2026-08-09,347266,2026-08-09 02:39:30 UTC,,,,2024-06-01,,,,,J1772,US,,,,Public,,public,,,,,,,,,,,,,,,,,,,,False,,,,,,,,,False,
ELEC,MASON STREET MASON STREET N,107 Mason St,,Charlevoix,MI,49720,,888-758-4389,E,,Public,24 hours daily,,,,,,2.0,,,ChargePoint Network,https://www.chargepoint.com,GPS,45.316158,-85.259734,2026-08-09,347267,2026-08-09 02:39:30 UTC,,,,2024-06-01,,,,,J1772,US,,,,Public,,public,,,,,,,,,,,,,,,,,,,,False,,,,,,,,,False,
ELEC,A2 PARKS FULLER PARK 1,1519 Fuller Rd,Surface lot under solar canopy,Ann Arbor,MI,48105,,888-758-4389,E,,Public,24 hours daily,,,,,,2.0,,,ChargePoint Network,https://www.chargepoint.com,GPS,42.287735,-83.729234,2026-08-09,347324,2026-08-09 02:38:38 UTC,,,,2024-06-04,,,,,J1772,US,,,,Public,,public,,,,,,,,,,,,,,,,,,,,False,,,,,,,,,False,
ELEC,A2 PARKS FULLER PARK 3,1519 Fuller Rd,Surface lot under solar canopy,Ann Arbor,MI,48105,,888-758-4389,E,,Public,24 hours daily,,,,,,2.0,,,ChargePoint Network,https://www.chargepoint.com,GPS,42.287735,-83.729039,2026-08-09,347325,2026-08-09 02:38:38 UTC,,,,2024-06-04,,,,,J1772,US,,,,Public,,public,,,,,,,,,,,,,,,,,,,,False,,,,,,,,,False,
ELEC,A2 PARKS FULLER PARK 2,1519 Fuller Rd,Surface lot under solar canopy,Ann Arbor,MI,48105,,888-758-4389,E,,Public,24 hours daily,,,,,,2.0,,,ChargePoint Network,https://www.chargepoint.com,GPS,42.28774,-83.729123,2026-08-09,347328,2026-08-09 02:38:50 UTC,,,,2024-06-04,,,,,J1772,US,,,,Public,,public,,,,,,,,,,,,,,,,,,,,False,,,,,,,,,False,
ELEC,ROCK CPW BLDG 9,2047 Chelsea Ln,BLDG 9,Traverse City,MI,49685,,888-758-4389,E,,Public,24 hours daily,,,,,,2.0,,,ChargePoint Network,https://www.chargepoint.com,GPS,44.717906,-85.642025,2026-08-09,347472,2026-08-09 02:38:56 UTC,,,,2024-06-06,,,,,J1772,US,,,,Public,,public,,,,,,,,,,,,,,,,,,,,False,,,,,,,,,False,
ELEC,SPECTRUM HEALTH S. RAMP LEVEL 1,230 Ransom Ave NE,"Northwest corner, near Stair A.",Grand Rapids,MI,49503,,888-758-4389,E,,Public,24 hours daily,,,,,,2.0,,,ChargePoint Network,https://www.chargepoint.com,GPS,42.967986,-85.664834,2026-08-09,347850,2026-08-09 02:40:07 UTC,,,,2024-06-14,,,,,J1772,US,,,,Public,,public,,,,,,,,,,,,,,,,,,,,False,,,,,,,,,False,
ELEC,SPECTRUM HEALTH S RAMP LEVEL 2,230 Ransom Ave NE,"Northwest corner, near Stair A",Grand Rapids,MI,49503,,888-758-4389,E,,Public,24 hours daily,,,,,,2.0,,,ChargePoint Network,https://www.chargepoint.com,GPS,42.967961,-85.665126,2026-08-09,347854,2026-08-09 02:40:08 UTC,,,,2024-06-14,,,,,J1772,US,,,,Public,,public,,,,,,,,,,,,,,,,,,,,False,,,,,,,,,False,
ELEC,SPECTRUM HEALTH S RAMP LEVEL 3,230 Ransom Ave NE,"Northwest corner, near Stair A",Grand Rapids,MI,49503,,888-758-4389,E,,Public,24 hours daily,,,,,,2.0,,,ChargePoint Network,https://www.chargepoint.com,GPS,42.967969,-85.665083,2026-08-09,347856,2026-08-09 02:40:09 UTC,,,,2024-06-14,,,,,J1772,US,,,,Public,,public,,,,,,,,,,,,,,,,,,,,False,,,,,,,,,False,
ELEC,7112 E Michigan Ave,7112 E Michigan Ave,,Saline,MI,48176,,866-816-7584,E,,Public,24 hours daily,,,,,,,2.0,,EV Connect,https://www.evconnect.com,GPS,42.184488,-83.741738,2026-08-09,347902,2026-08-09 03:50:21 UTC,,,,2024-06-14,,,,,J1772COMBO,US,,,,Public,,public,,,,,,,,,,,,,,,,,,,,False,,,,,,,,,False,
ELEC,MAIN CAMPUS STATE-1,675 North State Street,State St,Zeeland,MI,49464,,888-758-4389,E,,Public,24 hours daily,,,,,,2.0,,,ChargePoint Network,https://www.chargepoint.com,GPS,42.824709,-86.018668,2026-08-09,348169,2026-08-09 02:39:47 UTC,,,,2024-06-20,,,,,J1772,US,,,,Public,,public,,,,,,,,,,,,,,,,,,,,False,,,,,,,,,False,
ELEC,MAIN CAMPUS STATE-2,675 North State Street,State St,Zeeland,MI,49464,,888-758-4389,E,,Public,24 hours daily,,,,,,2.0,,,ChargePoint Network,https://www.chargepoint.com,GPS,42.824707,-86.018737,2026-08-09,348170,2026-08-09 02:39:47 UTC,,,,2024-06-20,,,,,J1772,US,,,,Public,,public,,,,,,,,,,,,,,,,,,,,False,,,,,,,,,False,
ELEC,MAIN CAMPUS STATE-3,675 North State Street,State St,Zeeland,MI,49464,,888-758-4389,E,,Public,24 hours daily,,,,,,2.0,,,ChargePoint Network,https://www.chargepoint.com,GPS,42.824706,-86.018804,2026-08-09,348171,2026-08-09 02:39:47 UTC,,,,2024-06-20,,,,,J1772,US,,,,Public,,public,,,,,,,,,,,,,,,,,,,,False,,,,,,,,,False,
ELEC,MAIN CAMPUS STATE-4,675 North State Street,State St,Zeeland,MI,49464,,888-758-4389,E,,Public,24 hours daily,,,,,,2.0,,,ChargePoint Network,https://www.chargepoint.com,GPS,42.824707,-86.018879,2026-08-09,348172,2026-08-09 02:39:47 UTC,,,,2024-06-20,,,,,J1772,US,,,,Public,,public,,,,,,,,,,,,,,,,,,,,False,,,,,,,,,False,
ELEC,MAIN CAMPUS 310-2,310 Riley Street,310 Riley,Zeeland,MI,49464,,888-758-4389,E,,Public,24 hours daily,,,,,,2.0,,,ChargePoint Network,https://www.chargepoint.com,GPS,42.826297,-86.010824,2026-08-09,348173,2026-08-09 02:39:57 UTC,,,,2024-06-20,,,,,J1772,US,,,,Public,,public,,,,,,,,,,,,,,,,,,,,False,,,,,,,,,False,
ELEC,MAIN CAMPUS 310-1,310 Riley Street,310 Riley,Zeeland,MI,49464,,888-758-4389,E,,Public,24 hours daily,,,,,,2.0,,,ChargePoint Network,https://www.chargepoint.com,GPS,42.826232,-86.010824,2026-08-09,348174,2026-08-09 02:39:57 UTC,,,,2024-06-20,,,,,J1772,US,,,,Public,,public,,,,,,,,,,,,,,,,,,,,False,,,,,,,,,False,
ELEC,JACKSONHOSPITAL JH LOT C 1A,911 E Pearl St,Lot C - Corner of Pearl and N Waterloo Sts.,Jackson,MI,49201,,888-758-4389,E,,Public,24 hours daily,,,,,,2.0,,,ChargePoint Network,https://www.chargepoint.com,GPS,42.250193,-84.394841,2026-08-09,349600,2026-08-09 01:12:13 UTC,,,,2024-06-28,,,,,J1772,US,,,,Public,,public,,,,,,,,,,,,,,,,,,,,False,,,,,,,,,False,
ELEC,EAST MICHIGAN 1 E MICHIGAN 1,387 Lawndale Ave,,Kalamazoo,MI,49048,,888-758-4389,E,,Public,24 hours daily,,,,,,2.0,,,ChargePoint Network,https://www.chargepoint.com,GPS,42.284623,-85.479721,2026-08-09,349624,2026-08-09 02:40:42 UTC,,,,2024-06-28,,,,,J1772,US,,,,Public,,public,,,,,,,,,,,,,,,,,,,,False,,,,,,,,,False,
ELEC,Flying J 667,7800 West Grand River Ave.,,Grand Ledge,MI,48837,,877-455-3833,E,,Public,24 hours daily,,,,,,,4.0,,eVgo Network,https://www.evgo.com,GPS,42.7878,-84.67784,2026-08-09,350005,2026-08-10 00:00:03 UTC,,,,2024-07-04,,,,,J1772COMBO,US,,,,Public,,public,,,,,,,,,,,,,,,,,,,,False,,,,,,,,,False,
ELEC,"C. Wimberley Chevrolet, Buick, GMC",57333 M-51 South,,Dowagiac,MI,49047,,888-998-2546,E,,Public,24 hours daily,,,,,,,2.0,,Blink Network,https://blinkcharging.com,GPS,41.965242,-86.14245,2026-08-10,350490,2026-08-10 00:14:09 UTC,,,,2023-06-02,,,,,J1772COMBO,US,,,,Public,,public,,,,,,,,,,,,,,,,,,,,False,,,,,,,,,False,
ELEC,Crest Ford Flat Rock MI,22675 Gibraltar Rd,,Flat Rock,MI,48134,,313-262-6722,E,,Public,,,,,,,,4.0,,RED_E,https://www.redecharge.com,GPS,42.09421,-83.25248885,2026-08-09,350973,2026-08-09 05:12:31 UTC,,,,2024-05-08,,,,,J1772COMBO,US,,,,Public,,public,,,PUBLIC,,,,,,,,,,,,,,,,,False,,,,,,,,,False,
ELEC,Barton St New Buffalo MI,132 N Barton St,,New Buffalo,MI,49117,,313-262-6722,E,,Public,,,,,,,2.0,,,RED_E,https://www.redecharge.com,GPS,41.7954825196,-86.746650174,2026-08-09,351259,2026-08-09 05:12:09 UTC,,,,2023-08-29,,,,,J1772,US,,,,Public,,public,,,PUBLIC,,,,,,,,,,,,,,,,,False,,,,,,,,,False,
ELEC,Gorno Ford Woodhaven,22025 Allen Rd,,Woodhaven,MI,48183,,313-262-6722,E,,Public,,,,,,,2.0,4.0,,RED_E,https://www.redecharge.com,GPS,42.146947744388,-83.226104798204,2026-08-09,351266,2026-08-09 05:12:23 UTC,,,,2023-12-13,,,,,J1772 J1772COMBO,US,,,,Public,,public,,,PUBLIC,,,,,,,,,,,,,,,,,False,,,,,,,,,False,
ELEC,Clinton Twp Amoco,33960 Gratiot Ave,,Clinton Twp,MI,48035,,313-262-6722,E,,Public,,,,,,,,4.0,,RED_E,https://www.redecharge.com,GPS,42.546635207443,-82.903784150577,2026-08-09,351288,2026-08-09 05:12:17 UTC,,,,2023-11-14,,,,,J1772COMBO,US,,,,Public,,public,,,PUBLIC,,,,,,,,,,,,,,,,,False,,,,,,,,,False,
ELEC,Bagley Mobility Hub,1501 Wabash St,,Detroit,MI,48216,,313-262-6722,E,,Public,,,,,,,24.0,8.0,,RED_E,https://www.redecharge.com,GPS,42.326588651601,-83.072952086094,2026-08-09,351289,2026-08-09 05:12:21 UTC,,,,2024-06-06,,,,,J1772 J1772COMBO,US,,,,Public,,public,,,PUBLIC,,,,,,,,,,,,,,,,,False,,,,,,,,,False,
ELEC,Jefferson Chevrolet Detroit,2130 E Jefferson Ave,,Detroit,MI,48207,,313-262-6722,E,,Public,,,,,,,,2.0,,RED_E,https://www.redecharge.com,GPS,42.33682555833,-83.025311702,2026-08-09,351290,2026-08-09 05:12:23 UTC,,,,2024-01-04,,,,,J1772COMBO,US,,,,Public,,public,,,PUBLIC,,,,,,,,,,,,,,,,,False,,,,,,,,,False,
ELEC,Belle Isle Charging Station,176 Lakeside Dr,,Detroit,MI,48207,,313-262-6722,E,,Public,,,,,,,,4.0,,RED_E,https://www.redecharge.com,GPS,42.347143957566,-82.9641579999,2026-08-09,351291,2026-08-09 05:12:31 UTC,,,,2024-05-09,,,,,CHADEMO J1772COMBO,US,,,,Public,,public,,,PUBLIC,,,,,,,,,,,,,,,,,False,,,,,,,,,False,
ELEC,Cloverleaf BP Southfield,28995 Telegraph Rd,,Southfield,MI,48034,,313-262-6722,E,,Public,,,,,,,,8.0,,RED_E,https://www.redecharge.com,GPS,42.500449708635,-83.28573777171,2026-08-09,351292,2026-08-09 05:12:25 UTC,,,,2024-02-08,,,,,J1772COMBO TESLA,US,,,,Public,,public,,,PUBLIC,,,,,,,,,,,,,,,,,False,,,,,,,,,False,
ELEC,Avis Ford of Southfield,29200 Telegraph Rd,,Southfield,MI,48034,,313-262-6722,E,,Public,,,,,,,6.0,4.0,,RED_E,https://www.redecharge.com,GPS,42.50256929832,-83.2838799684,2026-08-09,351293,2026-08-09 05:12:34 UTC,,,,2024-06-17,,,,,J1772 J1772COMBO,US,,,,Public,,public,,,PUBLIC,,,,,,,,,,,,,,,,,False,,,,,,,,,False,
ELEC,Mobil Sylvan Lake,2400 Orchard Lake Rd,,Sylvan Lake,MI,48320,,313-262-6722,E,,Public,,,,,,,,4.0,,RED_E,https://www.redecharge.com,GPS,42.610518927827,-83.3317148202,2026-08-09,351294,2026-08-09 05:12:32 UTC,,,,2024-05-21,,,,,J1772COMBO,US,,,,Public,,public,,,PUBLIC,,,,,,,,,,,,,,,,,False,,,,,,,,,False,
ELEC,Hines Park Ford,56558 Pontiac Trail,,New Hudson,MI,48165,,313-262-6722,E,,Public,,,,,,,3.0,4.0,,RED_E,https://www.redecharge.com,GPS,42.520955805775,-83.6112838661,2026-08-09,351295,2026-08-09 05:12:30 UTC,,,,2024-04-10,,,,,J1772 J1772COMBO,US,,,,Public,,public,,,PUBLIC,,,,,,,,,,,,,,,,,False,,,,,,,,,False,
ELEC,Bob Maxey Ford of Howell,2798 E Grand River Ave,,Howell,MI,48843,,313-262-6722,E,,Public,,,,,,,2.0,4.0,,RED_E,https://www.redecharge.com,GPS,42.59554996723,-83.89936242775,2026-08-09,351297,2026-08-09 05:12:27 UTC,,,,2024-02-26,,,,,J1772 J1772COMBO,US,,,,Public,,public,,,PUBLIC,,,,,,,,,,,,,,,,,False,,,,,,,,,False,
ELEC,Lunghamer Ford Owosso,1960 E Main St,,Owosso,MI,48867,,313-262-6722,E,,Public,,,,,,,4.0,4.0,,RED_E,https://www.redecharge.com,GPS,42.9976656665,-84.1281621066,2026-08-09,351299,2026-08-09 05:12:23 UTC,,,,2023-12-22,,,,,J1772 J1772COMBO,US,,,,Public,,public,,,PUBLIC,,,,,,,,,,,,,,,,,False,,,,,,,,,False,
ELEC,DeNooyer Chevrolet Marshall MI,1201 W Michigan Ave,,Marshall,MI,49068,,313-262-6722,E,,Public,,,,,,,1.0,2.0,,RED_E,https://www.redecharge.com,GPS,42.27154982,-84.98221475,2026-08-09,351302,2026-08-09 05:12:17 UTC,,,,2024-06-24,,,,,J1772 J1772COMBO,US,,,,Public,,public,,,PUBLIC,,,,,,,,,,,,,,,,,False,,,,,,,,,False,
ELEC,Hoekstra Transportation Mercedes Benz Van Center,255 36th St SE,,Grand Rapids,MI,49548,,313-262-6722,E,,Public,,,,,,,,2.0,,RED_E,https://www.redecharge.com,GPS,42.89906155357,-85.6593042767,2026-08-09,351304,2026-08-09 05:12:26 UTC,,,,2024-02-19,,,,,J1772COMBO,US,,,,Public,,public,,,PUBLIC,,,,,,,,,,,,,,,,,False,,,,,,,,,False,
ELEC,Dunes View Kwik Shop,6397 Blue Star Hwy,,Saugatuck,MI,49463,,313-262-6722,E,,Public,,,,,,,,2.0,,RED_E,https://www.redecharge.com,GPS,42.680973996628,-86.1738701517,2026-08-09,351306,2026-08-09 05:12:37 UTC,,,,2024-07-08,,,,,J1772COMBO,US,,,,Public,,public,,,PUBLIC,,,,,,,,,,,,,,,,,False,,,,,,,,,False,
ELEC,Log Cabin Marathon,12780 Old 14 Mile Rd NE,,Greenville,MI,48838,,313-262-6722,E,,Public,,,,,,,,2.0,,RED_E,https://www.redecharge.com,GPS,43.176031249869,-85.353220379,2026-08-09,351307,2026-08-09 05:12:26 UTC,,,,2024-02-14,,,,,J1772COMBO,US,,,,Public,,public,,,PUBLIC,,,,,,,,,,,,,,,,,False,,,,,,,,,False,
ELEC,Pizza King Mt Pleasant,600 S Mission St,,Mt Pleasant,MI,48858,,313-262-6722,E,,Public,,,,,,,,2.0,,RED_E,https://www.redecharge.com,GPS,43.59945118958,-84.768059384633,2026-08-09,351310,2026-08-09 05:12:19 UTC,,,,2023-10-31,,,,,J1772COMBO,US,,,,Public,,public,,,PUBLIC,,,,,,,,,,,,,,,,,False,,,,,,,,,False,
ELEC,Graff Chevrolet Bay City MI,3636 Wilder Rd,,Bay City,MI,48706,,313-262-6722,E,,Public,,,,,,,2.0,2.0,,RED_E,https://www.redecharge.com,GPS,43.623009037958,-83.90802333451,2026-08-09,351311,2026-08-09 05:12:13 UTC,,,,2023-05-19,,,,,CHADEMO J1772 J1772COMBO,US,,,,Public,,public,,,PUBLIC,,,,,,,,,,,,,,,,,False,,,,,,,,,False,
ELEC,Wesco Scottville MI,117 Main St N,,Scottville,MI,49454,,313-262-6722,E,,Public,,,,,,,,2.0,,RED_E,https://www.redecharge.com,GPS,43.955857,-86.280238,2026-08-09,351312,2026-08-09 05:12:29 UTC,,,,2024-04-30,,,,,J1772COMBO,US,,,,Public,,public,,,PUBLIC,,,,,,,,,,,,,,,,,False,,,,,,,,,False,
ELEC,Wesco Ludington MI,301 W Ludington Ave,,Ludington,MI,49431,,313-262-6722,E,,Public,,,,,,,,2.0,,RED_E,https://www.redecharge.com,GPS,43.955252268886,-86.45100769053,2026-08-09,351313,2026-08-09 05:12:29 UTC,,,,2024-04-04,,,,,J1772COMBO,US,,,,Public,,public,,,PUBLIC,,,,,,,,,,,,,,,,,False,,,,,,,,,False,
ELEC,CORNER EXPRESS Wellston MI,11252 M-55,,Wellston,MI,49689,,313-262-6722,E,,Public,,,,,,,,2.0,,RED_E,https://www.redecharge.com,GPS,44.22333902155,-85.8051648406,2026-08-09,351314,2026-08-09 05:12:37 UTC,,,,2024-07-08,,,,,J1772COMBO,US,,,,Public,,public,,,PUBLIC,,,,,,,,,,,,,,,,,False,,,,,,,,,False,
ELEC,Rogers Family Foods Glennie MI,3257 S State Rd,,Glennie,MI,48737,,313-262-6722,E,,Public,,,,,,,,2.0,,RED_E,https://www.redecharge.com,GPS,44.55990824,-83.72490843,2026-08-09,351315,2026-08-09 05:12:18 UTC,,,,2023-12-12,,,,,J1772COMBO,US,,,,Public,,public,,,PUBLIC,,,,,,,,,,,,,,,,,False,,,,,,,,,False,
ELEC,Sheriff Office Public Parking,1025 Indpendence BLVD,,Charlotte,MI,48813,,866-816-7584,E,,Public,24 hours daily,,,,,,4.0,,,EV Connect,https://www.evconnect.com,GPS,42.580248,-84.846252,2026-08-09,351351,2026-08-09 03:50:30 UTC,,,,2024-07-23,,,,,J1772,US,,,,Public,,public,,,,,,,,,,,,,,,,,,,,False,,,,,,,,,False,
ELEC,Miller Apartment - Forth - Public,701 Miller Ave,,Ann Arbor,MI,48103,,855-885-9571,E,,Public,24 hours daily,,,,,,1.0,,,OpConnect,https://opconnect-ev.com,GPS,42.2844531,-83.7560763,2026-08-09,351410,2026-08-09 03:44:25 UTC,,,,2024-07-24,,,,,J1772,US,,,,Public,,public,,,,,,,,,,,,,,,,,,,,False,,,,,,,,,False,
ELEC,Carrot Way Apartments - Forth - Public,1731 Dhu Varren Rd,,Burton,MI,48509,,855-885-9571,E,,Public,24 hours daily,,,,,,1.0,,,OpConnect,https://opconnect-ev.com,GPS,42.3180126,-83.7272678,2026-08-09,351411,2026-08-09 03:44:25 UTC,,,,2024-07-24,,,,,J1772,US,,,,Public,,public,,,,,,,,,,,,,,,,,,,,False,,,,,,,,,False,
ELEC,735 Forest Ave,735 Forest Ave,,Birmingham,MI,48009,,,E,,Public,24 hours daily,A ANDROID_PAY APPLE_PAY M V,,,,,5.0,,,EPIC_CHARGING,https://epiccharging.com,200-8,42.54571,-83.20928,2026-06-12,351602,2026-06-12 17:15:57 UTC,P,,,2024-07-01,,,,,J1772,US,,,,Public,,public,,,PARKING_LOT,,,,,,,$0.40 per kWh 8am-5pm; $0.50 per kWh 5pm-8am,,,,,,,,,,False,,,,,,,,LD,False,
ELEC,The Stoudamire ECN -Forth- Public,4401 Conner St,,Detroit,MI,48215,,855-885-9571,E,,Public,24 hours daily,,,,,,2.0,,,OpConnect,https://opconnect-ev.com,GPS,42.3863138,-82.9708597,2026-08-09,351657,2026-08-09 03:44:25 UTC,,,,2024-07-27,,,,,J1772,US,,,,Public,,public,,,,,,,,,,,,,,,,,,,,False,,,,,,,,,False,
ELEC,Spirit Ford Dundee MI,4402 N Ann Arbor Rd,,Dundee,MI,48131,,313-262-6722,E,,Public,,,,,,,4.0,4.0,,RED_E,https://www.redecharge.com,GPS,41.9604285,-83.6709325,2026-08-09,351684,2026-08-09 05:12:34 UTC,,,,2024-06-19,,,,,J1772 J1772COMBO,US,,,,Public,,public,,,PUBLIC,,,,,,,,,,,,,,,,,False,,,,,,,,,False,
ELEC,Rice N Shine Buffet,1395 N Telegraph Rd,,Monroe,MI,48162,,313-262-6722,E,,Public,,,,,,,5.0,,,RED_E,https://www.redecharge.com,GPS,41.940911580995,-83.4056747745,2026-08-09,351685,2026-08-09 05:12:25 UTC,,,,2024-06-01,,,,,J1772,US,,,,Public,,public,,,PUBLIC,,,,,,,,,,,,,,,,,False,,,,,,,,,False,
ELEC,Washtenaw N 4th Ave,219 N 4th Ave,,Ann Arbor,MI,48104,,313-262-6722,E,,Public,,,,,,,2.0,,,RED_E,https://www.redecharge.com,GPS,42.2830109,-83.7477409,2026-08-09,351686,2026-08-09 05:12:31 UTC,,,,2024-05-01,,,,,J1772,US,,,,Public,,public,,,PUBLIC,,,,,,,,,,,,,,,,,False,,,,,,,,,False,
ELEC,Taylor Subway,9200 Telegraph Rd,,Taylor,MI,48180,,313-262-6722,E,,Public,,,,,,,2.0,,,RED_E,https://www.redecharge.com,GPS,42.240532708386,-83.2703371004,2026-08-09,351688,2026-08-09 05:12:31 UTC,,,,2024-05-04,,,,,J1772,US,,,,Public,,public,,,PUBLIC,,,,,,,,,,,,,,,,,False,,,,,,,,,False,
ELEC,FunZonez,27200 Joy Rd,,Redford Charter Twp,MI,48239,,313-262-6722,E,,Public,,,,,,,2.0,,,RED_E,https://www.redecharge.com,GPS,42.355959066909,-83.31131804107,2026-08-09,351689,2026-08-09 05:12:19 UTC,,,,2022-11-20,,,,,J1772,US,,,,Public,,public,,,PUBLIC,,,,,,,,,,,,,,,,,False,,,,,,,,,False,
ELEC,Epic Deals Livonia,29055 Plymouth Rd,,Livonia,MI,48150,,313-262-6722,E,,Public,,,,,,,2.0,,,RED_E,https://www.redecharge.com,GPS,42.36883293485,-83.328936716,2026-08-09,351690,2026-08-09 05:12:17 UTC,,,,2024-05-31,,,,,J1772,US,,,,Public,,public,,,PUBLIC,,,,,,,,,,,,,,,,,False,,,,,,,,,False,
ELEC,Graff Chevrolet Durand MI,9009 Lansing Rd,,Durand,MI,48429,,313-262-6722,E,,Public,,,,,,,,3.0,,RED_E,https://www.redecharge.com,GPS,42.926158526992,-83.986776767152,2026-08-09,351691,2026-08-09 05:12:14 UTC,,,,2024-07-24,,,,,CHADEMO J1772COMBO,US,,,,Public,,public,,,PUBLIC,,,,,,,,,,,,,,,,,False,,,,,,,,,False,
ELEC,Riverside Auto Sales of Marquette,3330 US Hwy 41,,Marquette,MI,49855,,888-998-2546,E,,Public,24 hours daily,,,,,,2.0,,,Blink Network,https://blinkcharging.com,GPS,46.550570471155886,-87.46217400331325,2026-08-10,351905,2026-08-10 00:31:16 UTC,,,,2023-07-07,,,,,J1772,US,,,,Public,,public,,,,,,,,,,,,,,,,,,,,False,,,,,,,,,False,
ELEC,Leland Lodge,565 E Pearl Street,,Leland,MI,49654,,313-262-6722,E,,Public,,,,,,,2.0,,,RED_E,https://www.redecharge.com,GPS,45.023398062324,-85.754976804633,2026-08-09,351951,2026-08-09 05:12:13 UTC,,,,2024-07-31,,,,,J1772,US,,,,Public,,public,,,PUBLIC,,,,,,,,,,,,,,,,,False,,,,,,,,,False,
ELEC,Traverse Area District Library,610 Woodmere Ave,,Traverse City,MI,49686,,313-262-6722,E,,Public,,,,,,,2.0,,,RED_E,https://www.redecharge.com,GPS,44.756748606,-85.6085193358,2026-08-09,351952,2026-08-09 05:12:32 UTC,,,,2024-06-27,,,,,J1772,US,,,,Public,,public,,,PUBLIC,,,,,,,,,,,,,,,,,False,,,,,,,,,False,
ELEC,Washington St Public Parking,223 Washington St,,Traverse City,MI,49684,,313-262-6722,E,,Public,,,,,,,4.0,,,RED_E,https://www.redecharge.com,GPS,44.76192829086,-85.6197916802,2026-08-09,351953,2026-08-09 05:12:36 UTC,,,,2024-06-27,,,,,J1772,US,,,,Public,,public,,,PUBLIC,,,,,,,,,,,,,,,,,False,,,,,,,,,False,
ELEC,State St Public Parking,121 W State St,,Traverse City,MI,49684,,313-262-6722,E,,Public,,,,,,,4.0,,,RED_E,https://www.redecharge.com,GPS,44.76270635162,-85.6248494325,2026-08-09,351954,2026-08-09 05:12:35 UTC,,,,2024-06-27,,,,,J1772,US,,,,Public,,public,,,PUBLIC,,,,,,,,,,,,,,,,,False,,,,,,,,,False,
ELEC,Hall St Public Parking,130 Hall St,,Traverse City,MI,49684,,313-262-6722,E,,Public,,,,,,,4.0,2.0,,RED_E,https://www.redecharge.com,GPS,44.7647415632,-85.6276929703,2026-08-09,351955,2026-08-09 05:12:35 UTC,,,,2024-06-27,,,,,CHADEMO J1772 J1772COMBO,US,,,,Public,,public,,,PUBLIC,,,,,,,,,,,,,,,,,False,,,,,,,,,False,
ELEC,Clinch Park Marina Public Parking,107 E Grandview Pkwy,,Traverse City,MI,49684,,313-262-6722,E,,Public,,,,,,,4.0,4.0,,RED_E,https://www.redecharge.com,GPS,44.766080876342,-85.6237272801,2026-08-09,351956,2026-08-09 05:12:35 UTC,,,,2024-06-27,,,,,CHADEMO J1772 J1772COMBO,US,,,,Public,,public,,,PUBLIC,,,,,,,,,,,,,,,,,False,,,,,,,,,False,
ELEC,TC Chamber Public Parking,202 E Grandview Pkwy,,Traverse City,MI,49684,,313-262-6722,E,,Public,,,,,,,4.0,,,RED_E,https://www.redecharge.com,GPS,44.7649207174,-85.6203845818,2026-08-09,351957,2026-08-09 05:12:35 UTC,,,,2024-06-27,,,,,J1772,US,,,,Public,,public,,,PUBLIC,,,,,,,,,,,,,,,,,False,,,,,,,,,False,
ELEC,Rockford City Hall Lot,21 S Monroe St NE,,Rockford,MI,49341,,313-262-6722,E,,Public,,,,,,,2.0,,,RED_E,https://www.redecharge.com,GPS,43.11892990532,-85.55941372382,2026-08-09,351959,2026-08-09 05:12:29 UTC,,,,2024-03-21,,,,,J1772,US,,,,Public,,public,,,PUBLIC,,,,,,,,,,,,,,,,,False,,,,,,,,,False,
ELEC,WASHCOMMCOLLEGE PARKING 5,4800 E Huron River Drive,,Ann Arbor,MI,48105,,888-758-4389,E,,Public,24 hours daily,,,,,,2.0,,,ChargePoint Network,https://www.chargepoint.com,GPS,42.262303,-83.664779,2026-08-09,351973,2026-08-09 01:24:10 UTC,,,,2024-08-02,,,,,J1772,US,,,,Public,,public,,,,,,,,,,,,,,,,,,,,False,,,,,,,,,False,
ELEC,640 East 8th Street,640 East 8th Street,,Holland,MI,49423,,866-816-7584,E,,Public,24 hours daily,,,,,,,4.0,,EV Connect,https://www.evconnect.com,GPS,42.790331,-86.079191,2026-08-09,352111,2026-08-09 03:50:07 UTC,,,,2024-08-06,,,,,J1772COMBO,US,,,,Public,,public,,,,,,,,,,,,,,,,,,,,False,,,,,,,,,False,
ELEC,NORTHSTARAA NRTH STR PRKNG,3040 Lohr Road,In the Northstar bank parking lot near their drive thru,Ann Arbor,MI,48108,,888-758-4389,E,,Public,24 hours daily,,,,,,2.0,,,ChargePoint Network,https://www.chargepoint.com,GPS,42.240998,-83.763746,2026-08-09,352205,2026-08-09 02:41:52 UTC,,,,2024-08-08,,,,,J1772,US,,,,Public,,public,,,,,,,,,,,,,,,,,,,,False,,,,,,,,,False,
ELEC,Tru Hotel,3572 US-31,,Traverse City,MI,49684,,833-692-6787,E,,Public,24 hours daily; guests only,A D Debit M V,,,,,2.0,,,AMPUP,https://ampup.io,GPS,44.73864109,-85.64210571,2024-09-12,352340,2026-08-05 18:21:35 UTC,P,,,2024-08-05,,,,,J1772,US,,,,Public,,public,,,HOTEL,,,,,,,Free,,,,,,,,,,True,,,,,,,,LD,False,
ELEC,Wevo Energy - Roger's Family Foods,5760 W Houghton Lake Rd,,Lake City,MI,49651,,888-991-9386,E,,Public,24 hours daily,A D Debit M V,,,,,,2.0,,Non-Networked,,GPS,44.33934415,-85.21089536,2024-09-12,352341,2026-07-08 15:05:53 UTC,P,,,2024-08-05,,,,,J1772COMBO TESLA,US,,,,Public,,public,,,GROCERY,,,,,,,"$0.50 per session, $0.49 per kWh",,,,,,,,,,False,,,,,,,,LD,False,
ELEC,Wevo Energy - Reed City Ace Hardware,838 S Chestnut St,,Reed City,MI,49677,,888-991-9386,E,,Public,24 hours daily,A D Debit M V,,,,,,2.0,,Non-Networked,,GPS,43.86460406,-85.50769843,2026-07-15,352342,2026-07-15 18:47:09 UTC,P,,,2024-08-05,,,,,J1772COMBO TESLA,US,,,,Public,,public,,,PARKING_LOT,,,,,,,"$0.50 per session, $0.49 per kWh",,,,,,,,,,False,,,,,,,,LD,False,
ELEC,Lake Wind Energy Park,4925 W Progress Dr,,Ludington,MI,49431,,800-477-5050,E,,Public,24 hours daily,A D Debit M V,,,,,1.0,,,Non-Networked,,GPS,43.94127621,-86.40340357,2024-09-12,352343,2026-07-08 15:32:17 UTC,P,,,2024-08-05,,,,,J1772,US,,,,Public,,public,,,PARKING_LOT,,,,,,,Free,,,,,,,,,,False,,,,,,,,LD,False,
ELEC,Sand Bay Trading Co & Woody's Grand Lake,14313 E Highway 638,,Presque Isle,MI,49777,,989-595-0242,E,,Public,24 hours daily,A D Debit M V,,,,,2.0,,,Non-Networked,,GPS,45.33149558,-83.55664427,2026-07-15,352344,2026-07-15 18:47:09 UTC,P,,,2024-08-05,,,,,J1772,US,,,,Public,,public,,,PARKING_LOT,,,,,,,Free,,,,,,,,,,False,,,,,,,,LD,False,
ELEC,Knaebe's Apple Farm & Cider Works,2621 S Karsten Rd,,Rogers City,MI,49779,,(989) 657-0141,E,,Public,24 hours daily,A D Debit M V,,,,,2.0,,,Non-Networked,,GPS,45.37757507,-83.90559747,2024-09-12,352345,2026-08-03 20:32:19 UTC,P,,,2024-08-05,,,,,J1772,US,,,,Public,,public,,,PARKING_LOT,,,,,,,Free,,,,,,,,,,False,,,,,,,,LD,False,
ELEC,Melody Beach Cottages,1421 Business Loop 75,,St. Ignace,MI,49781,,906-298-1978,E,,Public,For guest use only,A D Debit M V,,,,,1.0,,,Non-Networked,,GPS,45.89758049,-84.73500183,2026-07-15,352346,2026-07-15 18:47:09 UTC,P,,,2024-08-05,,,,,J1772,US,,,,Public,,public,,,HOTEL,,,,,,,Free,,,,,,,,,,True,,,,,,,,LD,False,
ELEC,MICHIGAN DEPART STATION 1,3582 State Park Dr,,Bay City,MI,48706,,888-758-4389,E,,Public,24 hours daily,,,,,,2.0,,,ChargePoint Network,https://www.chargepoint.com,GPS,43.669537,-83.910898,2026-08-09,352387,2026-08-09 02:41:05 UTC,,,,2024-08-10,,,,,J1772,US,,,,Public,,public,,,,,,,,,,,,,,,,,,,,False,,,,,,,,,False,
ELEC,MICHIGAN DEPART STATION 2,3582 State Park Dr,,Bay City,MI,48706,,888-758-4389,E,,Public,24 hours daily,,,,,,2.0,,,ChargePoint Network,https://www.chargepoint.com,GPS,43.66959,-83.910978,2026-08-09,352389,2026-08-09 02:41:06 UTC,,,,2024-08-10,,,,,J1772,US,,,,Public,,public,,,,,,,,,,,,,,,,,,,,False,,,,,,,,,False,
ELEC,Richardson Midland,2400 N Saginaw Rd,,Midland,MI,48640,,866-816-7584,E,,Public,24 hours daily,,,,,,1.0,2.0,,EV Connect,https://www.evconnect.com,GPS,43.641777,-84.255948,2026-08-09,352475,2026-08-09 03:48:16 UTC,,,,2024-08-13,,,,,J1772 J1772COMBO,US,,,,Public,,public,,,,,,,,,,,,,,,,,,,,False,,,,,,,,,False,
ELEC,Bell Ford Lincoln - Level 2,4510 U.S. 223,,Adrian,MI,49221,,888-998-2546,E,,Public,24 hours daily,,,,,,5.0,,,Blink Network,https://blinkcharging.com,GPS,41.86764385,-83.97258459,2026-08-10,352639,2026-08-10 00:57:53 UTC,,,,2024-08-14,,,,,J1772,US,,,,Public,,public,,,,,,,,,,,,,,,,,,,,False,,,,,,,,,False,
ELEC,Hampton Inn Saline,1250 E Michigan Ave,,Saline,MI,48176,,866-816-7584,E,,Public,24 hours daily,,,,,,1.0,,,EV Connect,https://www.evconnect.com,GPS,42.174886,-83.759465,2026-08-09,352695,2026-08-09 03:50:21 UTC,,,,2024-08-15,,,,,J1772,US,,,,Public,,public,,,,,,,,,,,,,,,,,,,,False,,,,,,,,,False,
ELEC,Seelye Ford,3820 Stadium Drive,,Kalamazoo,MI,49008,,888-998-2546,E,,Public,24 hours daily,,,,,,1.0,,,Blink Network,https://blinkcharging.com,GPS,42.271634,-85.637128,2026-08-10,352715,2026-08-10 00:23:19 UTC,,,,2024-08-15,,,,,J1772,US,,,,Public,,public,,,,,,,,,,,,,,,,,,,,False,,,,,,,,,False,
ELEC,Southgate Ford,16501 Fort St,,Southgate MI,MI,48195,,313-262-6722,E,,Public,,,,,,,,4.0,,RED_E,https://www.redecharge.com,GPS,42.18777406174,-83.1841518149,2026-08-09,352962,2026-08-09 05:12:39 UTC,,,,2024-07-26,,,,,J1772COMBO,US,,,,Public,,public,,,PUBLIC,,,,,,,,,,,,,,,,,False,,,,,,,,,False,
ELEC,Bell Ford Lincoln - DCFC,4510 U.S. 223,,Adrian,MI,49221,,888-998-2546,E,,Public,24 hours daily,,,,,,,4.0,,Blink Network,https://blinkcharging.com,GPS,41.90635909782065,-84.07412773328926,2026-08-10,353050,2026-08-10 00:10:50 UTC,,,,2024-08-14,,,,,J1772COMBO,US,,,,Public,,public,,,,,,,,,,,,,,,,,,,,False,,,,,,,,,False,
ELEC,Riverside Chevy GMC,5273 US-41,,Escanaba,MI,49829,,888-998-2546,E,,Public,24 hours daily,,,,,,2.0,2.0,,Blink Network,https://blinkcharging.com,GPS,45.745295,-87.101685,2026-08-10,353440,2026-08-10 00:47:58 UTC,,,,2024-07-18,,,,,J1772 J1772COMBO,US,,,,Public,,public,,,,,,,,,,,,,,,,,,,,False,,,,,,,,,False,
ELEC,Betten Chevrolet,2474 Henry St,,Muskegon,MI,49441,,866-816-7584,E,,Public,24 hours daily,,,,,,2.0,2.0,,EV Connect,https://www.evconnect.com,GPS,43.20824,-86.262139,2026-08-09,353486,2026-08-09 03:48:30 UTC,,,,2024-08-22,,,,,J1772 J1772COMBO,US,,,,Public,,public,,,,,,,,,,,,,,,,,,,,False,,,,,,,,,False,
ELEC,Hampton Inn South Haven - Tesla Destination,04299 Cecilia Dr,,South Haven,MI,49090,,877-798-3752,E,,Public,,A D Debit M V,,,,,4.0,,,Tesla Destination,https://www.tesla.com/destination-charging,GPS,42.403031,-86.248159,2024-07-01,353834,2025-02-12 00:16:32 UTC,P,,,2024-07-19,,,,,J1772 TESLA,US,,,,Public,,public,,,HOTEL,,,,,,,,,,,,,,,,,True,,,,,,,,LD,False,
ELEC,Best Western Plaza Hotel Saugatuck - Tesla Destination,3457 Blue Star HWY,,Saugatuck,MI,49453,,877-798-3752,E,,Public,,A D Debit M V,,,,,4.0,,,Tesla Destination,https://www.tesla.com/destination-charging,GPS,42.669213,-86.189313,2024-07-01,353839,2025-02-12 00:16:32 UTC,P,,,2024-07-23,,,,,J1772 TESLA,US,,,,Public,,public,,,HOTEL,,,,,,,,,,,,,,,,,True,,,,,,,,LD,False,
ELEC,Suburban Cadillac Of Plymouth,40475 ANN ARBOR RD,,PLYMOUTH,MI,48170,,866-816-7584,E,,Public,24 hours daily,,,,,,1.0,,,EV Connect,https://www.evconnect.com,GPS,42.358081,-83.440206,2026-08-09,353910,2026-08-09 03:48:31 UTC,,,,2024-08-24,,,,,J1772,US,,,,Public,,public,,,,,,,,,,,,,,,,,,,,False,,,,,,,,,False,
ELEC,WALLED LAKE CENTRAL,1600 Oakley Park Rd,,Commerce Charter Township,MI,48390,,888-758-4389,E,,Public,24 hours daily,,,,,,2.0,,,ChargePoint Network,https://www.chargepoint.com,GPS,42.569246,-83.47221,2026-08-09,354039,2026-08-09 02:42:45 UTC,,,,2024-08-28,,,,,J1772,US,,,,Public,,public,,,,,,,,,,,,,,,,,,,,False,,,,,,,,,False,
ELEC,DUTCH VILLAGE NELISDUTCHVILLA,12350 James Street,,Holland,MI,49424,,888-758-4389,E,,Public,24 hours daily,,,,,,2.0,,,ChargePoint Network,https://www.chargepoint.com,GPS,42.811178,-86.086673,2026-08-09,354361,2026-08-09 02:43:30 UTC,,,,2024-08-29,,,,,J1772,US,,,,Public,,public,,,,,,,,,,,,,,,,,,,,False,,,,,,,,,False,
ELEC,Fairfield Inn & Suites – Marquette,808 South Lakeshore Boulevard,,Marquette,MI,49855,,888-998-2546,E,,Public,24 hours daily,,,,,,4.0,,,Blink Network,https://blinkcharging.com,GPS,46.53495364222587,-87.39513918879544,2026-08-10,354416,2026-08-10 00:05:14 UTC,,,,2024-08-29,,,,,J1772,US,,,,Public,,public,,,,,,,,,,,,,,,,,,,,False,,,,,,,,,False,
ELEC,22051 Cherry Hill Street - Ford Field Park,22051 Cherry Hill Street,,Dearborn,MI,48124,,866-816-7584,E,,Public,24 hours daily,,,,,,2.0,,,EV Connect,https://www.evconnect.com,GPS,42.31223,-83.246777,2026-08-09,354798,2026-08-09 03:50:36 UTC,,,,2024-09-04,,,,,J1772,US,,,,Public,,public,,,,,,,,,,,,,,,,,,,,False,,,,,,,,,False,
ELEC,22275 Garrison Street - Municipal Parking Lot A,22275 Garrison Street,,Dearborn,MI,48124,,866-816-7584,E,,Public,24 hours daily,,,,,,1.0,,,EV Connect,https://www.evconnect.com,GPS,42.305579,-83.249851,2026-08-09,354799,2026-08-09 03:50:36 UTC,,,,2024-09-04,,,,,J1772,US,,,,Public,,public,,,,,,,,,,,,,,,,,,,,False,,,,,,,,,False,
ELEC,City of Dearborn-Ford Performing Arts Center (FPAC),15801 Michigan Ave,,Dearborn,MI,48126,,866-816-7584,E,,Public,24 hours daily,,,,,,2.0,,,EV Connect,https://www.evconnect.com,GPS,42.313786,-83.195771,2026-08-09,354800,2026-08-09 03:50:36 UTC,,,,2024-09-04,,,,,J1772,US,,,,Public,,public,,,,,,,,,,,,,,,,,,,,False,,,,,,,,,False,
ELEC,CHATEAU CHANTAL CHATEAU CHANTAL,15900 Rue Devin,Located in northwest B&B guest parking lot.,Traverse City,MI,49686,,888-758-4389,E,,Public,24 hours daily,,,,,,2.0,,,ChargePoint Network,https://www.chargepoint.com,GPS,44.919561,-85.502101,2026-08-09,355266,2026-08-09 02:42:05 UTC,,,,2024-09-11,,,,,J1772,US,,,,Public,,public,,,,,,,,,,,,,,,,,,,,False,,,,,,,,,False,
ELEC,Tapper Ford - DCFC,101 Industrial Ave,,Paw Paw,MI,49079,,888-998-2546,E,,Public,24 hours daily,,,,,,,4.0,,Blink Network,https://blinkcharging.com,GPS,42.21096287555183,-85.8937596025925,2026-08-10,355558,2026-08-10 00:03:25 UTC,,,,2024-07-15,,,,,J1772COMBO,US,,,,Public,,public,,,,,,,,,,,,,,,,,,,,False,,,,,,,,,False,
ELEC,Flying J 668,3475 E Washington,,Saginaw,MI,48601,,877-455-3833,E,,Public,24 hours daily,,,,,,,4.0,,eVgo Network,https://www.evgo.com,GPS,43.4515,-83.89437,2026-08-09,355748,2026-08-09 00:01:44 UTC,,,,2024-09-15,,,,,J1772COMBO,US,,,,Public,,public,,,,,,,,,,,,,,,,,,,,False,,,,,,,,,False,
ELEC,Allen Cadillac,15180 S Dixie Hwy,,Monroe,MI,48161,,866-816-7584,E,,Public,24 hours daily,,,,,,,1.0,,EV Connect,https://www.evconnect.com,GPS,41.891793,-83.41723,2026-08-09,355874,2026-08-09 03:48:42 UTC,,,,2024-09-18,,,,,J1772COMBO,US,,,,Public,,public,,,,,,,,,,,,,,,,,,,,False,,,,,,,,,False,
ELEC,Munising City Hall,301 E Superior Street,,Munising,MI,49862,,888-356-8911,E,,Public,24 hours daily,,,,,,,2.0,,FLO,https://www.flo.com,GPS,46.4096578,-86.6512151,2026-08-09,356048,2026-08-09 04:08:14 UTC,,,,2024-09-20,,,,,CHADEMO J1772COMBO,US,,,,Public,,public,,,,,,,,,,,,,,,,,,,,False,,,,,,,,,False,
ELEC,GAOC-ALPHA STATION 1,2490 East Paris Avenue Southeast,The station is behind the building on the north side,Grand Rapids,MI,49546,,888-758-4389,E,,Public,24 hours daily,,,,,,2.0,,,ChargePoint Network,https://www.chargepoint.com,GPS,42.918307,-85.568069,2026-08-09,356142,2026-08-09 02:41:20 UTC,,,,2024-09-21,,,,,J1772,US,,,,Public,,public,,,,,,,,,,,,,,,,,,,,False,,,,,,,,,False,
ELEC,WCC HFC HFC1,4833 E Huron River Dr,Parking Lot,Ann Arbor,MI,48105,,888-758-4389,E,,Public,24 hours daily,,,,,,2.0,,,ChargePoint Network,https://www.chargepoint.com,GPS,42.266944,-83.664056,2026-08-09,356147,2026-08-09 02:44:01 UTC,,,,2024-09-21,,,,,J1772,US,,,,Public,,public,,,,,,,,,,,,,,,,,,,,False,,,,,,,,,False,
ELEC,WCC HFC HFC3,4833 E Huron River Dr,Parking Lot,Ann Arbor,MI,48105,,888-758-4389,E,,Public,24 hours daily,,,,,,2.0,,,ChargePoint Network,https://www.chargepoint.com,GPS,42.266888,-83.663914,2026-08-09,356148,2026-08-09 02:44:01 UTC,,,,2024-09-21,,,,,J1772,US,,,,Public,,public,,,,,,,,,,,,,,,,,,,,False,,,,,,,,,False,
ELEC,WCC HFC HCF2,4833 E Huron River Dr,Parking Lot,Ann Arbor,MI,48105,,888-758-4389,E,,Public,24 hours daily,,,,,,2.0,,,ChargePoint Network,https://www.chargepoint.com,GPS,42.266924,-83.664001,2026-08-09,356149,2026-08-09 02:44:02 UTC,,,,2024-09-21,,,,,J1772,US,,,,Public,,public,,,,,,,,,,,,,,,,,,,,False,,,,,,,,,False,
ELEC,WCC HFC HFC4,4833 E Huron River Dr,Parking Lot,Ann Arbor,MI,48105,,888-758-4389,E,,Public,24 hours daily,,,,,,,1.0,,ChargePoint Network,https://www.chargepoint.com,GPS,42.266738,-83.663865,2026-08-09,357237,2026-08-09 02:45:05 UTC,,,,2024-09-28,,,,,CHADEMO J1772COMBO,US,,,,Public,,public,,,,,,,,,,,,,,,,,,,,False,,,,,,,,,False,
ELEC,LOT T,415 Wallenberg Street,,Flint,MI,48502,,888-998-2546,E,,Public,24 hours daily,,,,,,1.0,,,Blink Network,https://blinkcharging.com,GPS,43.0218,-83.685345,2026-08-10,357282,2026-08-10 00:51:54 UTC,,,,2024-09-30,,,,,J1772,US,,,,Public,,public,,,,,,,,,,,,,,,,,,,,False,,,,,,,,,False,
ELEC,MACOMB COLLEGE EAST CAMPUS 1,21901 Dunham Rd,East Campus,Clinton Township,MI,48036,,888-758-4389,E,,Public,Mon: 6:00am-11:00pm; Tue: 6:00am-11:00pm; Wed: 6:00am-11:00pm; Thu: 6:00am-11:00pm; Fri: 6:00am-11:00pm; Sat: 6:00am-11:00pm; Sun: 6:00am-11:00pm,,,,,,2.0,,,ChargePoint Network,https://www.chargepoint.com,GPS,42.62136,-82.890329,2026-08-09,357361,2026-08-09 02:44:52 UTC,,,,2024-10-02,,,,,J1772,US,,,,Public,,public,,,,,,,,,,,,,,,,,,,,False,,,,,,,,,False,
ELEC,MACOMB COLLEGE EAST CAMPUS 2,21901 Dunham Rd,East Campus,Clinton Township,MI,48036,,888-758-4389,E,,Public,Mon: 6:00am-11:00pm; Tue: 6:00am-11:00pm; Wed: 6:00am-11:00pm; Thu: 6:00am-11:00pm; Fri: 6:00am-11:00pm; Sat: 6:00am-11:00pm; Sun: 6:00am-11:00pm,,,,,,2.0,,,ChargePoint Network,https://www.chargepoint.com,GPS,42.621344,-82.890383,2026-08-09,357362,2026-08-09 02:44:52 UTC,,,,2024-10-02,,,,,J1772,US,,,,Public,,public,,,,,,,,,,,,,,,,,,,,False,,,,,,,,,False,
ELEC,Gordon Chevrolet,31850 Ford Rd,,Garden City,MI,48135,,734-237-6089,E,,Private,For service use only,,,,,,1.0,,,Non-Networked,,GPS,42.3254852904498,-83.3541196906482,2026-07-15,357409,2026-07-15 18:47:09 UTC,P,,,2022-04-25,,,,,J1772,US,,,,Privé,,private,,,CAR_DEALER,,,,,,,,,,,,,,,,,,,,,,,,,LD,False,
ELEC,Crown Motors Buick Cadillac,196 Regent Boulevard,,Holland,MI,49423,,888-998-2546,E,,Public,24 hours daily,,,,,,,2.0,,Blink Network,https://blinkcharging.com,GPS,42.74609560615333,-86.11391319668121,2026-08-10,357427,2026-08-10 00:27:02 UTC,,,,2024-06-11,,,,,J1772COMBO,US,,,,Public,,public,,,,,,,,,,,,,,,,,,,,False,,,,,,,,,False,
ELEC,CREEK EV CHARGE CREEK HQ,638 W Maumee St,,Adrian,MI,49221,,888-758-4389,E,,Public,24 hours daily,,,,,,2.0,,,ChargePoint Network,https://www.chargepoint.com,GPS,41.900292,-84.045448,2026-08-09,357509,2026-08-09 02:45:14 UTC,,,,2024-10-04,,,,,J1772,US,,,,Public,,public,,,,,,,,,,,,,,,,,,,,False,,,,,,,,,False,
ELEC,LCC-EV-STATION GBRFLEET #19 20,600 North Grand Avenue,,Lansing,MI,48933,,888-758-4389,E,,Public,24 hours daily,,,,,,2.0,,,ChargePoint Network,https://www.chargepoint.com,GPS,42.739865,-84.551198,2026-08-09,357926,2026-08-09 02:43:33 UTC,,,,2024-10-12,,,,,J1772,US,,,,Public,,public,,,,,,,,,,,,,,,,,,,,False,,,,,,,,,False,
ELEC,LCC-EV-STATION GBRFLEET #17 18,600 North Grand Avenue,,Lansing,MI,48933,,888-758-4389,E,,Public,24 hours daily,,,,,,2.0,,,ChargePoint Network,https://www.chargepoint.com,GPS,42.739819,-84.551201,2026-08-09,357927,2026-08-09 02:43:33 UTC,,,,2024-10-12,,,,,J1772,US,,,,Public,,public,,,,,,,,,,,,,,,,,,,,False,,,,,,,,,False,
ELEC,LCC-EV-STATION GBRFLEET #15 16,600 North Grand Avenue,,Lansing,MI,48933,,888-758-4389,E,,Public,24 hours daily,,,,,,2.0,,,ChargePoint Network,https://www.chargepoint.com,GPS,42.739768,-84.551198,2026-08-09,357928,2026-08-09 02:43:33 UTC,,,,2024-10-12,,,,,J1772,US,,,,Public,,public,,,,,,,,,,,,,,,,,,,,False,,,,,,,,,False,
ELEC,Ford Vehicle Performance + Electrification Center,8500 Enterprise Dr,,Allen Park,MI,48101,,888-357-1009,E,,Public,24 hours daily,A ANDROID_PAY APPLE_PAY CREDIT D Debit M V,,,,,,4.0,,FORD_CHARGE,https://www.ford.com/support/category/electric-vehicle/charging/public-charging/,GPS,42.264015,-83.212832,2026-08-09,358351,2026-08-09 05:16:50 UTC,,,,2023-08-02,,,,,J1772COMBO TESLA,US,,,,Public,,public,,,PUBLIC,,,,,,,,,,,,,,,,,False,,,,,,,,,False,
ELEC,Atchinson Ford of Belleville,9800 Belleville Rd,,Belleville,MI,48111,,888-357-1009,E,,Public,24 hours daily,A ANDROID_PAY APPLE_PAY CREDIT D Debit M V,,,,,,4.0,,FORD_CHARGE,https://www.ford.com/support/category/electric-vehicle/charging/public-charging/,GPS,42.231045,-83.48653,2026-08-09,358353,2026-08-09 05:17:12 UTC,,,,2024-05-29,,,,,J1772COMBO,US,,,,Public,,public,,,PUBLIC,,,,,,,,,,,,,,,,,False,,,,,,,,,False,
ELEC,Krapohl Ford,1415 E Pickard St,,Mount Pleasant,MI,48858,,888-357-1009,E,,Public,24 hours daily,A ANDROID_PAY APPLE_PAY CREDIT D Debit M V,,,,,,2.0,,FORD_CHARGE,https://www.ford.com/support/category/electric-vehicle/charging/public-charging/,GPS,43.612202,-84.758969,2026-08-09,358354,2026-08-09 05:17:14 UTC,,,,2024-06-20,,,,,J1772COMBO,US,,,,Public,,public,,,PUBLIC,,,,,,,,,,,,,,,,,False,,,,,,,,,False,
ELEC,Cole Ford,410 E Chicago St,,Coldwater,MI,49036,,888-357-1009,E,,Public,24 hours daily,A ANDROID_PAY APPLE_PAY CREDIT D Debit M V,,,,,,4.0,,FORD_CHARGE,https://www.ford.com/support/category/electric-vehicle/charging/public-charging/,GPS,41.937165,-84.98372,2026-08-09,358356,2026-08-09 05:17:10 UTC,,,,2024-06-20,,,,,J1772COMBO,US,,,,Public,,public,,,PUBLIC,,,,,,,,,,,,,,,,,False,,,,,,,,,False,
ELEC,Don Woodhams Ford,1111 Lagrange St,,South Haven,MI,49090,,888-357-1009,E,,Public,24 hours daily,A ANDROID_PAY APPLE_PAY CREDIT D Debit M V,,,,,,4.0,,FORD_CHARGE,https://www.ford.com/support/category/electric-vehicle/charging/public-charging/,GPS,42.389658,-86.268705,2026-08-09,358357,2026-08-09 05:17:12 UTC,,,,2024-06-17,,,,,J1772COMBO,US,,,,Public,,public,,,PUBLIC,,,,,,,,,,,,,,,,,False,,,,,,,,,False,
ELEC,Fox Ford,3560 28th St SE,,Grand Rapids,MI,49512,,888-357-1009,E,,Public,24 hours daily,A ANDROID_PAY APPLE_PAY CREDIT D Debit M V,,,,,,4.0,,FORD_CHARGE,https://www.ford.com/support/category/electric-vehicle/charging/public-charging/,GPS,42.910674,-85.579454,2026-08-09,358358,2026-08-09 05:17:14 UTC,,,,2024-06-25,,,,,J1772COMBO,US,,,,Public,,public,,,PUBLIC,,,,,,,,,,,,,,,,,False,,,,,,,,,False,
ELEC,Gateway Real Estate Building - Tesla Destination,5596 Lake Michigan Drive,,Allendale,MI,49401,,877-798-3752,E,,Public,,,,,,,1.0,,,Tesla Destination,https://www.tesla.com/destination-charging,GPS,42.971864,-85.923772,2024-07-01,358887,2025-02-12 00:16:32 UTC,P,,,2024-07-01,,,,,TESLA,US,,,,Public,,public,,,,,,,,,,,,,,,,,,,,,,,,,,,,,False,
ELEC,Us family restaurant - Tesla Destination,3512 S Dort Hwy,,Burton,MI,48529,,877-798-3752,E,,Public,,,,,,,1.0,,,Tesla Destination,https://www.tesla.com/destination-charging,GPS,42.97505,-83.65342,2024-07-01,358960,2025-02-12 00:16:32 UTC,P,,,2024-07-01,,,,,TESLA,US,,,,Public,,public,,,,,,,,,,,,,,,,,,,,,,,,,,,,,False,
ELEC,Red Moose Lodge - Tesla Destination,8982 M-37,,Baldwin,MI,49304,,877-798-3752,E,,Public,,,,,,,2.0,,,Tesla Destination,https://www.tesla.com/destination-charging,GPS,43.857047,-85.851063,2024-07-01,359027,2025-02-12 00:16:32 UTC,P,,,2024-07-01,,,,,TESLA,US,,,,Public,,public,,,,,,,,,,,,,,,,,,,,,,,,,,,,,False,
ELEC,Inn at Bay Harbor - Tesla Destination,3600 Village Harbor Dr,,Petoskey,MI,49770,,877-798-3752,E,,Public,,,,,,,6.0,,,Tesla Destination,https://www.tesla.com/destination-charging,GPS,45.369302,-85.014035,2024-07-01,359029,2025-05-06 21:10:23 UTC,P,,,,,,,,J1772 TESLA,US,,,,Public,,public,,,,,,,,,,,,,,,,,,,,,,,,,,,,,False,
ELEC,Rim Strategic Consulting - Tesla Destination,3480  Salem Dr,,Rochester Hills,MI,48306,,877-798-3752,E,,Private,,,,,,,3.0,,,Tesla Destination,https://www.tesla.com/destination-charging,GPS,42.706444,-83.204542,2024-07-01,359045,2025-05-06 21:10:23 UTC,P,,,,,,,,J1772 TESLA,US,,,,Privé,,private,,,,,,,,,,,,,,,,,,,,,,,,,,,,,False,
ELEC,Hertz Local Edition #5422-10 - Tesla Destination,30507 Woodward Ave,,Royal Oak,MI,48073,,877-798-3752,E,,Private,,,,,,,2.0,,,Tesla Destination,https://www.tesla.com/destination-charging,GPS,42.513871,-83.182961,2024-07-01,359058,2025-02-12 00:16:32 UTC,P,,,2024-07-01,,,,,TESLA,US,,,,Privé,,private,,,,,,,,,,,,,,,,,,,,,,,,,,,,,False,
ELEC,"Realtor Ryan Lally, KW Grosse Pointe / Great Lakes - Tesla Destination",19853 Mack Ave,,Grosse Pointe Woods,MI,48236,,877-798-3752,E,,Public,,,,,,,1.0,,,Tesla Destination,https://www.tesla.com/destination-charging,GPS,42.430312,-82.909372,2024-07-01,359067,2025-02-12 00:16:32 UTC,P,,,2024-07-01,,,,,TESLA,US,,,,Public,,public,,,,,,,,,,,,,,,,,,,,,,,,,,,,,False,
ELEC,Hertz Local Edition #6920-01 - Tesla Destination,41775 Michigan Ave,,Canton,MI,48188,,877-798-3752,E,,Private,,,,,,,2.0,,,Tesla Destination,https://www.tesla.com/destination-charging,GPS,42.27728,-83.451262,2024-07-01,359217,2025-02-12 00:16:32 UTC,P,,,2024-07-01,,,,,TESLA,US,,,,Privé,,private,,,,,,,,,,,,,,,,,,,,,,,,,,,,,False,
ELEC,Hertz #17-1260128-1001A - Tesla Destination,314 E 14 Mile Rd,,Madison Heights,MI,48071,,877-798-3752,E,,Private,,,,,,,2.0,,,Tesla Destination,https://www.tesla.com/destination-charging,GPS,42.533948,-83.105377,2024-07-01,359293,2025-02-12 00:16:32 UTC,P,,,2024-07-01,,,,,TESLA,US,,,,Privé,,private,,,,,,,,,,,,,,,,,,,,,,,,,,,,,False,
ELEC,Hertz Local Edition #6903-16 - Tesla Destination,23701 Kean St,,Dearborn,MI,48124,,877-798-3752,E,,Private,,,,,,,3.0,,,Tesla Destination,https://www.tesla.com/destination-charging,GPS,42.299421,-83.266464,2024-07-01,359535,2025-02-12 00:16:32 UTC,P,,,2024-07-01,,,,,TESLA,US,,,,Privé,,private,,,,,,,,,,,,,,,,,,,,,,,,,,,,,False,
ELEC,Incubizo - Tesla Destination,1938  Burdette Street,,Ferndale,MI,48220,,877-798-3752,E,,Public,,,,,,,2.0,,,Tesla Destination,https://www.tesla.com/destination-charging,GPS,42.461845,-83.125983,2024-07-01,359538,2025-05-06 21:10:23 UTC,P,,,,,,,,J1772 TESLA,US,,,,Public,,public,,,,,,,,,,,,,,,,,,,,,,,,,,,,,False,
ELEC,Hertz Local Edition #5410 - Tesla Destination,33910 Plymouth Rd,,Livonia,MI,48150,,877-798-3752,E,,Private,,,,,,,2.0,,,Tesla Destination,https://www.tesla.com/destination-charging,GPS,42.368827,-83.377469,2024-07-01,359581,2025-02-12 00:16:32 UTC,P,,,2024-07-01,,,,,TESLA,US,,,,Privé,,private,,,,,,,,,,,,,,,,,,,,,,,,,,,,,False,
ELEC,Americana Apartments - Tesla Destination,1128 Victor St,,East Lansing,MI,48823,,877-798-3752,E,,Private,,,,,,,4.0,,,Tesla Destination,https://www.tesla.com/destination-charging,GPS,42.729465,-84.468728,2024-07-01,359613,2025-05-06 21:10:23 UTC,P,,,,,,,,J1772 TESLA,US,,,,Privé,,private,,,,,,,,,,,,,,,,,,,,,,,,,,,,,False,
ELEC,Shared Office Spaces - Tesla Destination,725 Prudden St,,Lansing,MI,48906,,877-798-3752,E,,Public,,,,,,,2.0,,,Tesla Destination,https://www.tesla.com/destination-charging,GPS,42.741582,-84.541549,2024-07-01,359656,2025-02-12 00:16:32 UTC,P,,,2024-07-01,,,,,TESLA,US,,,,Public,,public,,,,,,,,,,,,,,,,,,,,,,,,,,,,,False,
ELEC,Hertz Local Edition #5415-11 - Tesla Destination,29319 Grand River Ave,,Farmington Hills,MI,48336,,877-798-3752,E,,Private,,,,,,,2.0,,,Tesla Destination,https://www.tesla.com/destination-charging,GPS,42.447424,-83.336125,2024-07-01,359821,2025-02-12 00:16:32 UTC,P,,,2024-07-01,,,,,TESLA,US,,,,Privé,,private,,,,,,,,,,,,,,,,,,,,,,,,,,,,,False,
ELEC,Meadowlark Design+Build - Tesla Destination,3250 W Liberty Rd,,Ann Arbor,MI,48103,,877-798-3752,E,,Public,,,,,,,5.0,,,Tesla Destination,https://www.tesla.com/destination-charging,GPS,42.274074,-83.794297,2024-07-01,359868,2025-05-06 21:10:23 UTC,P,,,,,,,,J1772 TESLA,US,,,,Public,,public,,,,,,,,,,,,,,,,,,,,,,,,,,,,,False,
ELEC,Hertz Local Edition #5413 - Tesla Destination,4663 Washtenaw Ave,,Ann Arbor,MI,48108,,877-798-3752,E,,Private,,,,,,,3.0,,,Tesla Destination,https://www.tesla.com/destination-charging,GPS,42.25327,-83.668347,2024-07-01,359870,2025-02-12 00:16:32 UTC,P,,,2024-07-01,,,,,TESLA,US,,,,Privé,,private,,,,,,,,,,,,,,,,,,,,,,,,,,,,,False,
ELEC,WALLED LAKE WESTERN,600 Beck Rd,,Wixom,MI,48390,,888-758-4389,E,,Public,24 hours daily,,,,,,2.0,,,ChargePoint Network,https://www.chargepoint.com,GPS,42.531355,-83.516118,2026-08-09,359915,2026-08-09 02:43:21 UTC,,,,2024-10-17,,,,,J1772,US,,,,Public,,public,,,,,,,,,,,,,,,,,,,,False,,,,,,,,,False,
ELEC,"Macomb Community College (Center Campus, Lot 11, N/R bldgs.)",44575 Garfield Road,,Clinton Township,MI,48038,,888-356-8911,E,,Public,24 hours daily,,,,,,4.0,,,FLO,https://www.flo.com,GPS,42.622446,-82.960573,2026-08-09,360346,2026-08-09 04:08:17 UTC,,,,2024-10-19,,,,,J1772,US,,,,Public,,public,,,,,,,,,,,,,,,,,,,,False,,,,,,,,,False,
ELEC,"Macomb Community College (Center Campus, Lot 5B)",44575 Garfield Road,,Clinton Township,MI,48038,,888-356-8911,E,,Public,24 hours daily,,,,,,2.0,,,FLO,https://www.flo.com,GPS,42.6184424,-82.956653,2026-08-09,360347,2026-08-09 04:08:17 UTC,,,,2024-10-19,,,,,J1772,US,,,,Public,,public,,,,,,,,,,,,,,,,,,,,False,,,,,,,,,False,
ELEC,North Capitol Ramp,300 North Capitol Avenue,,Lansing,MI,48933,,888-998-2546,E,,Public,24 hours daily,,,,,,4.0,,,Blink Network,https://blinkcharging.com,GPS,42.736465992148005,-84.55351841226806,2026-08-10,360548,2026-08-10 00:05:10 UTC,,,,2024-03-22,,,,,J1772,US,,,,Public,,public,,,,,,,,,,,,,,,,,,,,False,,,,,,,,,False,
ELEC,Firestation No.6,5135 Pleasant Grove Road,,Lansing,MI,48911,,888-998-2546,E,,Public,24 hours daily,,,,,,2.0,,,Blink Network,https://blinkcharging.com,GPS,42.68258489860543,-84.5818299325629,2026-08-10,360549,2026-08-10 00:45:34 UTC,,,,2023-12-15,,,,,J1772,US,,,,Public,,public,,,,,,,,,,,,,,,,,,,,False,,,,,,,,,False,
ELEC,Lansing Center,333 East Michigan Avenue,,Lansing,MI,48933,,888-998-2546,E,,Public,24 hours daily,,,,,,1.0,,,Blink Network,https://blinkcharging.com,GPS,42.73412,-84.547875,2026-08-10,360551,2026-08-10 00:14:30 UTC,,,,2024-07-10,,,,,J1772,US,,,,Public,,public,,,,,,,,,,,,,,,,,,,,False,,,,,,,,,False,
ELEC,Foster Community,200 North Foster Avenue,,Lansing,MI,48912,,888-998-2546,E,,Public,24 hours daily,,,,,,2.0,,,Blink Network,https://blinkcharging.com,GPS,42.734717,-84.517177,2026-08-10,360553,2026-08-10 00:18:00 UTC,,,,2024-01-02,,,,,J1772,US,,,,Public,,public,,,,,,,,,,,,,,,,,,,,False,,,,,,,,,False,
ELEC,South Capitol Ramp,320 South Capitol Avenue,,Lansing,MI,48933,,888-998-2546,E,,Public,24 hours daily,,,,,,4.0,,,Blink Network,https://blinkcharging.com,GPS,42.73045215727489,-84.55450805767188,2026-08-10,360554,2026-08-10 00:18:00 UTC,,,,2024-03-15,,,,,J1772,US,,,,Public,,public,,,,,,,,,,,,,,,,,,,,False,,,,,,,,,False,
ELEC,Letts Community Center,1220 West Kalamazoo Street,,Lansing,MI,48915,,888-998-2546,E,,Public,24 hours daily,,,,,,1.0,,,Blink Network,https://blinkcharging.com,GPS,42.730909,-84.570123,2026-08-10,360555,2026-08-10 00:26:52 UTC,,,,2024-01-02,,,,,J1772,US,,,,Public,,public,,,,,,,,,,,,,,,,,,,,False,,,,,,,,,False,
ELEC,REO - Public,1201 S Washington Ave.,,Lansing,MI,48910,,888-356-8911,E,,Public,24 hours daily,,,,,,2.0,,,FLO,https://www.flo.com,GPS,42.719492,-84.551928,2026-08-09,360685,2026-08-09 04:08:18 UTC,,,,2024-10-24,,,,,J1772,US,,,,Public,,public,,,,,,,,,,,,,,,,,,,,False,,,,,,,,,False,
ELEC,"Caledonia, MI - Tesla Supercharger",1801 Marketplace Dr SE,,Caledonia,MI,49316,,877-798-3752,E,,Public,24 hours daily. NACS partner enabled.,A D Debit M V,,,,,,12.0,,Tesla,https://www.tesla.com/supercharger,GPS,42.844908,-85.619242,2026-06-18,360755,2026-06-18 14:46:21 UTC,P,,,2024-10-18,,,,,TESLA,US,,,,Public,,public,,,SHOPPING_CENTER,,,,,,,,,,,,,,,,,False,,,,,,,,LD,True,
ELEC,SO PT REAL UNIT 4,625 South Point Hotel Drive,Homewood Suites,Holland,MI,49423,,888-758-4389,E,,Public,24 hours daily,,,,,,2.0,,,ChargePoint Network,https://www.chargepoint.com,GPS,42.754421,-86.081226,2026-08-09,360814,2026-08-09 02:45:32 UTC,,,,2024-10-26,,,,,J1772,US,,,,Public,,public,,,,,,,,,,,,,,,,,,,,False,,,,,,,,,False,
ELEC,SO PT REAL UNIT 3,625 South Point Hotel Drive,Homewood Suites,Holland,MI,49423,,888-758-4389,E,,Public,24 hours daily,,,,,,2.0,,,ChargePoint Network,https://www.chargepoint.com,GPS,42.754586,-86.081246,2026-08-09,360815,2026-08-09 02:45:32 UTC,,,,2024-10-26,,,,,J1772,US,,,,Public,,public,,,,,,,,,,,,,,,,,,,,False,,,,,,,,,False,
ELEC,SO PT REAL UNIT 2,625 South Point Hotel Drive,Homewood Suites,Holland,MI,49423,,888-758-4389,E,,Public,24 hours daily,,,,,,2.0,,,ChargePoint Network,https://www.chargepoint.com,GPS,42.754578,-86.081237,2026-08-09,360816,2026-08-09 02:45:33 UTC,,,,2024-10-26,,,,,J1772,US,,,,Public,,public,,,,,,,,,,,,,,,,,,,,False,,,,,,,,,False,
ELEC,SO PT REAL UNIT 1,625 South Point Hotel Drive,Homewood Suites,Holland,MI,49423,,888-758-4389,E,,Public,24 hours daily,,,,,,2.0,,,ChargePoint Network,https://www.chargepoint.com,GPS,42.754577,-86.081196,2026-08-09,360897,2026-08-09 02:45:33 UTC,,,,2024-10-29,,,,,J1772,US,,,,Public,,public,,,,,,,,,,,,,,,,,,,,False,,,,,,,,,False,
ELEC,BERGER EV LOT BERGERCHEVY L3A,2770 Breton Rd SE,,Grand Rapids,MI,49546,,888-758-4389,E,,Public,24 hours daily,,,,,,,2.0,,ChargePoint Network,https://www.chargepoint.com,GPS,42.913494,-85.607809,2026-08-09,361001,2026-08-09 02:45:58 UTC,,,,2024-10-30,,,,,J1772COMBO,US,,,,Public,,public,,,,,,,,,,,,,,,,,,,,False,,,,,,,,,False,
ELEC,BERGER EV LOT BERGERCHEVY L3B,2770 Breton Rd SE,,Grand Rapids,MI,49546,,888-758-4389,E,,Public,24 hours daily,,,,,,,2.0,,ChargePoint Network,https://www.chargepoint.com,GPS,42.913499,-85.607837,2026-08-09,361002,2026-08-09 02:46:06 UTC,,,,2024-10-30,,,,,J1772COMBO,US,,,,Public,,public,,,,,,,,,,,,,,,,,,,,False,,,,,,,,,False,
ELEC,BERGER EV LOT BERGERCHEVY L3C,2768 Breton Rd SE,,Grand Rapids,MI,49546,,888-758-4389,E,,Public,24 hours daily,,,,,,,2.0,,ChargePoint Network,https://www.chargepoint.com,GPS,42.913509,-85.607893,2026-08-09,361003,2026-08-09 02:46:06 UTC,,,,2024-10-30,,,,,J1772COMBO,US,,,,Public,,public,,,,,,,,,,,,,,,,,,,,False,,,,,,,,,False,
ELEC,FRANDOR STATION 1,300 Frandor Avenue,,Lansing,MI,48912,,888-758-4389,E,,Public,24 hours daily,,,,,,,1.0,,ChargePoint Network,https://www.chargepoint.com,GPS,42.739799,-84.507017,2026-08-09,361028,2026-08-09 02:46:33 UTC,,,,2024-10-30,,,,,CHADEMO J1772COMBO,US,,,,Public,,public,,,,,,,,,,,,,,,,,,,,False,,,,,,,,,False,
ELEC,FRANDOR STATION 2,300 Frandor Avenue,,Lansing,MI,48912,,888-758-4389,E,,Public,24 hours daily,,,,,,,1.0,,ChargePoint Network,https://www.chargepoint.com,GPS,42.739792,-84.507096,2026-08-09,361029,2026-08-09 02:46:33 UTC,,,,2024-10-30,,,,,CHADEMO J1772COMBO,US,,,,Public,,public,,,,,,,,,,,,,,,,,,,,False,,,,,,,,,False,
ELEC,TINNEY AUTOMOTIVE CORP.,11249 W CARSON CITY RD (M57),,GREENVILLE,MI,48838,,866-816-7584,E,,Public,24 hours daily,,,,,,,1.0,,EV Connect,https://www.evconnect.com,GPS,43.175555,-85.296888,2026-08-09,361040,2026-08-09 03:49:03 UTC,,,,2024-10-30,,,,,J1772COMBO,US,,,,Public,,public,,,,,,,,,,,,,,,,,,,,False,,,,,,,,,False,
ELEC,Bill Marsh Ford of Gaylord,1928 S. Otsego Ave,,Gaylord,MI,49735,,888-998-2546,E,,Public,24 hours daily,,,,,,1.0,,,Blink Network,https://blinkcharging.com,GPS,45.0040169,-84.6787047,2026-08-10,361062,2026-08-10 00:36:03 UTC,,,,2024-10-30,,,,,J1772,US,,,,Public,,public,,,,,,,,,,,,,,,,,,,,False,,,,,,,,,False,
ELEC,LOCKWOOD MGMT STATION 2,2195 E Ellsworth Rd,,Ann Arbor,MI,48108,,888-758-4389,E,,Public,Mon: 12:00am-11:59pm; Tue: 12:00am-11:59pm; Wed: 12:00am-11:59pm; Thu: 12:00am-11:59pm; Fri: 12:00am-11:59pm; Sat: 12:00am-11:59pm; Sun: 12:00am-11:59pm,,,,,,2.0,,,ChargePoint Network,https://www.chargepoint.com,GPS,42.230934,-83.716264,2026-08-09,361070,2026-08-09 02:41:50 UTC,,,,2024-10-31,,,,,J1772,US,,,,Public,,public,,,,,,,,,,,,,,,,,,,,False,,,,,,,,,False,
ELEC,LOCKWOOD MGMT ANN ARBOR 1,2195 E Ellsworth Rd,,Ann Arbor,MI,48108,,888-758-4389,E,,Public,Mon: 12:00am-11:59pm; Tue: 12:00am-11:59pm; Wed: 12:00am-11:59pm; Thu: 12:00am-11:59pm; Fri: 12:00am-11:59pm; Sat: 12:00am-11:59pm; Sun: 12:00am-11:59pm,,,,,,2.0,,,ChargePoint Network,https://www.chargepoint.com,GPS,42.230875,-83.71629,2026-08-09,361071,2026-08-09 02:41:50 UTC,,,,2024-10-31,,,,,J1772,US,,,,Public,,public,,,,,,,,,,,,,,,,,,,,False,,,,,,,,,False,
ELEC,"Macomb Community College (South Campus, near T bldg.)",14500 East 12 Mile Road,,Warren,MI,48088,,888-356-8911,E,,Public,24 hours daily,,,,,,10.0,,,FLO,https://www.flo.com,GPS,42.5037732,-82.9728529,2026-08-09,361107,2026-08-09 04:08:18 UTC,,,,2024-10-31,,,,,J1772,US,,,,Public,,public,,,,,,,,,,,,,,,,,,,,False,,,,,,,,,False,
ELEC,GPM INVESTMENTS 4699 DC2,204 W Grand River Ave,,Brighton,MI,48116,,888-758-4389,E,,Public,Mon: 12:00am-11:59pm; Tue: 12:00am-11:59pm; Wed: 12:00am-11:59pm; Thu: 12:00am-11:59pm; Fri: 12:00am-11:59pm; Sat: 12:00am-11:59pm; Sun: 12:00am-11:59pm,,,,,,,1.0,,ChargePoint Network,https://www.chargepoint.com,GPS,42.53082,-83.78055,2026-08-09,361183,2026-08-09 02:46:48 UTC,,,,2024-11-01,,,,,J1772COMBO TESLA,US,,,,Public,,public,,,,,,,,,,,,,,,,,,,,False,,,,,,,,,False,
ELEC,GPM INVESTMENTS 4699 DC1,204 W Grand River Ave,,Brighton,MI,48116,,888-758-4389,E,,Public,Mon: 12:00am-11:59pm; Tue: 12:00am-11:59pm; Wed: 12:00am-11:59pm; Thu: 12:00am-11:59pm; Fri: 12:00am-11:59pm; Sat: 12:00am-11:59pm; Sun: 12:00am-11:59pm,,,,,,,1.0,,ChargePoint Network,https://www.chargepoint.com,GPS,42.530818,-83.780549,2026-08-09,361184,2026-08-09 02:46:48 UTC,,,,2024-11-01,,,,,J1772COMBO TESLA,US,,,,Public,,public,,,,,,,,,,,,,,,,,,,,False,,,,,,,,,False,
ELEC,BEDROCK 2853 BRUSH S-1,2853 Brush St,,Detroit,MI,48201,,888-758-4389,E,,Public,24 hours daily,,,,,,2.0,,,ChargePoint Network,https://www.chargepoint.com,GPS,42.34501,-83.051527,2026-08-09,367629,2026-08-09 02:47:03 UTC,,,,2024-11-07,,,,,J1772,US,,,,Public,,public,,,,,,,,,,,,,,,,,,,,False,,,,,,,,,False,
ELEC,Fox Hyundai,4141 28th Street Southeast,,Grand Rapids,MI,49512,,888-998-2546,E,,Public,24 hours daily,,,,,,,4.0,,Blink Network,https://blinkcharging.com,GPS,42.91380438197819,-85.56520884583946,2026-08-10,367836,2026-08-10 00:50:15 UTC,,,,2024-03-01,,,,,J1772COMBO,US,,,,Public,,public,,,,,,,,,,,,,,,,,,,,False,,,,,,,,,False,
ELEC,EV CHARGE SECO STATION 1,2446 Jolly Road,,Meridian charter Township,MI,48864,,888-758-4389,E,,Public,24 hours daily,,,,,,2.0,,,ChargePoint Network,https://www.chargepoint.com,GPS,42.683929,-84.43941,2026-08-09,367867,2026-08-09 02:43:29 UTC,,,,2024-11-13,,,,,J1772,US,,,,Public,,public,,,,,,,,,,,,,,,,,,,,False,,,,,,,,,False,
ELEC,EV CHARGE SECO STATION 3,2246 Jolly Road,,Meridian charter Township,MI,48864,,888-758-4389,E,,Public,24 hours daily,,,,,,2.0,,,ChargePoint Network,https://www.chargepoint.com,GPS,42.683974,-84.439504,2026-08-09,367868,2026-08-09 02:43:29 UTC,,,,2024-11-13,,,,,J1772,US,,,,Public,,public,,,,,,,,,,,,,,,,,,,,False,,,,,,,,,False,
ELEC,UVS BH-CS-000058-C1,5322 Crooks Rd,,Troy,MI,48098,,888-758-4389,E,,Public,24 hours daily,,,,,,1.0,,,ChargePoint Network,https://www.chargepoint.com,GPS,42.595064,-83.168338,2026-08-09,367909,2026-08-09 02:28:33 UTC,,,,2024-11-14,,,,,J1772,US,,,,Public,,public,,,,,,,,,,,,,,,,,,,,False,,,,,,,,,False,
ELEC,UVS BH-CS-000058-C2,5322 Crooks Rd,,Troy,MI,48098,,888-758-4389,E,,Public,24 hours daily,,,,,,1.0,,,ChargePoint Network,https://www.chargepoint.com,GPS,42.595086,-83.168338,2026-08-09,367910,2026-08-09 02:28:33 UTC,,,,2024-11-14,,,,,J1772,US,,,,Public,,public,,,,,,,,,,,,,,,,,,,,False,,,,,,,,,False,
ELEC,EV CHARGE SECO STATION 4,2446 Jolly Road,,Meridian charter Township,MI,48864,,888-758-4389,E,,Public,24 hours daily,,,,,,2.0,,,ChargePoint Network,https://www.chargepoint.com,GPS,42.683928,-84.43939,2026-08-09,367911,2026-08-09 02:43:29 UTC,,,,2024-11-14,,,,,J1772,US,,,,Public,,public,,,,,,,,,,,,,,,,,,,,False,,,,,,,,,False,
ELEC,EV CHARGE SECO STATION 2,2446 Jolly Road,,Meridian charter Township,MI,48864,,888-758-4389,E,,Public,24 hours daily,,,,,,2.0,,,ChargePoint Network,https://www.chargepoint.com,GPS,42.68396,-84.439412,2026-08-09,367912,2026-08-09 02:43:29 UTC,,,,2024-11-14,,,,,J1772,US,,,,Public,,public,,,,,,,,,,,,,,,,,,,,False,,,,,,,,,False,
ELEC,ROCK LMF BLDG 1 FRONT,12300 Lovell Ln,BLDG 1 Front,Traverse City,MI,49684,,888-758-4389,E,,Public,Mon: 8:00am-5:00pm; Tue: 8:00am-5:00pm; Wed: 8:00am-5:00pm; Thu: 8:00am-5:00pm; Fri: 8:00am-5:00pm; Sat: 8:00am-5:00pm; Sun: 8:00am-5:00pm,,,,,,2.0,,,ChargePoint Network,https://www.chargepoint.com,GPS,44.775905,-85.656248,2026-08-09,371525,2026-08-09 02:41:51 UTC,,,,2024-11-19,,,,,J1772,US,,,,Public,,public,,,,,,,,,,,,,,,,,,,,False,,,,,,,,,False,
ELEC,ROCK LMF BLDG 10 FRONT,12300 Lovell Ln,BLDG 10 FRONT,Traverse City,MI,49684,,888-758-4389,E,,Public,Mon: 8:00am-5:00pm; Tue: 8:00am-5:00pm; Wed: 8:00am-5:00pm; Thu: 8:00am-5:00pm; Fri: 8:00am-5:00pm; Sat: 8:00am-5:00pm; Sun: 8:00am-5:00pm,,,,,,2.0,,,ChargePoint Network,https://www.chargepoint.com,GPS,44.775903,-85.656009,2026-08-09,371527,2026-08-09 02:43:09 UTC,,,,2024-11-19,,,,,J1772,US,,,,Public,,public,,,,,,,,,,,,,,,,,,,,False,,,,,,,,,False,
ELEC,ROCK LMF BLDG 8 RIGHT,12300 Lovell Ln,Across right BLDG 8,Traverse City,MI,49684,,888-758-4389,E,,Public,Mon: 8:00am-5:00pm; Tue: 8:00am-5:00pm; Wed: 8:00am-5:00pm; Thu: 8:00am-5:00pm; Fri: 8:00am-5:00pm; Sat: 8:00am-5:00pm; Sun: 8:00am-5:00pm,,,,,,2.0,,,ChargePoint Network,https://www.chargepoint.com,GPS,44.775905,-85.656154,2026-08-09,371528,2026-08-09 02:43:09 UTC,,,,2024-11-19,,,,,J1772,US,,,,Public,,public,,,,,,,,,,,,,,,,,,,,False,,,,,,,,,False,
ELEC,ROCK LMF BLDG 8 LEFT,12300 Lovell Ln,across left bldg 8,Traverse City,MI,49684,,888-758-4389,E,,Public,Mon: 8:00am-5:00pm; Tue: 8:00am-5:00pm; Wed: 8:00am-5:00pm; Thu: 8:00am-5:00pm; Fri: 8:00am-5:00pm; Sat: 8:00am-5:00pm; Sun: 8:00am-5:00pm,,,,,,2.0,,,ChargePoint Network,https://www.chargepoint.com,GPS,44.775905,-85.656058,2026-08-09,371529,2026-08-09 02:43:09 UTC,,,,2024-11-19,,,,,J1772,US,,,,Public,,public,,,,,,,,,,,,,,,,,,,,False,,,,,,,,,False,
ELEC,ROCK LMF STATION 3,12300 Lovell Ln,Left Building 3,Traverse City,MI,49684,,888-758-4389,E,,Public,Mon: 8:00am-5:00pm; Tue: 8:00am-5:00pm; Wed: 8:00am-5:00pm; Thu: 8:00am-5:00pm; Fri: 8:00am-5:00pm; Sat: 8:00am-5:00pm; Sun: 8:00am-5:00pm,,,,,,2.0,,,ChargePoint Network,https://www.chargepoint.com,GPS,44.775905,-85.656135,2026-08-09,371530,2026-08-09 02:43:32 UTC,,,,2024-11-19,,,,,J1772,US,,,,Public,,public,,,,,,,,,,,,,,,,,,,,False,,,,,,,,,False,
ELEC,ROCK LMF BLDG 7 FRONT,12300 Lovell Ln,Front BLDG 7,Traverse City,MI,49684,,888-758-4389,E,,Public,Mon: 8:00am-5:00pm; Tue: 8:00am-5:00pm; Wed: 8:00am-5:00pm; Thu: 8:00am-5:00pm; Fri: 8:00am-5:00pm; Sat: 8:00am-5:00pm; Sun: 8:00am-5:00pm,,,,,,2.0,,,ChargePoint Network,https://www.chargepoint.com,GPS,44.775905,-85.656084,2026-08-09,371531,2026-08-09 02:43:32 UTC,,,,2024-11-19,,,,,J1772,US,,,,Public,,public,,,,,,,,,,,,,,,,,,,,False,,,,,,,,,False,
ELEC,ROCK LMF STATION 4,12300 Lovell Ln,Across Building 4,Traverse City,MI,49684,,888-758-4389,E,,Public,Mon: 8:00am-5:00pm; Tue: 8:00am-5:00pm; Wed: 8:00am-5:00pm; Thu: 8:00am-5:00pm; Fri: 8:00am-5:00pm; Sat: 8:00am-5:00pm; Sun: 8:00am-5:00pm,,,,,,2.0,,,ChargePoint Network,https://www.chargepoint.com,GPS,44.775905,-85.656103,2026-08-09,371532,2026-08-09 02:43:34 UTC,,,,2024-11-19,,,,,J1772,US,,,,Public,,public,,,,,,,,,,,,,,,,,,,,False,,,,,,,,,False,
ELEC,ROCK LMF BLDG 6 FRONT,12300 Lovell Ln,Front BLDG 6,Traverse City,MI,49684,,888-758-4389,E,,Public,Mon: 8:00am-5:00pm; Tue: 8:00am-5:00pm; Wed: 8:00am-5:00pm; Thu: 8:00am-5:00pm; Fri: 8:00am-5:00pm; Sat: 8:00am-5:00pm; Sun: 8:00am-5:00pm,,,,,,2.0,,,ChargePoint Network,https://www.chargepoint.com,GPS,44.775897,-85.65619,2026-08-09,371538,2026-08-09 02:45:47 UTC,,,,2024-11-19,,,,,J1772,US,,,,Public,,public,,,,,,,,,,,,,,,,,,,,False,,,,,,,,,False,
ELEC,Campbell Ford S7,2801 South 11th Street,,Niles,MI,49120,,888-998-2546,E,,Public,24 hours daily,,,,,,4.0,,,Blink Network,https://blinkcharging.com,GPS,41.77177270613645,-86.24962997473312,2026-08-10,371855,2026-08-10 00:13:37 UTC,,,,2024-06-11,,,,,J1772,US,,,,Public,,public,,,,,,,,,,,,,,,,,,,,False,,,,,,,,,False,
ELEC,L422 CP6K-TROY-P1,1790 Maplelawn Rd,,Troy,MI,48084,,888-758-4389,E,,Public,24 hours daily,,,,,,2.0,,,ChargePoint Network,https://www.chargepoint.com,GPS,42.55385,-83.173861,2026-08-09,371917,2026-08-09 02:44:53 UTC,,,,2024-11-26,,,,,J1772,US,,,,Public,,public,,,,,,,,,,,,,,,,,,,,False,,,,,,,,,False,
ELEC,L422 CP6K-TROY-P2,1790 Maplelawn Rd,,Troy,MI,48084,,888-758-4389,E,,Public,24 hours daily,,,,,,2.0,,,ChargePoint Network,https://www.chargepoint.com,GPS,42.553855,-83.173861,2026-08-09,371918,2026-08-09 02:44:53 UTC,,,,2024-11-26,,,,,J1772,US,,,,Public,,public,,,,,,,,,,,,,,,,,,,,False,,,,,,,,,False,
ELEC,L422 CP6K-TROY-P4,1790 Maplelawn Rd,,Troy,MI,48084,,888-758-4389,E,,Public,24 hours daily,,,,,,2.0,,,ChargePoint Network,https://www.chargepoint.com,GPS,42.553871,-83.173899,2026-08-09,371993,2026-08-09 02:44:53 UTC,,,,2024-11-27,,,,,J1772,US,,,,Public,,public,,,,,,,,,,,,,,,,,,,,False,,,,,,,,,False,
ELEC,Campbell Ford DCFC,2801 South 11th Street,,Niles,MI,49120,,888-998-2546,E,,Public,24 hours daily,,,,,,,4.0,,Blink Network,https://blinkcharging.com,GPS,41.77177270613645,-86.24962997473312,2026-08-10,372502,2026-08-10 00:07:15 UTC,,,,2024-06-11,,,,,J1772COMBO,US,,,,Public,,public,,,,,,,,,,,,,,,,,,,,False,,,,,,,,,False,
ELEC,432 MONROE PARK STATION 3,430 Monroe Ave NW,Garage Level 1,Grand Rapids,MI,49503,,888-758-4389,E,,Public,24 hours daily,,,,,,2.0,,,ChargePoint Network,https://www.chargepoint.com,GPS,42.971307,-85.672035,2026-08-09,373929,2026-08-09 01:19:01 UTC,,,,2024-12-17,,,,,J1772,US,,,,Public,,public,,,,,,,,,,,,,,,,,,,,False,,,,,,,,,False,
ELEC,432 MONROE PARK STATION 4,430 Monroe Ave NW,Garage Level 1,Grand Rapids,MI,49503,,888-758-4389,E,,Public,24 hours daily,,,,,,2.0,,,ChargePoint Network,https://www.chargepoint.com,GPS,42.971276,-85.671988,2026-08-09,373987,2026-08-09 01:18:04 UTC,,,,2024-12-18,,,,,J1772,US,,,,Public,,public,,,,,,,,,,,,,,,,,,,,False,,,,,,,,,False,
ELEC,432 MONROE PARK STATION 2,430 Monroe Ave NW,Garage Level 1,Grand Rapids,MI,49503,,888-758-4389,E,,Public,24 hours daily,,,,,,2.0,,,ChargePoint Network,https://www.chargepoint.com,GPS,42.971308,-85.672041,2026-08-09,373988,2026-08-09 01:18:37 UTC,,,,2024-12-18,,,,,J1772,US,,,,Public,,public,,,,,,,,,,,,,,,,,,,,False,,,,,,,,,False,
ELEC,Charlevoix Auto Chevrolet,06684 US-31 S,,Charlevoix,MI,49720,,,E,,Private,24 hours daily; Dealership use only,,,,,,1.0,,,Non-Networked,,GPS,45.299966636619,-85.2787709328542,2025-01-13,374059,2025-02-12 00:16:32 UTC,P,,,2022-05-05,,,,,J1772,US,,,,Privé,,private,,,CAR_DEALER,,,,,,,,,,,,,,,,,,,,,,,,,LD,False,
ELEC,Sunoco Pleasant Ridge,23701 Woodward Ave,,Pleasant Ridge,MI,48069,,313-262-6722,E,,Public,,,,,,,,2.0,,RED_E,https://www.redecharge.com,GPS,42.468890606199,-83.141050205306,2026-08-09,374348,2026-08-09 05:12:56 UTC,,,,2024-10-31,,,,,J1772COMBO,US,,,,Public,,public,,,PUBLIC,,,,,,,,,,,,,,,,,False,,,,,,,,,False,
ELEC,LAN - Short Term Parking Lot,4100 Capital City Boulevard,,Lansing,MI,48906,,888-998-2546,E,,Public,24 hours daily,,,,,,4.0,,,Blink Network,https://blinkcharging.com,GPS,42.77527152608448,-84.59022130369388,2026-08-10,374613,2026-08-10 00:06:36 UTC,,,,2024-12-26,,,,,J1772,US,,,,Public,,public,,,,,,,,,,,,,,,,,,,,False,,,,,,,,,False,
ELEC,WMU HILLTOP L1#02,1800 Ring Road South,"Lot 20, Level 1",Kalamazoo,MI,49008,,888-758-4389,E,,Public,24 hours daily,,,,,,2.0,,,ChargePoint Network,https://www.chargepoint.com,GPS,42.281193,-85.612335,2026-08-09,374889,2026-08-09 02:47:59 UTC,,,,2025-01-04,,,,,J1772,US,,,,Public,,public,,,,,,,,,,,,,,,,,,,,False,,,,,,,,,False,
ELEC,WMU HILLTOP L1#03,1800 Ring Road South,"Lot 20, Level 1",Kalamazoo,MI,49008,,888-758-4389,E,,Public,24 hours daily,,,,,,2.0,,,ChargePoint Network,https://www.chargepoint.com,GPS,42.281223,-85.612366,2026-08-09,374890,2026-08-09 02:47:59 UTC,,,,2025-01-04,,,,,J1772,US,,,,Public,,public,,,,,,,,,,,,,,,,,,,,False,,,,,,,,,False,
ELEC,WMU HILLTOP L2#05,1800 Ring Road South,"Lot 20, Level 2",Kalamazoo,MI,49008,,888-758-4389,E,,Public,24 hours daily,,,,,,2.0,,,ChargePoint Network,https://www.chargepoint.com,GPS,42.281205,-85.612385,2026-08-09,374891,2026-08-09 02:48:02 UTC,,,,2025-01-04,,,,,J1772,US,,,,Public,,public,,,,,,,,,,,,,,,,,,,,False,,,,,,,,,False,
ELEC,WMU HILLTOP L1#01,1800 Ring Road South,"Lot 20, Level 1",Kalamazoo,MI,49008,,888-758-4389,E,,Public,24 hours daily,,,,,,2.0,,,ChargePoint Network,https://www.chargepoint.com,GPS,42.281197,-85.612305,2026-08-09,374892,2026-08-09 02:48:02 UTC,,,,2025-01-04,,,,,J1772,US,,,,Public,,public,,,,,,,,,,,,,,,,,,,,False,,,,,,,,,False,
ELEC,WMU HILLTOP L2#07,1800 Ring Road South,"Lot 20, Level 2",Kalamazoo,MI,49008,,888-758-4389,E,,Public,24 hours daily,,,,,,2.0,,,ChargePoint Network,https://www.chargepoint.com,GPS,42.281217,-85.612416,2026-08-09,374893,2026-08-09 02:48:02 UTC,,,,2025-01-04,,,,,J1772,US,,,,Public,,public,,,,,,,,,,,,,,,,,,,,False,,,,,,,,,False,
ELEC,WMU HILLTOP L3#09,1255 Moore Dr,"Lot 20, Level 3",Kalamazoo,MI,49008,,888-758-4389,E,,Public,24 hours daily,,,,,,2.0,,,ChargePoint Network,https://www.chargepoint.com,GPS,42.281164,-85.612388,2026-08-09,374894,2026-08-09 02:48:03 UTC,,,,2025-01-04,,,,,J1772,US,,,,Public,,public,,,,,,,,,,,,,,,,,,,,False,,,,,,,,,False,
ELEC,WMU HILLTOP L2#04,1800 Ring Road South,"Lot 20, Level 2",Kalamazoo,MI,49008,,888-758-4389,E,,Public,24 hours daily,,,,,,2.0,,,ChargePoint Network,https://www.chargepoint.com,GPS,42.281135,-85.612392,2026-08-09,374895,2026-08-09 02:48:03 UTC,,,,2025-01-04,,,,,J1772,US,,,,Public,,public,,,,,,,,,,,,,,,,,,,,False,,,,,,,,,False,
ELEC,WMU HILLTOP L2#06,1800 Ring Road South,"Lot 20, Level 2",Kalamazoo,MI,49008,,888-758-4389,E,,Public,24 hours daily,,,,,,2.0,,,ChargePoint Network,https://www.chargepoint.com,GPS,42.281189,-85.612371,2026-08-09,374896,2026-08-09 02:48:03 UTC,,,,2025-01-04,,,,,J1772,US,,,,Public,,public,,,,,,,,,,,,,,,,,,,,False,,,,,,,,,False,
ELEC,WMU HILLTOP L3#10,1800 Ring Road South,"Lot 20, Level 3",Kalamazoo,MI,49008,,888-758-4389,E,,Public,24 hours daily,,,,,,2.0,,,ChargePoint Network,https://www.chargepoint.com,GPS,42.281195,-85.612386,2026-08-09,374897,2026-08-09 02:48:03 UTC,,,,2025-01-04,,,,,J1772,US,,,,Public,,public,,,,,,,,,,,,,,,,,,,,False,,,,,,,,,False,
ELEC,WMU HILLTOP L3#8,1800 Ring Road South,"Lot 20, Level 3",Kalamazoo,MI,49008,,888-758-4389,E,,Public,24 hours daily,,,,,,2.0,,,ChargePoint Network,https://www.chargepoint.com,GPS,42.28121,-85.612379,2026-08-09,374898,2026-08-09 02:48:03 UTC,,,,2025-01-04,,,,,J1772,US,,,,Public,,public,,,,,,,,,,,,,,,,,,,,False,,,,,,,,,False,
ELEC,WMU HILLTOP L3#11,1800 Ring Road South,"Lot 20, Level 3",Kalamazoo,MI,49008,,888-758-4389,E,,Public,24 hours daily,,,,,,1.0,,,ChargePoint Network,https://www.chargepoint.com,GPS,42.281176,-85.612395,2026-08-09,374899,2026-08-09 02:48:03 UTC,,,,2025-01-04,,,,,J1772,US,,,,Public,,public,,,,,,,,,,,,,,,,,,,,False,,,,,,,,,False,
ELEC,FIR G7C,3300 Bermuda Street,Garage #7. North.,Ferndale,MI,48220,,888-758-4389,E,,Public,24 hours daily,,,,,,1.0,,,ChargePoint Network,https://www.chargepoint.com,GPS,42.474205,-83.132616,2026-08-09,375352,2026-08-09 02:30:45 UTC,,,,2025-01-10,,,,,J1772,US,,,,Public,,public,,,,,,,,,,,,,,,,,,,,False,,,,,,,,,False,
ELEC,FIR G10C,3300 Bermuda Street,Garage #10. North,Ferndale,MI,48220,,888-758-4389,E,,Public,24 hours daily,,,,,,1.0,,,ChargePoint Network,https://www.chargepoint.com,GPS,42.474079,-83.13262,2026-08-09,375353,2026-08-09 02:30:45 UTC,,,,2025-01-10,,,,,J1772,US,,,,Public,,public,,,,,,,,,,,,,,,,,,,,False,,,,,,,,,False,
ELEC,FIR G8C,3300 Bermuda Street,Garage #8. North.,Ferndale,MI,48220,,888-758-4389,E,,Public,24 hours daily,,,,,,1.0,,,ChargePoint Network,https://www.chargepoint.com,GPS,42.474181,-83.132653,2026-08-09,375354,2026-08-09 02:30:46 UTC,,,,2025-01-10,,,,,J1772,US,,,,Public,,public,,,,,,,,,,,,,,,,,,,,False,,,,,,,,,False,
ELEC,FIR G5C,3300 Bermuda Street,Garage #5. North.,Ferndale,MI,48220,,888-758-4389,E,,Public,24 hours daily,,,,,,1.0,,,ChargePoint Network,https://www.chargepoint.com,GPS,42.474374,-83.132673,2026-08-09,375355,2026-08-09 02:30:55 UTC,,,,2025-01-10,,,,,J1772,US,,,,Public,,public,,,,,,,,,,,,,,,,,,,,False,,,,,,,,,False,
ELEC,FIR G6C,3300 Bermuda Street,Garage #6. North.,Ferndale,MI,48220,,888-758-4389,E,,Public,24 hours daily,,,,,,1.0,,,ChargePoint Network,https://www.chargepoint.com,GPS,42.474303,-83.13266,2026-08-09,375356,2026-08-09 02:30:56 UTC,,,,2025-01-10,,,,,J1772,US,,,,Public,,public,,,,,,,,,,,,,,,,,,,,False,,,,,,,,,False,
ELEC,FIR G9C,3300 Bermuda Street,Garage #9. North.,Ferndale,MI,48220,,888-758-4389,E,,Public,24 hours daily,,,,,,1.0,,,ChargePoint Network,https://www.chargepoint.com,GPS,42.474173,-83.132637,2026-08-09,375357,2026-08-09 02:30:56 UTC,,,,2025-01-10,,,,,J1772,US,,,,Public,,public,,,,,,,,,,,,,,,,,,,,False,,,,,,,,,False,
ELEC,FIR G11C,3300 Bermuda Street,Garage #11. South.,Ferndale,MI,48220,,888-758-4389,E,,Public,24 hours daily,,,,,,1.0,,,ChargePoint Network,https://www.chargepoint.com,GPS,42.473916,-83.132619,2026-08-09,375358,2026-08-09 02:30:56 UTC,,,,2025-01-10,,,,,J1772,US,,,,Public,,public,,,,,,,,,,,,,,,,,,,,False,,,,,,,,,False,
ELEC,FIR G12C,3300 Bermuda Street,Garage #12. South.,Ferndale,MI,48220,,888-758-4389,E,,Public,24 hours daily,,,,,,1.0,,,ChargePoint Network,https://www.chargepoint.com,GPS,42.473874,-83.132607,2026-08-09,375359,2026-08-09 02:30:56 UTC,,,,2025-01-10,,,,,J1772,US,,,,Public,,public,,,,,,,,,,,,,,,,,,,,False,,,,,,,,,False,
ELEC,FIR G13C,3300 Bermuda Street,Garage #13. South.,Ferndale,MI,48220,,888-758-4389,E,,Public,24 hours daily,,,,,,1.0,,,ChargePoint Network,https://www.chargepoint.com,GPS,42.473864,-83.132605,2026-08-09,375360,2026-08-09 02:30:56 UTC,,,,2025-01-10,,,,,J1772,US,,,,Public,,public,,,,,,,,,,,,,,,,,,,,False,,,,,,,,,False,
ELEC,FIR G14C,3300 Bermuda Street,Garage #14. South.,Ferndale,MI,48220,,888-758-4389,E,,Public,24 hours daily,,,,,,1.0,,,ChargePoint Network,https://www.chargepoint.com,GPS,42.473833,-83.1326,2026-08-09,375361,2026-08-09 02:30:56 UTC,,,,2025-01-10,,,,,J1772,US,,,,Public,,public,,,,,,,,,,,,,,,,,,,,False,,,,,,,,,False,
ELEC,FIR G15C,3300 Bermuda Street,Garage #15. South.,Ferndale,MI,48220,,888-758-4389,E,,Public,24 hours daily,,,,,,1.0,,,ChargePoint Network,https://www.chargepoint.com,GPS,42.47372,-83.132582,2026-08-09,375362,2026-08-09 02:30:56 UTC,,,,2025-01-10,,,,,J1772,US,,,,Public,,public,,,,,,,,,,,,,,,,,,,,False,,,,,,,,,False,
ELEC,FIR G16C,3300 Bermuda Street,Garage #16. South.,Ferndale,MI,48220,,888-758-4389,E,,Public,24 hours daily,,,,,,1.0,,,ChargePoint Network,https://www.chargepoint.com,GPS,42.473678,-83.132571,2026-08-09,375363,2026-08-09 02:30:57 UTC,,,,2025-01-10,,,,,J1772,US,,,,Public,,public,,,,,,,,,,,,,,,,,,,,False,,,,,,,,,False,
ELEC,Fox Marquette Chevrolet,"2653 US 41,",,Marquette,MI,49855,,866-816-7584,E,,Public,24 hours daily,,,,,,1.0,1.0,,EV Connect,https://www.evconnect.com,GPS,46.548806,-87.446619,2026-08-09,375411,2026-08-09 03:50:07 UTC,,,,2025-01-10,,,,,J1772 J1772COMBO,US,,,,Public,,public,,,,,,,,,,,,,,,,,,,,False,,,,,,,,,False,
ELEC,Serra Chevrolet of Saginaw,4200 Bay Rd,,Saginaw,MI,48603,,866-816-7584,E,,Public,24 hours daily,,,,,,,1.0,,EV Connect,https://www.evconnect.com,GPS,43.467979,-83.973849,2026-08-09,375470,2026-08-09 03:50:20 UTC,,,,2025-01-11,,,,,J1772COMBO,US,,,,Public,,public,,,,,,,,,,,,,,,,,,,,False,,,,,,,,,False,
ELEC,MERILLAT MSFC ADRIAN COLLEGE,146 S Charles St,Located in Merillat Parking Lot,Adrian,MI,49221,,888-758-4389,E,,Public,24 hours daily,,,,,,2.0,,,ChargePoint Network,https://www.chargepoint.com,GPS,41.8976,-84.06413,2026-08-09,375708,2026-08-09 02:49:31 UTC,,,,2025-01-16,,,,,J1772,US,,,,Public,,public,,,,,,,,,,,,,,,,,,,,False,,,,,,,,,False,
ELEC,KEMENY REC 2,2260 South Fort Street,,Detroit,MI,48217,,888-758-4389,E,,Public,24 hours daily,,,,,,2.0,,,ChargePoint Network,https://www.chargepoint.com,GPS,42.273695,-83.158771,2026-08-09,375714,2026-08-09 02:49:58 UTC,,,,2025-01-16,,,,,J1772,US,,,,Public,,public,,,,,,,,,,,,,,,,,,,,False,,,,,,,,,False,
ELEC,KEMENY REC 1,2260 South Fort Street,,Detroit,MI,48217,,888-758-4389,E,,Public,24 hours daily,,,,,,2.0,,,ChargePoint Network,https://www.chargepoint.com,GPS,42.27378,-83.158697,2026-08-09,375716,2026-08-09 02:49:58 UTC,,,,2025-01-16,,,,,J1772,US,,,,Public,,public,,,,,,,,,,,,,,,,,,,,False,,,,,,,,,False,
ELEC,"Grand Rapids, MI - Lake Michigan Drive Northwest - Tesla Supercharger",2755 Lake Michigan Dr NW,,Grand Rapids,MI,49504,,877-798-3752,E,,Public,24 hours daily. NACS partner enabled.,A D Debit M V,,,,,,8.0,,Tesla,https://www.tesla.com/supercharger,GPS,42.971964,-85.736818,2026-06-18,375832,2026-06-18 14:46:21 UTC,P,,,2025-01-10,,,,,TESLA,US,,,,Public,,public,,,GROCERY,,,,,,,,,,,,,,,,,False,,,,,,,,LD,True,
ELEC,North Grand Ramp,219 North Grand Avenue,,Lansing,MI,48933,,888-998-2546,E,,Public,24 hours daily,,,,,,2.0,,,Blink Network,https://blinkcharging.com,GPS,42.73567692500003,-84.5511217012558,2026-08-10,375971,2026-08-10 00:59:18 UTC,,,,2024-05-31,,,,,J1772,US,,,,Public,,public,,,,,,,,,,,,,,,,,,,,False,,,,,,,,,False,
ELEC,BP East Lansing,2139 Haslett Rd,,East Lansing,MI,48823,,949-945-2000,E,,Public,24 hours daily,,,,,,,2.0,,EVGATEWAY,https://evgateway.com,GPS,42.746453,-84.4281147,2026-08-09,376590,2026-08-09 04:47:12 UTC,,,,2025-01-28,,,,,CHADEMO J1772COMBO,US,,,,Public,,public,,,,,,,,,,,,,,,,,,,,False,,,,,,,,,False,
ELEC,"Meijer 302 - Marquette, MI",3630 US-41,,Marquette,MI,49855,,949-945-2000,E,,Public,24 hours daily,,,,,,,4.0,,EVGATEWAY,https://evgateway.com,GPS,46.55273520000001,-87.47159599999999,2026-08-09,376593,2026-08-09 04:47:24 UTC,,,,2025-01-28,,,,,CHADEMO J1772COMBO,US,,,,Public,,public,,,,,,,,,,,,,,,,,,,,False,,,,,,,,,False,
ELEC,Robert Denooyer Chevrolet,600 East 8th Street,,Holland,MI,49423,,888-998-2546,E,,Public,24 hours daily,,,,,,,3.0,,Blink Network,https://blinkcharging.com,GPS,42.7896498834001,-86.08188099549918,2026-08-10,377592,2026-08-10 01:02:32 UTC,,,,2025-02-03,,,,,J1772COMBO,US,,,,Public,,public,,,,,,,,,,,,,,,,,,,,False,,,,,,,,,False,
ELEC,Gier Community,2400 Hall Street,,Lansing,MI,48906,,888-998-2546,E,,Public,24 hours daily,,,,,,2.0,,,Blink Network,https://blinkcharging.com,GPS,42.75947936454257,-84.54483165434604,2026-08-10,382669,2026-08-10 00:55:16 UTC,,,,2024-01-02,,,,,J1772,US,,,,Public,,public,,,,,,,,,,,,,,,,,,,,False,,,,,,,,,False,
ELEC,Randy Wise Hyundai,4350 Lennon Road,,Flint,MI,48507,,888-998-2546,E,,Public,24 hours daily,,,,,,2.0,4.0,,Blink Network,https://blinkcharging.com,GPS,42.98845674476016,-83.7659139170008,2026-08-09,383709,2026-08-09 01:03:19 UTC,,,,2023-05-05,,,,,J1772 J1772COMBO,US,,,,Public,,public,,,,,,,,,,,,,,,,,,,,False,,,,,,,,,False,
ELEC,Pilot Travel Center 596,2424 Wadhams Road,,Smiths Creek,MI,48074,,877-455-3833,E,,Public,24 hours daily,,,,,,,4.0,,eVgo Network,https://www.evgo.com,GPS,42.977016,-82.542109,2026-08-09,383746,2026-08-09 23:57:51 UTC,,,,2025-02-07,,,,,J1772COMBO,US,,,,Public,,public,,,,,,,,,,,,,,,,,,,,False,,,,,,,,,False,
ELEC,HOOVER + GREENE STATION 2,950 Greene Street,,Ann Arbor,MI,48104,,888-758-4389,E,,Public,24 hours daily,,,,,,1.0,,,ChargePoint Network,https://www.chargepoint.com,GPS,42.269907,-83.747921,2026-08-09,383843,2026-08-09 02:51:29 UTC,,,,2025-02-08,,,,,J1772,US,,,,Public,,public,,,,,,,,,,,,,,,,,,,,False,,,,,,,,,False,
ELEC,HOOVER + GREENE STATION 3,950 Greene Street,,Ann Arbor,MI,48104,,888-758-4389,E,,Public,24 hours daily,,,,,,1.0,,,ChargePoint Network,https://www.chargepoint.com,GPS,42.269958,-83.747931,2026-08-09,383844,2026-08-09 02:51:29 UTC,,,,2025-02-08,,,,,J1772,US,,,,Public,,public,,,,,,,,,,,,,,,,,,,,False,,,,,,,,,False,
ELEC,HOOVER + GREENE STATION 1,950 Greene Street,,Ann Arbor,MI,48104,,888-758-4389,E,,Public,24 hours daily,,,,,,1.0,,,ChargePoint Network,https://www.chargepoint.com,GPS,42.269913,-83.747855,2026-08-09,383845,2026-08-09 02:51:29 UTC,,,,2025-02-08,,,,,J1772,US,,,,Public,,public,,,,,,,,,,,,,,,,,,,,False,,,,,,,,,False,
ELEC,HOOVER + GREENE STATION 4,950 Greene Street,,Ann Arbor,MI,48104,,888-758-4389,E,,Public,24 hours daily,,,,,,1.0,,,ChargePoint Network,https://www.chargepoint.com,GPS,42.269836,-83.747709,2026-08-09,383846,2026-08-09 02:51:29 UTC,,,,2025-02-08,,,,,J1772,US,,,,Public,,public,,,,,,,,,,,,,,,,,,,,False,,,,,,,,,False,
ELEC,SUBURBAN FORD DISPENSER 1,6975 Highland Road,,Waterford Township,MI,48327,,888-758-4389,E,,Public,24 hours daily,,,,,,,2.0,,ChargePoint Network,https://www.chargepoint.com,GPS,42.658937,-83.42357,2026-08-09,383945,2026-08-09 02:43:50 UTC,,,,2025-02-11,,,,,J1772COMBO,US,,,,Public,,public,,,,,,,,,,,,,,,,,,,,False,,,,,,,,,False,
ELEC,Riverside Auto Sales of Marinette,3330 U.S. 41,,Marquette,MI,49855,,888-998-2546,E,,Public,24 hours daily,,,,,,,2.0,,Blink Network,https://blinkcharging.com,GPS,46.55040456872679,-87.46161144536377,2026-08-10,384043,2026-08-10 00:34:40 UTC,,,,2024-12-20,,,,,J1772COMBO,US,,,,Public,,public,,,,,,,,,,,,,,,,,,,,False,,,,,,,,,False,
ELEC,Lansing Shuffle,325 Riverfront Drive,,Lansing,MI,48912,,888-998-2546,E,,Public,24 hours daily,,,,,,2.0,,,Blink Network,https://blinkcharging.com,GPS,42.73598615515589,-84.54793900331394,2026-08-10,384723,2026-08-10 00:44:11 UTC,,,,2024-05-30,,,,,J1772,US,,,,Public,,public,,,,,,,,,,,,,,,,,,,,False,,,,,,,,,False,
ELEC,WILLIAMS AUTO G SERVICE LANELV2,2750 US-31,,Traverse City,MI,49684,,888-758-4389,E,,Public,24 hours daily,,,,,,1.0,,,ChargePoint Network,https://www.chargepoint.com,GPS,44.728041,-85.644812,2026-08-09,386910,2026-08-09 02:07:04 UTC,,,,2025-02-27,,,,,J1772,US,,,,Public,,public,,,,,,,,,,,,,,,,,,,,False,,,,,,,,,False,
ELEC,WILLIAMS AUTO G ABB STATION 1,2750 US-31,,Traverse City,MI,49684,,888-758-4389,E,,Public,24 hours daily,,,,,,,1.0,,ChargePoint Network,https://www.chargepoint.com,GPS,44.727964,-85.644812,2026-08-09,386911,2026-08-09 02:09:12 UTC,,,,2025-02-27,,,,,J1772COMBO,US,,,,Public,,public,,,,,,,,,,,,,,,,,,,,False,,,,,,,,,False,
ELEC,CITY VIEW APTS STATION 2 FERN,503 East 9 Mile Road,-Location 2,Ferndale,MI,48220,,888-758-4389,E,,Public,24 hours daily,,,,,,2.0,,,ChargePoint Network,https://www.chargepoint.com,GPS,42.46121,-83.127688,2026-08-09,386949,2026-08-09 02:46:46 UTC,,,,2025-02-27,,,,,J1772,US,,,,Public,,public,,,,,,,,,,,,,,,,,,,,False,,,,,,,,,False,
ELEC,KEMENY LASKY REC 2,13200 Fenelon St,,Detroit,MI,48212,,888-758-4389,E,,Public,24 hours daily,,,,,,2.0,,,ChargePoint Network,https://www.chargepoint.com,GPS,42.413489,-83.052016,2026-08-09,387090,2026-08-09 02:47:53 UTC,,,,2025-03-01,,,,,J1772,US,,,,Public,,public,,,,,,,,,,,,,,,,,,,,False,,,,,,,,,False,
ELEC,KEMENY LASKY REC 1,13200 Fenelon St,,Detroit,MI,48212,,888-758-4389,E,,Public,24 hours daily,,,,,,2.0,,,ChargePoint Network,https://www.chargepoint.com,GPS,42.413489,-83.052016,2026-08-09,387101,2026-08-09 02:50:40 UTC,,,,2025-03-01,,,,,J1772,US,,,,Public,,public,,,,,,,,,,,,,,,,,,,,False,,,,,,,,,False,
ELEC,HENRYFORDBH AFPQO000000ZFYQ,7100 Berryhill St,,West Bloomfield,MI,48322,,888-758-4389,E,,Public,24 hours daily,,,,,,2.0,,,ChargePoint Network,https://www.chargepoint.com,GPS,42.533745,-83.407344,2026-08-09,387180,2026-08-09 02:52:31 UTC,,,,2025-03-04,,,,,J1772,US,,,,Public,,public,,,,,,,,,,,,,,,,,,,,False,,,,,,,,,False,
ELEC,HENRYFORDBH AFPQO000000ZFYP,7100 Berryhill St,,West Bloomfield,MI,48322,,888-758-4389,E,,Public,24 hours daily,,,,,,2.0,,,ChargePoint Network,https://www.chargepoint.com,GPS,42.533699,-83.4074,2026-08-09,387181,2026-08-09 02:52:31 UTC,,,,2025-03-04,,,,,J1772,US,,,,Public,,public,,,,,,,,,,,,,,,,,,,,False,,,,,,,,,False,
ELEC,HENRYFORDBH AFPQO000000YZQP,7100 Berryhill St,,West Bloomfield,MI,48322,,888-758-4389,E,,Public,24 hours daily,,,,,,2.0,,,ChargePoint Network,https://www.chargepoint.com,GPS,42.533559,-83.407342,2026-08-09,387182,2026-08-09 02:52:31 UTC,,,,2025-03-04,,,,,J1772,US,,,,Public,,public,,,,,,,,,,,,,,,,,,,,False,,,,,,,,,False,
ELEC,CITY OF DETROIT WILLIAMS REC 2,8431 Rosa Parks Boulevard,,Detroit,MI,48206,,888-758-4389,E,,Public,24 hours daily,,,,,,2.0,,,ChargePoint Network,https://www.chargepoint.com,GPS,42.370885,-83.096245,2026-08-09,387288,2026-08-09 02:52:40 UTC,,,,2025-03-06,,,,,J1772,US,,,,Public,,public,,,,,,,,,,,,,,,,,,,,False,,,,,,,,,False,
ELEC,CITY OF DETROIT WILLIAMS REC 1,8431 Rosa Parks Boulevard,,Detroit,MI,48206,,888-758-4389,E,,Public,24 hours daily,,,,,,2.0,,,ChargePoint Network,https://www.chargepoint.com,GPS,42.370876,-83.09629,2026-08-09,387289,2026-08-09 02:52:40 UTC,,,,2025-03-06,,,,,J1772,US,,,,Public,,public,,,,,,,,,,,,,,,,,,,,False,,,,,,,,,False,
ELEC,Scio,5609 Jackson Road,,Ann Arbor,MI,48103,,888-998-2546,E,,Public,24 hours daily,,,,,,5.0,,,Blink Network,https://blinkcharging.com,GPS,42.28778968907753,-83.83997760333715,2026-08-10,387335,2026-08-10 01:00:18 UTC,,,,2025-03-06,,,,,J1772,US,,,,Public,,public,,,,,,,,,,,,,,,,,,,,False,,,,,,,,,False,
ELEC,BASF - Wyandotte,1609 Biddle Avenue,,Wyandotte,MI,48192,,888-998-2546,E,,Public,24 hours daily,,,,,,6.0,,,Blink Network,https://blinkcharging.com,GPS,42.21830000462567,-83.15002160502753,2026-08-10,387890,2026-08-10 01:01:25 UTC,,,,2025-03-12,,,,,J1772,US,,,,Public,,public,,,,,,,,,,,,,,,,,,,,False,,,,,,,,,False,
ELEC,SERRA VOLVO VOLVO EAST WALL,1747 S Garfield Ave,,Traverse City,MI,49686,,888-758-4389,E,,Public,24 hours daily,,,,,,1.0,,,ChargePoint Network,https://www.chargepoint.com,GPS,44.735543,-85.593705,2026-08-09,388179,2026-08-09 02:08:05 UTC,,,,2025-03-21,,,,,J1772,US,,,,Public,,public,,,,,,,,,,,,,,,,,,,,False,,,,,,,,,False,
ELEC,L419 CP6K1,40331 Van Dyke Ave,,Sterling Heights,MI,48313,,888-758-4389,E,,Public,24 hours daily,,,,,,2.0,,,ChargePoint Network,https://www.chargepoint.com,GPS,42.58892,-83.032361,2026-08-09,388671,2026-08-09 02:53:04 UTC,,,,2025-03-26,,,,,J1772,US,,,,Public,,public,,,,,,,,,,,,,,,,,,,,False,,,,,,,,,False,
ELEC,L419 CP6K-3,40331 Van Dyke Ave,,Sterling Heights,MI,48313,,888-758-4389,E,,Public,24 hours daily,,,,,,2.0,,,ChargePoint Network,https://www.chargepoint.com,GPS,42.588892,-83.032283,2026-08-09,388672,2026-08-09 02:53:04 UTC,,,,2025-03-26,,,,,J1772,US,,,,Public,,public,,,,,,,,,,,,,,,,,,,,False,,,,,,,,,False,
ELEC,L419 CP6K-2,40331 Van Dyke Ave,,Sterling Heights,MI,48313,,888-758-4389,E,,Public,24 hours daily,,,,,,2.0,,,ChargePoint Network,https://www.chargepoint.com,GPS,42.588948,-83.032214,2026-08-09,388673,2026-08-09 02:53:04 UTC,,,,2025-03-26,,,,,J1772,US,,,,Public,,public,,,,,,,,,,,,,,,,,,,,False,,,,,,,,,False,
ELEC,"BofA Grosse Pointe Woods MI8-040 (Grosse Pointe Woods, MI)",19700 Mack Ave,,Grosse Pointe Woods,MI,48236,,833-632-2778,E,,Public,24 hours daily,,,,,,,6.0,,Electrify America,https://www.electrifyamerica.com,GPS,42.42752,-82.90906,2026-08-09,388930,2026-08-09 03:37:30 UTC,,,,2025-03-29,,,,,J1772COMBO,US,,,,Public,,public,,,,,,,,,,,,,,,,,,,,False,,,,,,,,,False,
ELEC,Michael Bates Chevrolet Woodhaven,23755 Allen Rd,,Woodhaven,MI,48183,,866-816-7584,E,,Public,24 hours daily,,,,,,,4.0,,EV Connect,https://www.evconnect.com,GPS,42.136767,-83.225429,2026-08-09,389552,2026-08-09 03:50:37 UTC,,,,2025-04-08,,,,,J1772COMBO,US,,,,Public,,public,,,,,,,,,,,,,,,,,,,,False,,,,,,,,,False,
ELEC,GPM INVESTMENTS 5087 DC2,1473 S Lapeer Rd,,Lapeer,MI,48446,,888-758-4389,E,,Public,Mon: 12:00am-11:59pm; Tue: 12:00am-11:59pm; Wed: 12:00am-11:59pm; Thu: 12:00am-11:59pm; Fri: 12:00am-11:59pm; Sat: 12:00am-11:59pm; Sun: 12:00am-11:59pm,,,,,,,1.0,,ChargePoint Network,https://www.chargepoint.com,GPS,43.019744,-83.32152,2026-08-09,389790,2026-08-09 02:54:56 UTC,,,,2025-04-11,,,,,CHADEMO J1772COMBO,US,,,,Public,,public,,,,,,,,,,,,,,,,,,,,False,,,,,,,,,False,
ELEC,GPM INVESTMENTS 5087 DC1,1473 S Lapeer Rd,,Lapeer,MI,48446,,888-758-4389,E,,Public,Mon: 12:00am-11:59pm; Tue: 12:00am-11:59pm; Wed: 12:00am-11:59pm; Thu: 12:00am-11:59pm; Fri: 12:00am-11:59pm; Sat: 12:00am-11:59pm; Sun: 12:00am-11:59pm,,,,,,,1.0,,ChargePoint Network,https://www.chargepoint.com,GPS,43.019765,-83.321611,2026-08-09,389791,2026-08-09 02:54:56 UTC,,,,2025-04-11,,,,,CHADEMO J1772COMBO,US,,,,Public,,public,,,,,,,,,,,,,,,,,,,,False,,,,,,,,,False,
ELEC,BASF Corporation - Wyandotte Site,1532 Biddle Avenue,,Wyandotte,MI,48192,,888-998-2546,E,,Public,Mon: 6:00am-6:00pm; Tue: 6:00am-6:00pm; Wed: 6:00am-6:00pm; Thu: 6:00am-6:00pm; Fri: 6:00am-6:00pm; Sat: 12:00am-12:00am; Sun: 12:00am-12:00am,,,,,,1.0,,,Blink Network,https://blinkcharging.com,GPS,42.2182483,-83.1519197,2026-08-10,390029,2026-08-10 00:32:36 UTC,,,,2025-04-16,,,,,J1772,US,,,,Public,,public,,,,,,,,,,,,,,,,,,,,False,,,,,,,,,False,
ELEC,Exxon - WEVO,1331 142nd Ave,,Wayland,MI,49348,,800-921-3716,E,,Public,24 hours daily,A D Debit M V,,,,,,2.0,,Non-Networked,,GPS,42.725089,-85.676364,2025-05-12,390259,2026-02-02 23:16:24 UTC,P,,,2024-12-06,,,,,J1772COMBO TESLA,US,,,,Public,,public,,,GAS_STATION,,,,,,,$0.49 per kWh,,,,,,,,,,False,,,,,,,,LD,False,
ELEC,"Brighton, MI - Tesla Supercharger",8650 W Grand River Avenue,,Brighton,MI,48116,,877-798-3752,E,,Public,24 hours daily. NACS partner enabled.,A D Debit M V,,,,,,12.0,,Tesla,https://www.tesla.com/supercharger,GPS,42.540184,-83.788492,2026-06-18,390322,2026-06-18 14:46:21 UTC,P,,,2025-02-11,,,,,TESLA,US,,,,Public,,public,,,SHOPPING_CENTER,,,,,,,,,,,,,,,,,False,,,,,,,,LD,True,
ELEC,Lafontaine Ford of Grand Rapids,3385 Alpine Ave NW,,Grand Rapids,MI,49544,,888-357-1009,E,,Public,24 hours daily,A ANDROID_PAY APPLE_PAY CREDIT D Debit M V,,,,,,4.0,,FORD_CHARGE,https://www.ford.com/support/category/electric-vehicle/charging/public-charging/,GPS,43.02553,-85.689743,2026-08-09,390338,2026-08-09 05:17:34 UTC,,,,2024-10-10,,,,,J1772COMBO,US,,,,Public,,public,,,PUBLIC,,,,,,,,,,,,,,,,,False,,,,,,,,,False,
ELEC,Imlay City Ford,1788 S Cedar St,,Imlay City,MI,48444,,888-357-1009,E,,Public,24 hours daily,A ANDROID_PAY APPLE_PAY CREDIT D Debit M V,,,,,,4.0,,FORD_CHARGE,https://www.ford.com/support/category/electric-vehicle/charging/public-charging/,GPS,43.012745,-83.072385,2026-08-09,390340,2026-08-09 05:17:36 UTC,,,,2024-12-19,,,,,J1772COMBO,US,,,,Public,,public,,,PUBLIC,,,,,,,,,,,,,,,,,False,,,,,,,,,False,
ELEC,Randy Wise Ford,968 S Ortonville Rd,,Brandon Township,MI,48462,,888-357-1009,E,,Public,24 hours daily,A ANDROID_PAY APPLE_PAY CREDIT D Debit M V,,,,,,4.0,,FORD_CHARGE,https://www.ford.com/support/category/electric-vehicle/charging/public-charging/,GPS,42.83706,-83.447902,2026-08-09,390341,2026-08-09 05:17:25 UTC,,,,2024-09-19,,,,,J1772COMBO,US,,,,Public,,public,,,PUBLIC,,,,,,,,,,,,,,,,,False,,,,,,,,,False,
ELEC,HACO Public,1232 Haco Drive,,Lansing,MI,48912,,888-356-8911,E,,Public,24 hours daily,,,,,,4.0,,,FLO,https://www.flo.com,GPS,42.7207806,-84.5341799,2026-08-09,390756,2026-08-09 04:08:36 UTC,,,,2025-04-24,,,,,J1772,US,,,,Public,,public,,,,,,,,,,,,,,,,,,,,False,,,,,,,,,False,
ELEC,SERRA TOYOTA OUTSIDE STATION,4320 Bay Rd,,Saginaw,MI,48603,,888-758-4389,E,,Public,24 hours daily,,,,,,2.0,,,ChargePoint Network,https://www.chargepoint.com,GPS,43.469775,-83.9748,2026-08-09,391016,2026-08-09 02:21:49 UTC,,,,2025-04-29,,,,,J1772,US,,,,Public,,public,,,,,,,,,,,,,,,,,,,,False,,,,,,,,,False,
ELEC,"Traverse City, MI",3200 W South Airport Road,,Traverse City,MI,49684,,866-576-1495,E,,Public,24 hours daily,A ACCOUNT_BALANCE D M V,,,,,,6.0,,RIVIAN_ADVENTURE,https://rivian.com/experience/charging,GPS,44.723242,-85.638196,2026-08-09,391119,2026-08-09 03:53:43 UTC,,,,2023-07-01,,,,,J1772COMBO,US,,,,Public,,public,,,PUBLIC,,,,,,,,,,,,,,,,,False,,,,,,,,,False,
ELEC,Mears State Park,400 W Lowell St,,Pentwater,MI,49449,,866-576-1495,E,,Public,24 hours daily,A ACCOUNT_BALANCE D M V,,,,,2.0,,,RIVIAN_WAYPOINTS,https://rivian.com/experience/charging,GPS,43.783194,-86.440333,2026-08-09,391126,2026-08-09 03:53:45 UTC,,,,2023-08-18,,,,,J1772,US,,,,Public,,public,,,PUBLIC,,,,,,,,,,,,,,,,,False,,,,,,,,,False,
ELEC,"Lansing, MI - Meijer Groceries",6200 South Pennsylvania Avenue,,Lansing,MI,48911,,866-576-1495,E,,Public,24 hours daily,A ACCOUNT_BALANCE D M V,,,,,2.0,,,RIVIAN_WAYPOINTS,https://rivian.com/experience/charging,GPS,42.66728,-84.54119,2026-08-09,391130,2026-08-09 03:53:45 UTC,,,,2024-12-10,,,,,J1772,US,,,,Public,,public,,,PUBLIC,,,,,,,,,,,,,,,,,False,,,,,,,,,False,
ELEC,Keweenaw Resort - Downtown Calumet,326 Fifth Street,,Calumet,MI,49913,,866-576-1495,E,,Public,24 hours daily,A ACCOUNT_BALANCE D M V,,,,,1.0,,,RIVIAN_WAYPOINTS,https://rivian.com/experience/charging,GPS,47.2474,-88.45227,2026-08-09,391143,2026-08-09 03:53:48 UTC,,,,2022-07-26,,,,,J1772,US,,,,Public,,public,,,PUBLIC,,,,,,,,,,,,,,,,,False,,,,,,,,,False,
ELEC,"Clare, MI",10401 South Clare Avenue,,Clare,MI,48617,,866-576-1495,E,,Public,24 hours daily,A ACCOUNT_BALANCE D M V,,,,,,6.0,,RIVIAN_ADVENTURE,https://rivian.com/experience/charging,GPS,43.83774,-84.76633,2026-08-09,391163,2026-08-09 03:53:52 UTC,,,,2023-04-12,,,,,J1772COMBO,US,,,,Public,,public,,,PUBLIC,,,,,,,,,,,,,,,,,False,,,,,,,,,False,
ELEC,"Lansing, MI",6200 South Pennsylvania Avenue,,Lansing,MI,48911,,866-576-1495,E,,Public,24 hours daily,A ACCOUNT_BALANCE D M V,,,,,,6.0,,RIVIAN_ADVENTURE,https://rivian.com/experience/charging,GPS,42.6669532,-84.5406992,2026-08-09,391172,2026-08-09 03:53:55 UTC,,,,2024-12-11,,,,,J1772COMBO,US,,,,Public,,public,,,PUBLIC,,,,,,,,,,,,,,,,,False,,,,,,,,,False,NEVI
ELEC,Leelanau State Park,15310 N Lighthouse Point Rd,,Northport,MI,49670,,866-576-1495,E,,Public,24 hours daily,A ACCOUNT_BALANCE D M V,,,,,2.0,,,RIVIAN_WAYPOINTS,https://rivian.com/experience/charging,GPS,45.20915,-85.54816,2026-08-09,391181,2026-08-09 03:53:57 UTC,,,,2023-08-16,,,,,J1772,US,,,,Public,,public,,,PUBLIC,,,,,,,,,,,,,,,,,False,,,,,,,,,False,
ELEC,Keweenaw Mountain Lodge,14252 US Highway 41,,Copper Harbor,MI,49918,,866-576-1495,E,,Public,24 hours daily,A ACCOUNT_BALANCE D M V,,,,,1.0,,,RIVIAN_WAYPOINTS,https://rivian.com/experience/charging,GPS,47.459167,-87.906111,2026-08-09,391274,2026-08-09 03:54:20 UTC,,,,2022-07-29,,,,,J1772,US,,,,Public,,public,,,PUBLIC,,,,,,,,,,,,,,,,,False,,,,,,,,,False,
ELEC,"Benton Harbor, MI",2680 M-139,,Benton Harbor,MI,49022,,866-576-1495,E,,Public,24 hours daily,A ACCOUNT_BALANCE D M V,,,,,,6.0,,RIVIAN_ADVENTURE,https://rivian.com/experience/charging,GPS,42.06973,-86.43698,2026-08-09,391277,2026-08-09 03:54:21 UTC,,,,2025-04-25,,,,,J1772COMBO,US,,,,Public,,public,,,PUBLIC,,,,,,,,,,,,,,,,,False,,,,,,,,,False,
ELEC,Oden State Fish Hatchery,3377 Oden Rd,,Alanson,MI,49706,,866-576-1495,E,,Public,24 hours daily,A ACCOUNT_BALANCE D M V,,,,,2.0,,,RIVIAN_WAYPOINTS,https://rivian.com/experience/charging,GPS,45.42511,-84.84673,2026-08-09,391280,2026-08-09 03:54:21 UTC,,,,2023-08-17,,,,,J1772,US,,,,Public,,public,,,PUBLIC,,,,,,,,,,,,,,,,,False,,,,,,,,,False,
ELEC,"Mackinaw City, MI",220 South Huron Avenue,,Mackinaw City,MI,49701,,866-576-1495,E,,Public,24 hours daily,A ACCOUNT_BALANCE D M V,,,,,,6.0,,RIVIAN_ADVENTURE,https://rivian.com/experience/charging,GPS,45.7809,-84.73002,2026-08-09,391316,2026-08-09 03:54:29 UTC,,,,2023-09-19,,,,,J1772COMBO,US,,,,Public,,public,,,PUBLIC,,,,,,,,,,,,,,,,,False,,,,,,,,,False,
ELEC,Interlochen State Park,4167 J. Maddy Pkwy,,Interlochen,MI,49643,,866-576-1495,E,,Public,24 hours daily,A ACCOUNT_BALANCE D M V,,,,,2.0,,,RIVIAN_WAYPOINTS,https://rivian.com/experience/charging,GPS,44.62839,-85.76219,2026-08-09,391338,2026-08-09 03:54:34 UTC,,,,2024-02-02,,,,,J1772,US,,,,Public,,public,,,PUBLIC,,,,,,,,,,,,,,,,,False,,,,,,,,,False,
ELEC,"Saginaw, MI",2772 Tittabawasee Road,,Saginaw,MI,48604,,866-576-1495,E,,Public,24 hours daily,A ACCOUNT_BALANCE D M V,,,,,,6.0,,RIVIAN_ADVENTURE,https://rivian.com/experience/charging,GPS,43.4825084,-83.9720279,2026-08-09,391349,2026-08-09 03:54:36 UTC,,,,2023-06-24,,,,,J1772COMBO,US,,,,Public,,public,,,PUBLIC,,,,,,,,,,,,,,,,,False,,,,,,,,,False,
ELEC,Orchard Beach State Park,2064 Lakeshore Rd,,Manistee,MI,49660,,866-576-1495,E,,Public,24 hours daily,A ACCOUNT_BALANCE D M V,,,,,2.0,,,RIVIAN_WAYPOINTS,https://rivian.com/experience/charging,GPS,44.28394,-86.31375,2026-08-09,391350,2026-08-09 03:54:36 UTC,,,,2023-10-31,,,,,J1772,US,,,,Public,,public,,,PUBLIC,,,,,,,,,,,,,,,,,False,,,,,,,,,False,
ELEC,"Walker, MI",2425 Alpine Avenue Northwest,,Walker,MI,49544,,866-576-1495,E,,Public,24 hours daily,A ACCOUNT_BALANCE D M V,,,,,,6.0,,RIVIAN_ADVENTURE,https://rivian.com/experience/charging,GPS,43.009158,-85.6905953,2026-08-09,391357,2026-08-09 03:54:37 UTC,,,,2024-09-06,,,,,J1772COMBO,US,,,,Public,,public,,,PUBLIC,,,,,,,,,,,,,,,,,False,,,,,,,,,False,
ELEC,"Grayling, MI",2384 I-75BL,,Grayling,MI,49738,,866-576-1495,E,,Public,24 hours daily,A ACCOUNT_BALANCE D M V,,,,,,6.0,,RIVIAN_ADVENTURE,https://rivian.com/experience/charging,GPS,44.65091,-84.70892,2026-08-09,391365,2026-08-09 03:54:38 UTC,,,,2023-02-17,,,,,TESLA,US,,,,Public,,public,,,PUBLIC,,,,,,,,,,,,,,,,,False,,,,,,,,,False,
ELEC,THE GEORGE STATION 1,2439 Mulberry Ct,,Ann Arbor,MI,48104,,888-758-4389,E,,Public,24 hours daily,,,,,,2.0,,,ChargePoint Network,https://www.chargepoint.com,GPS,42.252479,-83.723059,2026-08-09,391396,2026-08-09 01:26:59 UTC,,,,2025-04-30,,,,,J1772,US,,,,Public,,public,,,,,,,,,,,,,,,,,,,,False,,,,,,,,,False,
ELEC,"Macomb Community College (Center Campus, Lot 4, near Cultural Ctr,)",44575 Garfield Road,,Clinton Township,MI,48038,,888-356-8911,E,,Public,24 hours daily,,,,,,4.0,,,FLO,https://www.flo.com,GPS,42.625841,-82.95455,2026-08-09,391670,2026-08-09 04:08:17 UTC,,,,2025-05-02,,,,,J1772,US,,,,Public,,public,,,,,,,,,,,,,,,,,,,,False,,,,,,,,,False,
ELEC,SUBURBAN FORD CHARGER 1-2,6975 Highland Road,West Parking Lot,Waterford Township,MI,48327,,888-758-4389,E,,Public,24 hours daily,,,,,,2.0,,,ChargePoint Network,https://www.chargepoint.com,GPS,42.658438,-83.424887,2026-08-09,391707,2026-08-09 02:42:48 UTC,,,,2025-05-03,,,,,J1772,US,,,,Public,,public,,,,,,,,,,,,,,,,,,,,False,,,,,,,,,False,
ELEC,SUBURBAN FORD CHARGER 3-4,6975 Highland Road,,Waterford Township,MI,48327,,888-758-4389,E,,Public,24 hours daily,,,,,,2.0,,,ChargePoint Network,https://www.chargepoint.com,GPS,42.658491,-83.42492,2026-08-09,391708,2026-08-09 02:42:53 UTC,,,,2025-05-03,,,,,J1772,US,,,,Public,,public,,,,,,,,,,,,,,,,,,,,False,,,,,,,,,False,
ELEC,SUBURBAN FORD CHARGER 5-6,6975 Highland Road,West Parking Lot,Waterford Township,MI,48327,,888-758-4389,E,,Public,24 hours daily,,,,,,2.0,,,ChargePoint Network,https://www.chargepoint.com,GPS,42.658591,-83.424953,2026-08-09,391709,2026-08-09 02:42:54 UTC,,,,2025-05-03,,,,,J1772,US,,,,Public,,public,,,,,,,,,,,,,,,,,,,,False,,,,,,,,,False,
ELEC,SUBURBAN FORD DISPENSER 2,6975 Highland Road,,Waterford Township,MI,48327,,888-758-4389,E,,Public,24 hours daily,,,,,,,2.0,,ChargePoint Network,https://www.chargepoint.com,GPS,42.658892,-83.423566,2026-08-09,391710,2026-08-09 02:43:50 UTC,,,,2025-05-03,,,,,J1772COMBO,US,,,,Public,,public,,,,,,,,,,,,,,,,,,,,False,,,,,,,,,False,
ELEC,ARTMOEHN RTM75 DC01,2200 Seymour Rd,No RFID Support,Jackson,MI,49201,,888-758-4389,E,,Public,24 hours daily,,,,,,,2.0,,ChargePoint Network,https://www.chargepoint.com,GPS,42.277627,-84.379389,2026-08-09,395220,2026-08-09 02:55:31 UTC,,,,2025-05-08,,,,,J1772COMBO,US,,,,Public,,public,,,,,,,,,,,,,,,,,,,,False,,,,,,,,,False,
ELEC,Garber Ford Bay City - Series,3980 North Euclid Avenue,,Bay City,MI,48706,,888-998-2546,E,,Public,24 hours daily,,,,,,4.0,,,Blink Network,https://blinkcharging.com,GPS,43.62422,-83.91549,2026-08-09,395323,2026-08-09 01:01:18 UTC,,,,2024-02-26,,,,,J1772,US,,,,Public,,public,,,,,,,,,,,,,,,,,,,,False,,,,,,,,,False,
ELEC,BEDROCK 200 WALKER 1-2,200 Walker Street,,Detroit,MI,48207,,888-758-4389,E,,Public,24 hours daily,,,,,,2.0,,,ChargePoint Network,https://www.chargepoint.com,GPS,42.337688,-83.014242,2026-08-09,395451,2026-08-09 02:49:59 UTC,,,,2025-05-13,,,,,J1772,US,,,,Public,,public,,,,,,,,,,,,,,,,,,,,False,,,,,,,,,False,
ELEC,BEDROCK 200 WALKER 1-1,200 Walker Street,,Detroit,MI,48207,,888-758-4389,E,,Public,24 hours daily,,,,,,2.0,,,ChargePoint Network,https://www.chargepoint.com,GPS,42.338372,-83.014614,2026-08-09,395457,2026-08-09 02:56:29 UTC,,,,2025-05-13,,,,,J1772,US,,,,Public,,public,,,,,,,,,,,,,,,,,,,,False,,,,,,,,,False,
ELEC,Garber Ford Bay City - DCFC,3980 North Euclid Avenue,,Bay City,MI,48706,,888-998-2546,E,,Public,24 hours daily,,,,,,,4.0,,Blink Network,https://blinkcharging.com,GPS,43.62413,-83.915445,2026-08-10,395509,2026-08-10 00:25:37 UTC,,,,2024-01-24,,,,,J1772COMBO,US,,,,Public,,public,,,,,,,,,,,,,,,,,,,,False,,,,,,,,,False,
ELEC,ANA STATION 1,3410 West Rd,,East Lansing,MI,48823,,888-758-4389,E,,Public,24 hours daily,,,,,,2.0,,,ChargePoint Network,https://www.chargepoint.com,GPS,42.76831,-84.507734,2026-08-09,396099,2026-08-09 02:37:23 UTC,,,,2025-05-22,,,,,J1772,US,,,,Public,,public,,,,,,,,,,,,,,,,,,,,False,,,,,,,,,False,
ELEC,ANA STATION 2,3332 West Rd,,East Lansing,MI,48823,,888-758-4389,E,,Public,24 hours daily,,,,,,2.0,,,ChargePoint Network,https://www.chargepoint.com,GPS,42.76831,-84.508024,2026-08-09,396100,2026-08-09 02:37:23 UTC,,,,2025-05-22,,,,,J1772,US,,,,Public,,public,,,,,,,,,,,,,,,,,,,,False,,,,,,,,,False,
ELEC,St. Peter's Episcopal Church - Forth - Public,1950 Trumbull,,Detroit,MI,48216,,855-885-9571,E,,Public,24 hours daily,,,,,,1.0,,,OpConnect,https://opconnect-ev.com,GPS,42.3310795,-83.0662236,2026-08-09,396303,2026-08-09 03:44:43 UTC,,,,2025-05-24,,,,,J1772,US,,,,Public,,public,,,,,,,,,,,,,,,,,,,,False,,,,,,,,,False,
ELEC,University Meadows - Forth - Public,4500 Trumbull,,Detroit,MI,48208,,855-885-9571,E,,Public,24 hours daily,,,,,,1.0,,,OpConnect,https://opconnect-ev.com,GPS,42.3493153,-83.0768568,2026-08-09,396304,2026-08-09 03:44:43 UTC,,,,2025-05-24,,,,,J1772,US,,,,Public,,public,,,,,,,,,,,,,,,,,,,,False,,,,,,,,,False,
ELEC,TODD WENZEL BUICK GMC OF DAVISON,1146 S STATE RD,,DAVISON,MI,48423,,866-816-7584,E,,Public,24 hours daily,,,,,,1.0,,,EV Connect,https://www.evconnect.com,GPS,43.015909,-83.518015,2026-08-09,396320,2026-08-09 03:47:59 UTC,,,,2025-05-24,,,,,J1772,US,,,,Public,,public,,,,,,,,,,,,,,,,,,,,False,,,,,,,,,False,
ELEC,Mariner North Copper Harbor,255 Gratiot St,,Copper Harbor,MI,49918,,313-262-6722,E,,Public,,,,,,,4.0,2.0,,RED_E,https://www.redecharge.com,GPS,47.468374187873,-87.8890127174,2026-08-09,396983,2026-08-09 05:12:54 UTC,,,,2024-10-21,,,,,J1772 J1772COMBO TESLA,US,,,,Public,,public,,,PUBLIC,,,,,,,,,,,,,,,,,False,,,,,,,,,False,
ELEC,Erie Township Hall,2065 Erie Road,,Erie,MI,48133,,313-262-6722,E,,Public,,,,,,,2.0,2.0,,RED_E,https://www.redecharge.com,GPS,41.79384,-83.49821,2026-08-09,396992,2026-08-09 05:12:44 UTC,,,,2024-12-12,,,,,J1772 J1772COMBO,US,,,,Public,,public,,,PUBLIC,,,,,,,,,,,,,,,,,False,,,,,,,,,False,
ELEC,Shell Newport,7600 N Telegraph Rd,,Newport,MI,48166,,313-262-6722,E,,Public,,,,,,,4.0,,,RED_E,https://www.redecharge.com,GPS,41.98689,-83.36723,2026-08-09,396993,2026-08-09 05:12:55 UTC,,,,2024-10-25,,,,,J1772,US,,,,Public,,public,,,PUBLIC,,,,,,,,,,,,,,,,,False,,,,,,,,,False,
ELEC,Friendly Ford Monroe MI,2800 N Telegraph Rd,,Monroe,MI,48162,,313-262-6722,E,,Public,,,,,,,6.0,4.0,,RED_E,https://www.redecharge.com,GPS,41.959,-83.393782,2026-08-09,396994,2026-08-09 05:13:00 UTC,,,,2024-11-13,,,,,J1772 J1772COMBO,US,,,,Public,,public,,,PUBLIC,,,,,,,,,,,,,,,,,False,,,,,,,,,False,
ELEC,MAIN CAMPUS NRC3-2,3487 88th Ave,,Zeeland,MI,49464,,888-758-4389,E,,Public,24 hours daily,,,,,,2.0,,,ChargePoint Network,https://www.chargepoint.com,GPS,42.829608,-86.003261,2026-08-09,397023,2026-08-09 02:29:38 UTC,,,,2025-05-28,,,,,J1772,US,,,,Public,,public,,,,,,,,,,,,,,,,,,,,False,,,,,,,,,False,
ELEC,MAIN CAMPUS NRC3-1,3487 88th Ave,Near entrance,Zeeland,MI,49464,,888-758-4389,E,,Public,24 hours daily,,,,,,2.0,,,ChargePoint Network,https://www.chargepoint.com,GPS,42.829687,-86.003239,2026-08-09,397024,2026-08-09 02:29:38 UTC,,,,2025-05-28,,,,,J1772,US,,,,Public,,public,,,,,,,,,,,,,,,,,,,,False,,,,,,,,,False,
ELEC,MAIN CAMPUS NRC3-4,3487 88th Ave,Near front entrance,Zeeland,MI,49464,,888-758-4389,E,,Public,24 hours daily,,,,,,2.0,,,ChargePoint Network,https://www.chargepoint.com,GPS,42.829569,-86.003229,2026-08-09,397025,2026-08-09 02:29:38 UTC,,,,2025-05-28,,,,,J1772,US,,,,Public,,public,,,,,,,,,,,,,,,,,,,,False,,,,,,,,,False,
ELEC,MAIN CAMPUS NRC3-3,3487 88th Ave,Near main entrance,Zeeland,MI,49464,,888-758-4389,E,,Public,24 hours daily,,,,,,2.0,,,ChargePoint Network,https://www.chargepoint.com,GPS,42.829674,-86.003244,2026-08-09,397026,2026-08-09 02:29:38 UTC,,,,2025-05-28,,,,,J1772,US,,,,Public,,public,,,,,,,,,,,,,,,,,,,,False,,,,,,,,,False,
ELEC,MAIN CAMPUS CSN-01569566,880 E 16th St,,Holland,MI,49423,,888-758-4389,E,,Public,24 hours daily,,,,,,2.0,,,ChargePoint Network,https://www.chargepoint.com,GPS,42.782854,-86.069542,2026-08-09,397029,2026-08-09 02:41:21 UTC,,,,2025-05-28,,,,,J1772,US,,,,Public,,public,,,,,,,,,,,,,,,,,,,,False,,,,,,,,,False,
ELEC,MAIN CAMPUS CSN-01569567,880 E 16th St,,Holland,MI,49423,,888-758-4389,E,,Public,24 hours daily,,,,,,2.0,,,ChargePoint Network,https://www.chargepoint.com,GPS,42.782743,-86.069531,2026-08-09,397030,2026-08-09 02:41:21 UTC,,,,2025-05-28,,,,,J1772,US,,,,Public,,public,,,,,,,,,,,,,,,,,,,,False,,,,,,,,,False,
ELEC,TOC-PKD TEAMONE-CP-001,1616 Lansing Road,New Car Lot near Packard,Charlotte,MI,48813,,888-758-4389,E,,Public,24 hours daily,,,,,,2.0,,,ChargePoint Network,https://www.chargepoint.com,GPS,42.582218,-84.80548,2026-08-09,397054,2026-08-09 02:57:27 UTC,,,,2025-05-28,,,,,J1772,US,,,,Public,,public,,,,,,,,,,,,,,,,,,,,False,,,,,,,,,False,
ELEC,CAMPGROUND EV1$ CAMPGROUND,3613 State Park Dr.,Passport required - camper use,Grayling,MI,49738,,888-758-4389,E,,Public,24 hours daily,,,,,,2.0,,,ChargePoint Network,https://www.chargepoint.com,GPS,44.738831,-84.686022,2026-08-09,397351,2026-08-09 02:56:46 UTC,,,,2025-05-30,,,,,J1772,US,,,,Public,,public,,,,,,,,,,,,,,,,,,,,False,,,,,,,,,False,
ELEC,HARWOOD FLATS HARWOOD FLATS,201 West Colby Street,,Whitehall,MI,49461,,888-758-4389,E,,Public,24 hours daily,,,,,,2.0,,,ChargePoint Network,https://www.chargepoint.com,GPS,43.409228,-86.349579,2026-08-09,397812,2026-08-09 02:52:40 UTC,,,,2025-06-07,,,,,J1772,US,,,,Public,,public,,,,,,,,,,,,,,,,,,,,False,,,,,,,,,False,
ELEC,A2 PARKS VET'S PARK 2,2150 Jackson Avenue,Parking Lot,Ann Arbor,MI,48103,,888-758-4389,E,,Public,24 hours daily,,,,,,2.0,,,ChargePoint Network,https://www.chargepoint.com,GPS,42.281204,-83.777363,2026-08-09,397831,2026-08-09 02:57:12 UTC,,,,2025-06-07,,,,,J1772,US,,,,Public,,public,,,,,,,,,,,,,,,,,,,,False,,,,,,,,,False,
ELEC,A2 PARKS VET'S PARK 4,2150 Jackson Avenue,Parking Lot,Ann Arbor,MI,48103,,888-758-4389,E,,Public,24 hours daily,,,,,,2.0,,,ChargePoint Network,https://www.chargepoint.com,GPS,42.281006,-83.777332,2026-08-09,397832,2026-08-09 02:57:12 UTC,,,,2025-06-07,,,,,J1772,US,,,,Public,,public,,,,,,,,,,,,,,,,,,,,False,,,,,,,,,False,
ELEC,A2 PARKS VET'S PARK 1,2150 Jackson Ave,Parking lot,Ann Arbor,MI,48103,,888-758-4389,E,,Public,24 hours daily,,,,,,2.0,,,ChargePoint Network,https://www.chargepoint.com,GPS,42.281205,-83.777371,2026-08-09,397833,2026-08-09 02:57:13 UTC,,,,2025-06-07,,,,,J1772,US,,,,Public,,public,,,,,,,,,,,,,,,,,,,,False,,,,,,,,,False,
ELEC,A2 PARKS VET'S PARK 3,2150 Jackson Avenue,Parking Lot,Ann Arbor,MI,48103,,888-758-4389,E,,Public,24 hours daily,,,,,,2.0,,,ChargePoint Network,https://www.chargepoint.com,GPS,42.281107,-83.777346,2026-08-09,397834,2026-08-09 02:57:13 UTC,,,,2025-06-07,,,,,J1772,US,,,,Public,,public,,,,,,,,,,,,,,,,,,,,False,,,,,,,,,False,
ELEC,A2 PARKS VET'S PARK 5,2150 Jackson Avenue,Parking Lot,Ann Arbor,MI,48103,,888-758-4389,E,,Public,24 hours daily,,,,,,2.0,,,ChargePoint Network,https://www.chargepoint.com,GPS,42.280946,-83.777321,2026-08-09,397835,2026-08-09 02:57:13 UTC,,,,2025-06-07,,,,,J1772,US,,,,Public,,public,,,,,,,,,,,,,,,,,,,,False,,,,,,,,,False,
ELEC,A2 PARKS VET'S PARK 6,2150 Jackson Avenue,Parking Lot,Ann Arbor,MI,48103,,888-758-4389,E,,Public,24 hours daily,,,,,,2.0,,,ChargePoint Network,https://www.chargepoint.com,GPS,42.280895,-83.777316,2026-08-09,397836,2026-08-09 02:57:13 UTC,,,,2025-06-07,,,,,J1772,US,,,,Public,,public,,,,,,,,,,,,,,,,,,,,False,,,,,,,,,False,
ELEC,Meyers Chevrolet,"4748 1ST STREET, PO BOX 8",,New Era,MI,49446,,866-816-7584,E,,Public,24 hours daily,,,,,,,1.0,,EV Connect,https://www.evconnect.com,GPS,43.559176,-86.345628,2026-08-09,397942,2026-08-09 03:50:11 UTC,,,,2025-06-07,,,,,J1772COMBO,US,,,,Public,,public,,,,,,,,,,,,,,,,,,,,False,,,,,,,,,False,
ELEC,The Mall at Partridge Creek EV #1,17420 Hall Road,,Clinton Twp,MI,48038,,888-356-8911,E,,Public,24 hours daily,,,,,,2.0,,,FLO,https://www.flo.com,GPS,42.625616,-82.9465116,2026-08-09,397948,2026-08-09 04:08:43 UTC,,,,2025-06-07,,,,,J1772,US,,,,Public,,public,,,,,,,,,,,,,,,,,,,,False,,,,,,,,,False,
ELEC,Crest Ford,22675 Gibraltar Rd,,Flat Rock,MI,48134,,,E,,Private,Service Center Use Only,,,,,,2.0,,,Non-Networked,,200-8,42.09439,-83.2523,2025-07-03,398031,2026-02-02 23:16:24 UTC,P,,,2012-12-31,,,,,J1772,US,,,,Privé,,private,,,CAR_DEALER,,,,,,,,,,,,,,,,,,,,,,,,,LD,False,
ELEC,Graff Chevrolet Mt Pleasant,4580 E Pickard St,,Mt. Pleasant,MI,48858,,989-773-3937,E,,Public,Dealership business hours,A D Debit M V,,,,,1.0,,,Non-Networked,,200-8,43.61102,-84.75718,2025-07-03,398032,2026-02-02 23:16:24 UTC,P,,,2021-03-08,,,,,J1772,US,,,,Public,,public,,,CAR_DEALER,,,,,,,,,,,,,,,,,True,,,,,,,,LD,False,
ELEC,10401 South Clare Avenue,10401 South Clare Avenue,,Clare,MI,48617,,866-576-1495,E,,Public,24 hours daily,A ACCOUNT_BALANCE D M V,,,,,1.0,,,RIVIAN_WAYPOINTS,https://rivian.com/experience/charging,GPS,43.837805,-84.7666022,2026-08-09,398456,2026-08-09 03:54:41 UTC,,,,2024-09-13,,,,,J1772,US,,,,Public,,public,,,PUBLIC,,,,,,,,,,,,,,,,,False,,,,,,,,,False,
ELEC,ARBOR ASSAYS STN 2 [MIDDLE],1143 Highland Dr,,Ann Arbor,MI,48108,,888-758-4389,E,,Public,24 hours daily,,,,,,1.0,,,ChargePoint Network,https://www.chargepoint.com,GPS,42.227399,-83.722601,2026-08-09,399998,2026-08-09 02:48:57 UTC,,,,2025-06-19,,,,,J1772,US,,,,Public,,public,,,,,,,,,,,,,,,,,,,,False,,,,,,,,,False,
ELEC,ARBOR ASSAYS STN 1 [LEFT],1143 Highland Dr,,Ann Arbor,MI,48108,,888-758-4389,E,,Public,24 hours daily,,,,,,1.0,,,ChargePoint Network,https://www.chargepoint.com,GPS,42.227393,-83.722458,2026-08-09,399999,2026-08-09 02:48:57 UTC,,,,2025-06-19,,,,,J1772,US,,,,Public,,public,,,,,,,,,,,,,,,,,,,,False,,,,,,,,,False,
ELEC,ARBOR ASSAYS STN 3 [RIGHT],1143 Highland Dr,,Ann Arbor,MI,48108,,888-758-4389,E,,Public,24 hours daily,,,,,,1.0,,,ChargePoint Network,https://www.chargepoint.com,GPS,42.227372,-83.722697,2026-08-09,400000,2026-08-09 02:49:18 UTC,,,,2025-06-19,,,,,J1772,US,,,,Public,,public,,,,,,,,,,,,,,,,,,,,False,,,,,,,,,False,
ELEC,BWL WALTER-FRENCH 1,1900 S Cedar St,,Lansing,MI,48910,,888-758-4389,E,,Public,24 hours daily,,,,,,2.0,,,ChargePoint Network,https://www.chargepoint.com,GPS,42.711352,-84.548871,2026-08-09,400042,2026-08-09 02:59:02 UTC,,,,2025-06-19,,,,,J1772,US,,,,Public,,public,,,,,,,,,,,,,,,,,,,,False,,,,,,,,,False,
ELEC,BWL WALTER-FRENCH 2,208 E Mt Hope Ave,,Lansing,MI,48910,,888-758-4389,E,,Public,24 hours daily,,,,,,2.0,,,ChargePoint Network,https://www.chargepoint.com,GPS,42.711404,-84.549785,2026-08-09,400043,2026-08-09 02:59:03 UTC,,,,2025-06-19,,,,,J1772,US,,,,Public,,public,,,,,,,,,,,,,,,,,,,,False,,,,,,,,,False,
ELEC,AATWP1 ANN ARBOR 1,3792 Pontiac Trail,,Ann Arbor,MI,48105,,888-758-4389,E,,Public,24 hours daily,,,,,,2.0,,,ChargePoint Network,https://www.chargepoint.com,GPS,42.328435,-83.733198,2026-08-09,400162,2026-08-09 02:59:09 UTC,,,,2025-06-21,,,,,J1772,US,,,,Public,,public,,,,,,,,,,,,,,,,,,,,False,,,,,,,,,False,
ELEC,E Main St Parking Durand,11 N Saginaw St,,Durand,MI,48429,,313-262-6722,E,,Public,,,,,,,2.0,2.0,,RED_E,https://www.redecharge.com,GPS,42.911363600259,-83.985729461812,2026-08-09,400195,2026-08-09 05:12:06 UTC,,,,2022-09-23,,,,,CHADEMO J1772,US,,,,Public,,public,,,PUBLIC,,,,,,,,,,,,,,,,,False,,,,,,,,,False,
ELEC,Crystal Falls MI Public Parking,108 S 4th St,,Crystal Falls,MI,49920,,313-262-6722,E,,Public,,,,,,,,2.0,,RED_E,https://www.redecharge.com,GPS,46.095849993,-88.332382322,2026-08-09,400196,2026-08-09 05:12:07 UTC,,,,2022-09-26,,,,,CHADEMO J1772COMBO,US,,,,Public,,public,,,PUBLIC,,,,,,,,,,,,,,,,,False,,,,,,,,,False,
ELEC,IB Lighting Store Dearborn Heights MI,22345 W Warren,,Dearborn Heights,MI,48127,,313-262-6722,E,,Public,,,,,,,1.0,4.0,,RED_E,https://www.redecharge.com,GPS,42.34156,-83.25743,2026-08-09,400197,2026-08-09 05:12:07 UTC,,,,2024-09-07,,,,,J1772 J1772COMBO,US,,,,Public,,public,,,PUBLIC,,,,,,,,,,,,,,,,,False,,,,,,,,,False,
ELEC,Oakland St Parking Farmington MI,33424 Oakland St,,Farmington,MI,48336,,313-262-6722,E,,Public,,,,,,,2.0,,,RED_E,https://www.redecharge.com,GPS,42.4657441413,-83.377647,2026-08-09,400198,2026-08-09 05:12:08 UTC,,,,2025-06-23,,,,,J1772,US,,,,Public,,public,,,PUBLIC,,,,,,,,,,,,,,,,,False,,,,,,,,,False,
ELEC,Cedar St Elk Rapids MI,107 Cedar St,,Elk Rapids,MI,49629,,313-262-6722,E,,Public,,,,,,,4.0,3.0,,RED_E,https://www.redecharge.com,GPS,44.8990482099,-85.414564685,2026-08-09,400200,2026-08-09 05:12:10 UTC,,,,2024-11-08,,,,,CHADEMO J1772 J1772COMBO,US,,,,Public,,public,,,PUBLIC,,,,,,,,,,,,,,,,,False,,,,,,,,,False,
ELEC,Harbor Ln Harrisville MI,1 E Harbor Ln,,Harrisville,MI,49461,,313-262-6722,E,,Public,,,,,,,4.0,2.0,,RED_E,https://www.redecharge.com,GPS,44.659059327817,-83.288473220269,2026-08-09,400202,2026-08-09 05:12:10 UTC,,,,2024-11-12,,,,,CHADEMO J1772,US,,,,Public,,public,,,PUBLIC,,,,,,,,,,,,,,,,,False,,,,,,,,,False,
ELEC,Washington St Manistee MI,95 Washington St,,Manistee,MI,49660,,313-262-6722,E,,Public,,,,,,,2.0,,,RED_E,https://www.redecharge.com,GPS,44.249420465,-86.32348301,2026-08-09,400203,2026-08-09 05:12:10 UTC,,,,2024-05-31,,,,,J1772,US,,,,Public,,public,,,PUBLIC,,,,,,,,,,,,,,,,,False,,,,,,,,,False,
ELEC,123 E Cady St Northville MI,123 E Cady St,,Northville,MI,48167,,313-262-6722,E,,Public,,,,,,,4.0,,,RED_E,https://www.redecharge.com,GPS,42.430396416,-83.48231,2026-08-09,400204,2026-08-09 05:12:10 UTC,,,,2023-08-17,,,,,J1772,US,,,,Public,,public,,,PUBLIC,,,,,,,,,,,,,,,,,False,,,,,,,,,False,
ELEC,123 W Cady St Northville MI,123 W Cady St,,Northville,MI,48167,,313-262-6722,E,,Public,,,,,,,4.0,2.0,,RED_E,https://www.redecharge.com,GPS,42.429957,-83.484045,2026-08-09,400205,2026-08-09 05:12:10 UTC,,,,2023-08-17,,,,,CHADEMO J1772,US,,,,Public,,public,,,PUBLIC,,,,,,,,,,,,,,,,,False,,,,,,,,,False,
ELEC,Washington St Hale MI,210 N Washington St,,Hale,MI,48739,,313-262-6722,E,,Public,,,,,,,2.0,,,RED_E,https://www.redecharge.com,GPS,44.38036850277,-83.80444162391,2026-08-09,400206,2026-08-09 05:12:11 UTC,,,,2024-11-12,,,,,J1772,US,,,,Public,,public,,,PUBLIC,,,,,,,,,,,,,,,,,False,,,,,,,,,False,
ELEC,114 W Main St Northville MI,114 W Main St,,Northville,MI,48167,,313-262-6722,E,,Public,,,,,,,2.0,1.0,,RED_E,https://www.redecharge.com,GPS,42.43113761,-83.48401483,2026-08-09,400207,2026-08-09 05:12:11 UTC,,,,2023-08-17,,,,,CHADEMO J1772,US,,,,Public,,public,,,PUBLIC,,,,,,,,,,,,,,,,,False,,,,,,,,,False,
ELEC,Mears St Whitehall MI,111 N Mears St,,Whitehall,MI,49461,,313-262-6722,E,,Public,,,,,,,10.0,,,RED_E,https://www.redecharge.com,GPS,43.40979761,-86.34784,2026-08-09,400208,2026-08-09 05:12:11 UTC,,,,2024-06-13,,,,,J1772,US,,,,Public,,public,,,PUBLIC,,,,,,,,,,,,,,,,,False,,,,,,,,,False,
ELEC,The Scott Detroit MI,3150 Woodward Ave,,Detroit,MI,48201,,313-262-6722,E,,Public,,,,,,,6.0,,,RED_E,https://www.redecharge.com,GPS,42.3458326856,-83.05552701,2026-08-09,400209,2026-08-09 05:12:12 UTC,,,,2024-10-28,,,,,J1772,US,,,,Public,,public,,,PUBLIC,,,,,,,,,,,,,,,,,False,,,,,,,,,False,
ELEC,Office Lounge and Grill Oscoda MI,113 E Dwight Ave,,Oscoda,MI,48750,,313-262-6722,E,,Public,,,,,,,2.0,3.0,,RED_E,https://www.redecharge.com,GPS,44.419089498485,-83.32888522944,2026-08-09,400210,2026-08-09 05:12:12 UTC,,,,2024-11-12,,,,,CHADEMO J1772,US,,,,Public,,public,,,PUBLIC,,,,,,,,,,,,,,,,,False,,,,,,,,,False,
ELEC,U of M Health Wyoming MI,5900 Byron Center Ave SW Emergency,,Wyoming,MI,49519,,313-262-6722,E,,Public,,,,,,,12.0,,,RED_E,https://www.redecharge.com,GPS,42.857047189359,-85.716099190279,2026-08-09,400211,2026-08-09 05:12:12 UTC,,,,2024-11-07,,,,,J1772,US,,,,Public,,public,,,PUBLIC,,,,,,,,,,,,,,,,,False,,,,,,,,,False,
ELEC,District Library Boyne City MI,211 S Park St,,Boyne City,MI,49712,,313-262-6722,E,,Public,,,,,,,2.0,,,RED_E,https://www.redecharge.com,GPS,45.212645935356,-85.012733173952,2026-08-09,400212,2026-08-09 05:12:12 UTC,,,,2024-07-03,,,,,J1772,US,,,,Public,,public,,,PUBLIC,,,,,,,,,,,,,,,,,False,,,,,,,,,False,
ELEC,River St Parking Lot Manistee MI,324 River St,,Manistee,MI,49660,,313-262-6722,E,,Public,,,,,,,2.0,,,RED_E,https://www.redecharge.com,GPS,44.248701366408,-86.320374029897,2026-08-09,400213,2026-08-09 05:12:12 UTC,,,,2024-11-25,,,,,J1772,US,,,,Public,,public,,,PUBLIC,,,,,,,,,,,,,,,,,False,,,,,,,,,False,
ELEC,Gaslight Village Parking Grand Rapids MI,661 Croswell Ave SE,,East Grand Rapids,MI,49506,,313-262-6722,E,,Public,,,,,,,2.0,,,RED_E,https://www.redecharge.com,GPS,42.950423166,-85.616110204,2026-08-09,400214,2026-08-09 05:12:13 UTC,,,,2024-11-07,,,,,J1772,US,,,,Public,,public,,,PUBLIC,,,,,,,,,,,,,,,,,False,,,,,,,,,False,
ELEC,Graff GMC Buick Cadillac Mt Pleasant,116 N Mission St,,Mt Pleasant,MI,48858,,313-262-6722,E,,Public,,,,,,,,2.0,,RED_E,https://www.redecharge.com,GPS,43.605370203313,-84.7671971845,2026-08-09,400216,2026-08-09 05:12:14 UTC,,,,2025-06-23,,,,,CHADEMO J1772COMBO,US,,,,Public,,public,,,PUBLIC,,,,,,,,,,,,,,,,,False,,,,,,,,,False,
ELEC,Kirtland Community College,4800 W. Fourmile Rd,,Grayling,MI,49738,,313-262-6722,E,,Public,,,,,,,2.0,,,RED_E,https://www.redecharge.com,GPS,44.601530672568,-84.70413842696,2026-08-09,400217,2026-08-09 05:12:16 UTC,,,,2024-01-26,,,,,J1772,US,,,,Public,,public,,,PUBLIC,,,,,,,,,,,,,,,,,False,,,,,,,,,False,
ELEC,Graff Chevrolet Mt Pleasant,4580 E Pickard St,,Mt Pleasant,MI,48858,,313-262-6722,E,,Public,,,,,,,,2.0,,RED_E,https://www.redecharge.com,GPS,43.61126536691,-84.75723661907,2026-08-09,400218,2026-08-09 05:12:17 UTC,,,,2024-03-02,,,,,CHADEMO J1772COMBO,US,,,,Public,,public,,,PUBLIC,,,,,,,,,,,,,,,,,False,,,,,,,,,False,
ELEC,Alma Public Parking,1700 Wright Ave,,Alma,MI,48801,,313-262-6722,E,,Public,,,,,,,,2.0,,RED_E,https://www.redecharge.com,GPS,43.396151226714,-84.666180488909,2026-08-09,400219,2026-08-09 05:12:18 UTC,,,,2024-03-08,,,,,J1772COMBO,US,,,,Public,,public,,,PUBLIC,,,,,,,,,,,,,,,,,False,,,,,,,,,False,
ELEC,St Clair Public Parking,618 St Clair Ave,,Grosse Pointe,MI,48230,,313-262-6722,E,,Public,,,,,,,4.0,,,RED_E,https://www.redecharge.com,GPS,42.389658933226,-82.91500373227,2026-08-09,400221,2026-08-09 05:12:19 UTC,,,,2025-06-23,,,,,J1772,US,,,,Public,,public,,,PUBLIC,,,,,,,,,,,,,,,,,False,,,,,,,,,False,
ELEC,Pine Island Campground,883 S Angola Rd,,Coldwater,MI,49036,,313-262-6722,E,,Public,,,,,,,2.0,,,RED_E,https://www.redecharge.com,GPS,41.785486371,-85.00590470346,2026-08-09,400222,2026-08-09 05:12:20 UTC,,,,2024-07-05,,,,,J1772,US,,,,Public,,public,,,PUBLIC,,,,,,,,,,,,,,,,,False,,,,,,,,,False,
ELEC,Szott Ford Holly MI,8800 E Holly Rd,,Holly,MI,48442,,313-262-6722,E,,Public,,,,,,,4.0,4.0,,RED_E,https://www.redecharge.com,GPS,42.779971498309,-83.53048324162,2026-08-09,400223,2026-08-09 05:12:20 UTC,,,,2023-12-07,,,,,J1772 J1772COMBO,US,,,,Public,,public,,,PUBLIC,,,,,,,,,,,,,,,,,False,,,,,,,,,False,
ELEC,Galleria of Northville,51305 7 Mile,,Northville,MI,48167,,313-262-6722,E,,Public,,,,,,,2.0,,,RED_E,https://www.redecharge.com,GPS,42.421040411429,-83.550377522881,2026-08-09,400224,2026-08-09 05:12:21 UTC,,,,2025-06-23,,,,,J1772,US,,,,Public,,public,,,PUBLIC,,,,,,,,,,,,,,,,,False,,,,,,,,,False,
ELEC,Bint Jebail Cultural Center,14201 Prospect St,,Dearborn,MI,48126,,313-262-6722,E,,Public,,,,,,,2.0,2.0,,RED_E,https://www.redecharge.com,GPS,42.3162332835,-83.1777297279,2026-08-09,400225,2026-08-09 05:12:21 UTC,,,,2023-12-03,,,,,J1772 J1772COMBO,US,,,,Public,,public,,,PUBLIC,,,,,,,,,,,,,,,,,False,,,,,,,,,False,
ELEC,Weathervane Mall,102 Blue Star Hwy,,Douglas,MI,49406,,313-262-6722,E,,Public,,,,,,,,2.0,,RED_E,https://www.redecharge.com,GPS,42.64162,-86.20897,2026-08-09,400226,2026-08-09 05:12:21 UTC,,,,2023-12-18,,,,,J1772COMBO,US,,,,Public,,public,,,PUBLIC,,,,,,,,,,,,,,,,,False,,,,,,,,,False,
ELEC,Sunoco Gas Station Taylor,14055 Telegraph Rd,,Taylor,MI,48180,,313-262-6722,E,,Public,,,,,,,2.0,,,RED_E,https://www.redecharge.com,GPS,42.20420684,-83.26772110313,2026-08-09,400227,2026-08-09 05:12:21 UTC,,,,2023-12-05,,,,,J1772,US,,,,Public,,public,,,PUBLIC,,,,,,,,,,,,,,,,,False,,,,,,,,,False,
ELEC,Saganing Eagles Landing Casino,2690 Worth Rd,,Standish,MI,48658,,313-262-6722,E,,Public,,,,,,,2.0,,,RED_E,https://www.redecharge.com,GPS,43.9270923808,-83.912473867459,2026-08-09,400228,2026-08-09 05:12:23 UTC,,,,2024-05-22,,,,,J1772,US,,,,Public,,public,,,PUBLIC,,,,,,,,,,,,,,,,,False,,,,,,,,,False,
ELEC,SLDCC Building,21800 Pontiac Trail,,South Lyon,MI,48178,,313-262-6722,E,,Public,,,,,,,4.0,,,RED_E,https://www.redecharge.com,GPS,42.44115876804,-83.6492526137,2026-08-09,400230,2026-08-09 05:12:24 UTC,,,,2025-01-18,,,,,J1772,US,,,,Public,,public,,,PUBLIC,,,,,,,,,,,,,,,,,False,,,,,,,,,False,
ELEC,Harper Suites,21711 Harper Ave,,St Clair Shores,MI,48080,,313-262-6722,E,,Public,,,,,,,8.0,,,RED_E,https://www.redecharge.com,GPS,42.4560429,-82.9128609,2026-08-09,400231,2026-08-09 05:12:25 UTC,,,,2025-01-25,,,,,J1772,US,,,,Public,,public,,,PUBLIC,,,,,,,,,,,,,,,,,False,,,,,,,,,False,
ELEC,Ray Laethem Buick GMC,17677 Mack Ave,,Detroit,MI,48224,,313-262-6722,E,,Public,,,,,,,,2.0,,RED_E,https://www.redecharge.com,GPS,42.4016334092,-82.91800235966,2026-08-09,400232,2026-08-09 05:12:26 UTC,,,,2024-09-09,,,,,CHADEMO J1772COMBO,US,,,,Public,,public,,,PUBLIC,,,,,,,,,,,,,,,,,False,,,,,,,,,False,
ELEC,The Mainstay Foundation,15170 Commerce Dr N,,Dearborn,MI,48120,,313-262-6722,E,,Public,,,,,,,4.0,,,RED_E,https://www.redecharge.com,GPS,42.31262,-83.18692,2026-08-09,400238,2026-08-09 05:12:28 UTC,,,,2024-03-25,,,,,J1772,US,,,,Public,,public,,,PUBLIC,,,,,,,,,,,,,,,,,False,,,,,,,,,False,
ELEC,Midwest Recycling,26051 Michigan Ave,,Inkster,MI,48141,,313-262-6722,E,,Public,,,,,,,4.0,,,RED_E,https://www.redecharge.com,GPS,42.295552825841,-83.2937868279,2026-08-09,400239,2026-08-09 05:12:29 UTC,,,,2024-03-25,,,,,J1772,US,,,,Public,,public,,,PUBLIC,,,,,,,,,,,,,,,,,False,,,,,,,,,False,
ELEC,Midwest Enterprises,30098 Industrial Dr,,Inkster,MI,48141,,313-262-6722,E,,Public,,,,,,,4.0,,,RED_E,https://www.redecharge.com,GPS,42.285190118368,-83.3382359576,2026-08-09,400240,2026-08-09 05:12:29 UTC,,,,2024-03-27,,,,,J1772,US,,,,Public,,public,,,PUBLIC,,,,,,,,,,,,,,,,,False,,,,,,,,,False,
ELEC,Verboten Roots,26201 Michigan Ave,,Inkster,MI,48141,,313-262-6722,E,,Public,,,,,,,3.0,,,RED_E,https://www.redecharge.com,GPS,42.29595187333,-83.29546806564,2026-08-09,400241,2026-08-09 05:12:29 UTC,,,,2024-03-28,,,,,J1772,US,,,,Public,,public,,,PUBLIC,,,,,,,,,,,,,,,,,False,,,,,,,,,False,
ELEC,FasCharge 5772 Admiral Marathon Plainwell,1149 Michigan 89,,Plainwell,MI,49080,,313-262-6722,E,,Public,,,,,,,,2.0,,RED_E,https://www.redecharge.com,GPS,42.450195296146,-85.658250789,2026-08-09,400242,2026-08-09 05:12:30 UTC,,,,2024-04-11,,,,,J1772COMBO,US,,,,Public,,public,,,PUBLIC,,,,,,,,,,,,,,,,,False,,,,,,,,,False,
ELEC,Twins Market and Deli,22113 W Warren Ave,,Dearborn Heights,MI,48127,,313-262-6722,E,,Public,,,,,,,2.0,,,RED_E,https://www.redecharge.com,GPS,42.341576967761,-83.2553023062,2026-08-09,400244,2026-08-09 05:12:30 UTC,,,,2024-12-19,,,,,J1772,US,,,,Public,,public,,,PUBLIC,,,,,,,,,,,,,,,,,False,,,,,,,,,False,
ELEC,Great Lakes Ace Clawson MI,149 E 14 Mile Rd,,Clawson,MI,48017,,313-262-6722,E,,Public,,,,,,,1.0,,,RED_E,https://www.redecharge.com,GPS,42.53399788977,-83.1448469047,2026-08-09,400246,2026-08-09 05:12:30 UTC,,,,2024-04-15,,,,,J1772,US,,,,Public,,public,,,PUBLIC,,,,,,,,,,,,,,,,,False,,,,,,,,,False,
ELEC,Pat Milliken Ford Public,9600 Telegraph Rd,,Redford Charter Twp,MI,48239,,313-262-6722,E,,Public,,,,,,,,2.0,,RED_E,https://www.redecharge.com,GPS,42.36629997425,-83.27487463812,2026-08-09,400247,2026-08-09 05:12:31 UTC,,,,2024-09-25,,,,,J1772COMBO,US,,,,Public,,public,,,PUBLIC,,,,,,,,,,,,,,,,,False,,,,,,,,,False,
ELEC,Income Power,2970 Frembes Rd,,Waterford Twp,MI,46329,,313-262-6722,E,,Public,,,,,,,,2.0,,RED_E,https://www.redecharge.com,GPS,42.68150442895,-83.38130804058,2026-08-09,400249,2026-08-09 05:12:32 UTC,,,,2025-06-23,,,,,J1772COMBO,US,,,,Public,,public,,,PUBLIC,,,,,,,,,,,,,,,,,False,,,,,,,,,False,
ELEC,Ford Underground Garage,30 E Jefferson Ave,,Detroit,MI,48226,,313-262-6722,E,,Public,,,,,,,2.0,,,RED_E,https://www.redecharge.com,GPS,42.328856908934,-83.043999777134,2026-08-09,400250,2026-08-09 05:12:33 UTC,,,,2024-06-11,,,,,J1772,US,,,,Public,,public,,,PUBLIC,,,,,,,,,,,,,,,,,False,,,,,,,,,False,
ELEC,Eight Mile and Telegraph Mini Mart,22645 W 8 Mile,,Detroit,MI,48219,,313-262-6722,E,,Public,,,,,,,2.0,,,RED_E,https://www.redecharge.com,GPS,42.44266151664,-83.267641982,2026-08-09,400252,2026-08-09 05:12:34 UTC,,,,2024-06-18,,,,,J1772,US,,,,Public,,public,,,PUBLIC,,,,,,,,,,,,,,,,,False,,,,,,,,,False,
ELEC,Main North Garage,300 N Main St,,Royal Oak,MI,48067,,313-262-6722,E,,Public,,,,,,,4.0,,,RED_E,https://www.redecharge.com,GPS,42.49079320444,-83.1431055716,2026-08-09,400253,2026-08-09 05:12:35 UTC,,,,2024-07-15,,,,,J1772,US,,,,Public,,public,,,PUBLIC,,,,,,,,,,,,,,,,,False,,,,,,,,,False,
ELEC,One North Kitchen and Bar,2115 Bondsteel Dr,,Jackson,MI,49202,,313-262-6722,E,,Public,,,,,,,,2.0,,RED_E,https://www.redecharge.com,GPS,42.276914656908,-84.432672341,2026-08-09,400254,2026-08-09 05:12:37 UTC,,,,2024-08-19,,,,,J1772COMBO,US,,,,Public,,public,,,PUBLIC,,,,,,,,,,,,,,,,,False,,,,,,,,,False,
ELEC,Village Ford,23535 Michigan Ave,,Dearborn,MI,48124,,313-262-6722,E,,Public,,,,,,,1.0,4.0,,RED_E,https://www.redecharge.com,GPS,42.30094573494,-83.265178312,2026-08-09,400255,2026-08-09 05:12:37 UTC,,,,2024-07-11,,,,,J1772 J1772COMBO,US,,,,Public,,public,,,PUBLIC,,,,,,,,,,,,,,,,,False,,,,,,,,,False,
ELEC,Woodview Commons,7405 Jackson Road,,Ann Arbor,MI,48334,,313-262-6722,E,,Public,,,,,,,24.0,,,RED_E,https://www.redecharge.com,GPS,42.293082590106,-83.8760442,2026-08-09,400256,2026-08-09 05:12:38 UTC,,,,2024-07-19,,,,,J1772,US,,,,Public,,public,,,MULTI_UNIT_DWELLING,,,,,,,,,,,,,,,,,False,,,,,,,,,False,
ELEC,Crest Ford in Center Line,26333 Van Dyke Ave,,Center Line,MI,48105,,313-262-6722,E,,Public,,,,,,,,4.0,,RED_E,https://www.redecharge.com,GPS,42.487592379207,-83.028269051,2026-08-09,400257,2026-08-09 05:12:38 UTC,,,,2024-07-23,,,,,J1772COMBO,US,,,,Public,,public,,,PUBLIC,,,,,,,,,,,,,,,,,False,,,,,,,,,False,
ELEC,Days Inn by Wyndham,6692 Newark Rd,,Imlay City,MI,48444,,313-262-6722,E,,Public,,,,,,,2.0,,,RED_E,https://www.redecharge.com,GPS,43.005135594049,-83.07798567385,2026-08-09,400259,2026-08-09 05:12:39 UTC,,,,2024-07-23,,,,,J1772,US,,,,Public,,public,,,PUBLIC,,,,,,,,,,,,,,,,,False,,,,,,,,,False,
ELEC,Marathon Commerce Market Spirits,519 W Commerce Rd,,Commerce Charter Twp,MI,48382,,313-262-6722,E,,Public,,,,,,,,2.0,,RED_E,https://www.redecharge.com,GPS,42.590862929008,-83.486673219366,2026-08-09,400262,2026-08-09 05:12:39 UTC,,,,2024-07-29,,,,,J1772COMBO,US,,,,Public,,public,,,PUBLIC,,,,,,,,,,,,,,,,,False,,,,,,,,,False,
ELEC,West Branch,124 N Fourth St,,West Branch,MI,48661,,313-262-6722,E,,Public,,,,,,,2.0,,,RED_E,https://www.redecharge.com,GPS,44.27699,-84.23904,2026-08-09,400263,2026-08-09 05:12:39 UTC,,,,2024-07-31,,,,,J1772,US,,,,Public,,public,,,PUBLIC,,,,,,,,,,,,,,,,,False,,,,,,,,,False,
ELEC,Anchor Market,5160 N Hubbard Lake Rd,,Spruce,MI,48762,,313-262-6722,E,,Public,,,,,,,4.0,,,RED_E,https://www.redecharge.com,GPS,44.8044956311,-83.52538548613,2026-08-09,400265,2026-08-09 05:12:39 UTC,,,,2024-08-01,,,,,J1772,US,,,,Public,,public,,,PUBLIC,,,,,,,,,,,,,,,,,False,,,,,,,,,False,
ELEC,Liberty 1 Lending,27459 5 Mile Rd,,Livonia,MI,48154,,313-262-6722,E,,Public,,,,,,,2.0,,,RED_E,https://www.redecharge.com,GPS,42.398309016956,-83.31600017,2026-08-09,400267,2026-08-09 05:12:40 UTC,,,,2024-09-17,,,,,J1772,US,,,,Public,,public,,,PUBLIC,,,,,,,,,,,,,,,,,False,,,,,,,,,False,
ELEC,FasCharge 4686 Express Stop BP Battle Creek,5195 Beckley Rd,,Battle Creek,MI,49015,,313-262-6722,E,,Public,,,,,,,,2.0,,RED_E,https://www.redecharge.com,GPS,42.2612270054,-85.1947881996,2026-08-09,400268,2026-08-09 05:12:40 UTC,,,,2024-09-17,,,,,J1772COMBO,US,,,,Public,,public,,,PUBLIC,,,,,,,,,,,,,,,,,False,,,,,,,,,False,
ELEC,FasCharge 5085 1Stop Mobil Flint,2374 W Hill Rd,,Flint,MI,48507,,313-262-6722,E,,Public,,,,,,,,2.0,,RED_E,https://www.redecharge.com,GPS,42.94438,-83.72679,2026-08-09,400269,2026-08-09 05:12:40 UTC,,,,2024-09-19,,,,,J1772COMBO,US,,,,Public,,public,,,PUBLIC,,,,,,,,,,,,,,,,,False,,,,,,,,,False,
ELEC,FasCharge 4638 Express Stop BP Birch Run,8830 Main St,,Birch Run,MI,48415,,313-262-6722,E,,Public,,,,,,,,2.0,,RED_E,https://www.redecharge.com,GPS,43.249536231729,-83.777719473015,2026-08-09,400270,2026-08-09 05:12:40 UTC,,,,2024-09-05,,,,,J1772COMBO,US,,,,Public,,public,,,PUBLIC,,,,,,,,,,,,,,,,,False,,,,,,,,,False,
ELEC,Fishbones St Clair Shores,23722 Jefferson Ave,,St Clair Shores,MI,48080,,313-262-6722,E,,Public,,,,,,,,2.0,,RED_E,https://www.redecharge.com,GPS,42.46487499894,-82.8851235445,2026-08-09,400271,2026-08-09 05:12:40 UTC,,,,2024-08-21,,,,,J1772COMBO,US,,,,Public,,public,,,PUBLIC,,,,,,,,,,,,,,,,,False,,,,,,,,,False,
ELEC,Beyond Juice,21110 Mack Ave,,Grosse Pointe Woods,MI,48236,,313-262-6722,E,,Public,,,,,,,,4.0,,RED_E,https://www.redecharge.com,GPS,42.448599803869,-82.9052612795,2026-08-09,400274,2026-08-09 05:12:41 UTC,,,,2024-09-03,,,,,J1772COMBO,US,,,,Public,,public,,,PUBLIC,,,,,,,,,,,,,,,,,False,,,,,,,,,False,
ELEC,Tooling and Equipment International TEI,12550 Tech Center Dr,,Livonia,MI,48150,,313-262-6722,E,,Public,,,,,,,4.0,,,RED_E,https://www.redecharge.com,GPS,42.37531,-83.34178,2026-08-09,400276,2026-08-09 05:12:41 UTC,,,,2024-09-09,,,,,J1772,US,,,,Public,,public,,,PUBLIC,,,,,,,,,,,,,,,,,False,,,,,,,,,False,
ELEC,VE Empire MI,10017-10043 Front St,,Empire,MI,49630,,313-262-6722,E,,Public,,,,,,,,2.0,,RED_E,https://www.redecharge.com,GPS,44.810379462034,-86.05866358576,2026-08-09,400277,2026-08-09 05:12:41 UTC,,,,2024-09-11,,,,,J1772COMBO,US,,,,Public,,public,,,PUBLIC,,,,,,,,,,,,,,,,,False,,,,,,,,,False,
ELEC,North Kercheval Lot,1167 Lakepointe St,,Grosse Pointe Park,MI,48230,,313-262-6722,E,,Public,,,,,,,,2.0,,RED_E,https://www.redecharge.com,GPS,42.3809,-82.94001,2026-08-09,400278,2026-08-09 05:12:42 UTC,,,,2024-09-13,,,,,J1772COMBO,US,,,,Public,,public,,,PUBLIC,,,,,,,,,,,,,,,,,False,,,,,,,,,False,
ELEC,Cutler St Lot Allegan MI,101 Cutler St,,Allegan,MI,49010,,313-262-6722,E,,Public,,,,,,,2.0,,,RED_E,https://www.redecharge.com,GPS,42.52949,-85.8497338,2026-08-09,400280,2026-08-09 05:12:43 UTC,,,,2024-09-24,,,,,J1772,US,,,,Public,,public,,,PUBLIC,,,,,,,,,,,,,,,,,False,,,,,,,,,False,
ELEC,Shelby Pit Stop,50995 Van Dyke Ave,,Shelby Twp,MI,48317,,313-262-6722,E,,Public,,,,,,,,4.0,,RED_E,https://www.redecharge.com,GPS,42.66924,-83.03507,2026-08-09,400281,2026-08-09 05:12:43 UTC,,,,2024-11-11,,,,,J1772COMBO,US,,,,Public,,public,,,PUBLIC,,,,,,,,,,,,,,,,,False,,,,,,,,,False,
ELEC,Corner Shop Mobil,10950 Belleville Rd,,Van Buren Twp,MI,48111,,313-262-6722,E,,Public,,,,,,,,4.0,,RED_E,https://www.redecharge.com,GPS,42.22281,-83.48548,2026-08-09,400282,2026-08-09 05:12:43 UTC,,,,2024-11-27,,,,,J1772COMBO TESLA,US,,,,Public,,public,,,PUBLIC,,,,,,,,,,,,,,,,,False,,,,,,,,,False,
ELEC,Taylor Ford,13500 Telegraph Rd,,Taylor,MI,48180,,313-262-6722,E,,Public,,,,,,,6.0,4.0,,RED_E,https://www.redecharge.com,GPS,42.20845,-83.26946,2026-08-09,400283,2026-08-09 05:12:43 UTC,,,,2024-10-04,,,,,J1772 J1772COMBO,US,,,,Public,,public,,,PUBLIC,,,,,,,,,,,,,,,,,False,,,,,,,,,False,
ELEC,BBs of Troy,4009 Livernois Rd,,Troy,MI,48098,,313-262-6722,E,,Public,,,,,,,2.0,,,RED_E,https://www.redecharge.com,GPS,42.577717850568,-83.148896304973,2026-08-09,400289,2026-08-09 05:12:46 UTC,,,,2025-01-07,,,,,J1772,US,,,,Public,,public,,,PUBLIC,,,,,,,,,,,,,,,,,False,,,,,,,,,False,
ELEC,NeeHees Indian Restaurant Troy,4924 Rochester Rd,,Troy,MI,48085,,313-262-6722,E,,Public,,,,,,,4.0,,,RED_E,https://www.redecharge.com,GPS,42.590597683306,-83.128212607983,2026-08-09,400291,2026-08-09 05:12:47 UTC,,,,2025-01-07,,,,,J1772,US,,,,Public,,public,,,PUBLIC,,,,,,,,,,,,,,,,,False,,,,,,,,,False,
ELEC,DeNooyer Chevrolet Kalamazoo,5800 Stadium Drive,,Kalamazoo,MI,49009,,313-262-6722,E,,Public,,,,,,,,2.0,,RED_E,https://www.redecharge.com,GPS,42.267869351,-85.66339860778,2026-08-09,400294,2026-08-09 05:12:47 UTC,,,,2024-10-08,,,,,CHADEMO J1772COMBO,US,,,,Public,,public,,,PUBLIC,,,,,,,,,,,,,,,,,False,,,,,,,,,False,
ELEC,Hampton Inn Shelby Township,51620 Shelby Pkwy,,Shelby Twp,MI,48315,,313-262-6722,E,,Public,,,,,,,6.0,,,RED_E,https://www.redecharge.com,GPS,42.674611304588,-83.01302286931,2026-08-09,400295,2026-08-09 05:12:47 UTC,,,,2025-01-09,,,,,J1772,US,,,,Public,,public,,,PUBLIC,,,,,,,,,,,,,,,,,False,,,,,,,,,False,
ELEC,Holiday Inn Auburn Hills,907 Opdyke Rd,,Auburn Hills,MI,48326,,313-262-6722,E,,Public,,,,,,,4.0,,,RED_E,https://www.redecharge.com,GPS,42.652373535369,-83.24823305582,2026-08-09,400296,2026-08-09 05:12:47 UTC,,,,2025-01-06,,,,,J1772,US,,,,Public,,public,,,PUBLIC,,,,,,,,,,,,,,,,,False,,,,,,,,,False,
ELEC,Port Huron Destination Chargers,2832 Pine Grove Ave,,Port Huron,MI,48060,,313-262-6722,E,,Public,,,,,,,4.0,,,RED_E,https://www.redecharge.com,GPS,43.005266845578,-82.441243588233,2026-08-09,400298,2026-08-09 05:12:47 UTC,,,,2024-11-01,,,,,J1772,US,,,,Public,,public,,,PUBLIC,,,,,,,,,,,,,,,,,False,,,,,,,,,False,
ELEC,Staybridge Suites Auburn Hills,917 Opdyke Rd,,Auburn Hills,MI,48326,,313-262-6722,E,,Public,,,,,,,4.0,,,RED_E,https://www.redecharge.com,GPS,42.652472780169,-83.24948744232,2026-08-09,400299,2026-08-09 05:12:47 UTC,,,,2025-01-06,,,,,J1772,US,,,,Public,,public,,,PUBLIC,,,,,,,,,,,,,,,,,False,,,,,,,,,False,
ELEC,Hampton Inn Commerce,169 Loop Rd,,Commerce Charter Twp,MI,48390,,313-262-6722,E,,Public,,,,,,,4.0,,,RED_E,https://www.redecharge.com,GPS,42.528468616534,-83.44439801392,2026-08-09,400300,2026-08-09 05:12:48 UTC,,,,2025-01-03,,,,,J1772,US,,,,Public,,public,,,PUBLIC,,,,,,,,,,,,,,,,,False,,,,,,,,,False,
ELEC,TownePlace Suites Commerce,199 Loop Rd,,Commerce Charter Twp,MI,48390,,313-262-6722,E,,Public,,,,,,,4.0,,,RED_E,https://www.redecharge.com,GPS,42.52937970162,-83.44441491346,2026-08-09,400301,2026-08-09 05:12:48 UTC,,,,2025-01-03,,,,,J1772,US,,,,Public,,public,,,PUBLIC,,,,,,,,,,,,,,,,,False,,,,,,,,,False,
ELEC,BP Station Middlebelt Livonia,17151 Middlebelt Rd,,Livonia,MI,48152,,313-262-6722,E,,Public,,,,,,,2.0,,,RED_E,https://www.redecharge.com,GPS,42.413238224877,-83.3355881865,2026-08-09,400303,2026-08-09 05:12:48 UTC,,,,2025-01-03,,,,,J1772,US,,,,Public,,public,,,PUBLIC,,,,,,,,,,,,,,,,,False,,,,,,,,,False,
ELEC,Pinehurst Office Center,39400 Woodward,,Bloomfield Hills,MI,48304,,313-262-6722,E,,Public,,,,,,,4.0,,,RED_E,https://www.redecharge.com,GPS,42.581356550586,-83.240219502326,2026-08-09,400304,2026-08-09 05:12:48 UTC,,,,2024-11-25,,,,,J1772,US,,,,Public,,public,,,PUBLIC,,,,,,,,,,,,,,,,,False,,,,,,,,,False,
ELEC,Novi Public Library,45255 W Ten Mile,,Novi,MI,48375,,313-262-6722,E,,Public,,,,,,,2.0,,,RED_E,https://www.redecharge.com,GPS,42.465003043144,-83.491269999358,2026-08-09,400305,2026-08-09 05:12:48 UTC,,,,2024-12-22,,,,,J1772,US,,,,Public,,public,,,PUBLIC,,,,,,,,,,,,,,,,,False,,,,,,,,,False,
ELEC,Milford Central Park,159 N Main St,,Milford,MI,48381,,313-262-6722,E,,Public,,,,,,,4.0,,,RED_E,https://www.redecharge.com,GPS,42.58976,-83.60217,2026-08-09,400306,2026-08-09 05:12:48 UTC,,,,2024-12-20,,,,,J1772,US,,,,Public,,public,,,PUBLIC,,,,,,,,,,,,,,,,,False,,,,,,,,,False,
ELEC,Milford Skatepark,1100 Atlantic St,,Milford,MI,48381,,313-262-6722,E,,Public,,,,,,,4.0,,,RED_E,https://www.redecharge.com,GPS,42.586323589468,-83.588950746007,2026-08-09,400307,2026-08-09 05:12:48 UTC,,,,2024-12-20,,,,,J1772,US,,,,Public,,public,,,PUBLIC,,,,,,,,,,,,,,,,,False,,,,,,,,,False,
ELEC,N State St Parking Howell,200 E Grand River Ave,,Howell,MI,48843,,313-262-6722,E,,Public,,,,,,,2.0,,,RED_E,https://www.redecharge.com,GPS,42.607560113446,-83.928352436724,2026-08-09,400308,2026-08-09 05:12:49 UTC,,,,2025-01-24,,,,,J1772,US,,,,Public,,public,,,PUBLIC,,,,,,,,,,,,,,,,,False,,,,,,,,,False,
ELEC,Kirts Blvd Troy,295 Kirts Blvd,,Troy,MI,48084,,313-262-6722,E,,Public,,,,,,,12.0,,,RED_E,https://www.redecharge.com,GPS,42.555809772051,-83.151820452996,2026-08-09,400309,2026-08-09 05:12:49 UTC,,,,2024-12-10,,,,,J1772,US,,,,Public,,public,,,PUBLIC,,,,,,,,,,,,,,,,,False,,,,,,,,,False,
ELEC,Cadillac of Novi,41350 Grand River Ave,,Novi,MI,48375,,313-262-6722,E,,Public,,,,,,,4.0,4.0,,RED_E,https://www.redecharge.com,GPS,42.4771290227,-83.45428922698,2026-08-09,400310,2026-08-09 05:12:49 UTC,,,,2024-10-21,,,,,CHADEMO J1772 J1772COMBO,US,,,,Public,,public,,,PUBLIC,,,,,,,,,,,,,,,,,False,,,,,,,,,False,
ELEC,WSU Lot 50,1200 W. Warren,,Detroit,MI,48202,,313-262-6722,E,,Public,,,,,,,4.0,,,RED_E,https://www.redecharge.com,GPS,42.35357230647,-83.0754930271,2026-08-09,400311,2026-08-09 05:12:50 UTC,,,,2025-01-07,,,,,J1772,US,,,,Public,,public,,,PUBLIC,,,,,,,,,,,,,,,,,False,,,,,,,,,False,
ELEC,WSU Parking Structure 8,4501 Woodward Ave,,Detroit,MI,48201,,313-262-6722,E,,Public,,,,,,,6.0,,,RED_E,https://www.redecharge.com,GPS,42.353569520276,-83.063729372561,2026-08-09,400313,2026-08-09 05:12:50 UTC,,,,2025-01-07,,,,,J1772,US,,,,Public,,public,,,PUBLIC,,,,,,,,,,,,,,,,,False,,,,,,,,,False,
ELEC,WSU Parking Structure 7,3717 John R St,,Detroit,MI,48201,,313-262-6722,E,,Public,,,,,,,6.0,,,RED_E,https://www.redecharge.com,GPS,42.348873412879,-83.057252105703,2026-08-09,400314,2026-08-09 05:12:50 UTC,,,,2025-01-07,,,,,J1772,US,,,,Public,,public,,,PUBLIC,,,,,,,,,,,,,,,,,False,,,,,,,,,False,
ELEC,WSU Parking Structure 6,61 Putnam Street,,Detroit,MI,48202,,313-262-6722,E,,Public,,,,,,,6.0,,,RED_E,https://www.redecharge.com,GPS,42.357156958127,-83.06631500511,2026-08-09,400315,2026-08-09 05:12:50 UTC,,,,2025-01-07,,,,,J1772,US,,,,Public,,public,,,PUBLIC,,,,,,,,,,,,,,,,,False,,,,,,,,,False,
ELEC,Burger King Traverse City,2504 US 31 North,,Traverse City,MI,49686,,313-262-6722,E,,Public,,,,,,,,2.0,,RED_E,https://www.redecharge.com,GPS,44.747169864143,-85.526355597571,2026-08-09,400318,2026-08-09 05:12:51 UTC,,,,2024-11-27,,,,,J1772COMBO,US,,,,Public,,public,,,PUBLIC,,,,,,,,,,,,,,,,,False,,,,,,,,,False,
ELEC,2 Hudson St,2 Hudson St,,Oxford,MI,48371,,313-262-6722,E,,Public,,,,,,,2.0,,,RED_E,https://www.redecharge.com,GPS,42.82455,-83.26565,2026-08-09,400319,2026-08-09 05:12:51 UTC,,,,2025-01-24,,,,,J1772,US,,,,Public,,public,,,PUBLIC,,,,,,,,,,,,,,,,,False,,,,,,,,,False,
ELEC,19 W Burdick St,19 W Burdick St,,Oxford,MI,48371,,313-262-6722,E,,Public,,,,,,,2.0,,,RED_E,https://www.redecharge.com,GPS,42.82533,-83.26664,2026-08-09,400320,2026-08-09 05:12:51 UTC,,,,2025-01-24,,,,,J1772,US,,,,Public,,public,,,PUBLIC,,,,,,,,,,,,,,,,,False,,,,,,,,,False,
ELEC,31 E Burdick St,31 E Burdick St,,Oxford,MI,48371,,313-262-6722,E,,Public,,,,,,,2.0,,,RED_E,https://www.redecharge.com,GPS,42.82528,-83.26424,2026-08-09,400321,2026-08-09 05:12:51 UTC,,,,2025-01-24,,,,,J1772,US,,,,Public,,public,,,PUBLIC,,,,,,,,,,,,,,,,,False,,,,,,,,,False,
ELEC,15 Stanton St,15 Stanton St,,Oxford,MI,48371,,313-262-6722,E,,Public,,,,,,,2.0,1.0,,RED_E,https://www.redecharge.com,GPS,42.82398,-83.2632,2026-08-09,400322,2026-08-09 05:12:51 UTC,,,,2025-01-24,,,,,CHADEMO J1772,US,,,,Public,,public,,,PUBLIC,,,,,,,,,,,,,,,,,False,,,,,,,,,False,
ELEC,New St Mark,24331 W 8 Mile Rd,,Detroit,MI,48219,,313-262-6722,E,,Public,,,,,,,4.0,,,RED_E,https://www.redecharge.com,GPS,42.4422753331,-83.28266818566,2026-08-09,400325,2026-08-09 05:12:51 UTC,,,,2025-01-30,,,,,J1772,US,,,,Public,,public,,,PUBLIC,,,,,,,,,,,,,,,,,False,,,,,,,,,False,
ELEC,International Gospel,375 Salliotte,,Ecorse,MI,48229,,313-262-6722,E,,Public,,,,,,,2.0,,,RED_E,https://www.redecharge.com,GPS,42.2541,-83.15176,2026-08-09,400326,2026-08-09 05:12:52 UTC,,,,2025-06-16,,,,,J1772,US,,,,Public,,public,,,PUBLIC,,,,,,,,,,,,,,,,,False,,,,,,,,,False,
ELEC,Fenkell Gospel,2600 Fekell Ave,,Detroit,MI,48238,,313-262-6722,E,,Public,,,,,,,1.0,,,RED_E,https://www.redecharge.com,GPS,42.40314740729,-83.12756684893,2026-08-09,400327,2026-08-09 05:12:52 UTC,,,,2025-01-28,,,,,J1772,US,,,,Public,,public,,,PUBLIC,,,,,,,,,,,,,,,,,False,,,,,,,,,False,
ELEC,New Bethel MBC,174 Branch St.,,Pontiac,MI,48341,,313-262-6722,E,,Public,,,,,,,4.0,,,RED_E,https://www.redecharge.com,GPS,42.6276,-83.30144,2026-08-09,400328,2026-08-09 05:12:52 UTC,,,,2025-02-11,,,,,J1772,US,,,,Public,,public,,,PUBLIC,,,,,,,,,,,,,,,,,False,,,,,,,,,False,
ELEC,City of Frankfort EV Lot,412 Main St,,Frankfort,MI,49635,,313-262-6722,E,,Public,,,,,,,2.0,,,RED_E,https://www.redecharge.com,GPS,44.631953477079,-86.2382174997,2026-08-09,400333,2026-08-09 05:12:55 UTC,,,,2024-10-22,,,,,J1772,US,,,,Public,,public,,,PUBLIC,,,,,,,,,,,,,,,,,False,,,,,,,,,False,
ELEC,Graff CJDR Rockford,4395 14 Mile Rd NE,,Rockford,MI,49341,,313-262-6722,E,,Public,,,,,,,,2.0,,RED_E,https://www.redecharge.com,GPS,43.17692,-85.56197,2026-08-09,400334,2026-08-09 05:12:55 UTC,,,,2024-10-23,,,,,J1772COMBO,US,,,,Public,,public,,,PUBLIC,,,,,,,,,,,,,,,,,False,,,,,,,,,False,
ELEC,Lakeview Ford Lincoln,295 W Dickman Rd,,Battle Creek,MI,49037,,313-262-6722,E,,Public,,,,,,,,2.0,,RED_E,https://www.redecharge.com,GPS,42.31749,-85.19477,2026-08-09,400335,2026-08-09 05:12:55 UTC,,,,2024-10-24,,,,,J1772COMBO,US,,,,Public,,public,,,PUBLIC,,,,,,,,,,,,,,,,,False,,,,,,,,,False,
ELEC,Hampton Inn Grand Rapids,5200 28th St SE,,Grand Rapids,MI,49512,,313-262-6722,E,,Public,,,,,,,2.0,,,RED_E,https://www.redecharge.com,GPS,42.907512072866,-85.537403147908,2026-08-09,400336,2026-08-09 05:12:55 UTC,,,,2024-11-01,,,,,J1772,US,,,,Public,,public,,,PUBLIC,,,,,,,,,,,,,,,,,False,,,,,,,,,False,
ELEC,SpringHill Suites Grand Rapids,5250 28th St SE,,Grand Rapids,MI,49512,,313-262-6722,E,,Public,,,,,,,2.0,,,RED_E,https://www.redecharge.com,GPS,42.906074835042,-85.537814039016,2026-08-09,400337,2026-08-09 05:12:55 UTC,,,,2024-11-01,,,,,J1772,US,,,,Public,,public,,,PUBLIC,,,,,,,,,,,,,,,,,False,,,,,,,,,False,
ELEC,Holiday Inn Spring Lake,940 W Savidge St,,Spring Lake,MI,49456,,313-262-6722,E,,Public,,,,,,,2.0,,,RED_E,https://www.redecharge.com,GPS,43.075432503044,-86.212556079215,2026-08-09,400338,2026-08-09 05:12:55 UTC,,,,2024-11-01,,,,,J1772,US,,,,Public,,public,,,PUBLIC,,,,,,,,,,,,,,,,,False,,,,,,,,,False,
ELEC,Briarwood Ford,7070 E Michigan Ave,,Saline,MI,48176,,313-262-6722,E,,Public,,,,,,,,4.0,,RED_E,https://www.redecharge.com,GPS,42.185067831686,-83.74045766812,2026-08-09,400339,2026-08-09 05:12:55 UTC,,,,2024-10-25,,,,,J1772COMBO,US,,,,Public,,public,,,PUBLIC,,,,,,,,,,,,,,,,,False,,,,,,,,,False,
ELEC,State Electric Company,15045 Dixie Hwy,,Holly,MI,48442,,313-262-6722,E,,Public,,,,,,,6.0,2.0,,RED_E,https://www.redecharge.com,GPS,42.81527,-83.5455,2026-08-09,400340,2026-08-09 05:12:56 UTC,,,,2024-10-30,,,,,J1772 J1772COMBO TESLA,US,,,,Public,,public,,,PUBLIC,,,,,,,,,,,,,,,,,False,,,,,,,,,False,
ELEC,Dragonflies Discovery Preschool,30n 152nd Ave,,Holland,MI,49424,,313-262-6722,E,,Public,,,,,,,4.0,,,RED_E,https://www.redecharge.com,GPS,42.798106515653,-86.158269659632,2026-08-09,400342,2026-08-09 05:12:56 UTC,,,,2025-02-12,,,,,J1772,US,,,,Public,,public,,,PUBLIC,,,,,,,,,,,,,,,,,False,,,,,,,,,False,
ELEC,RHL Group,115 Battle Aly,,Holly,MI,48442,,313-262-6722,E,,Public,,,,,,,2.0,,,RED_E,https://www.redecharge.com,GPS,42.79114,-83.62674,2026-08-09,400343,2026-08-09 05:12:57 UTC,,,,2024-11-01,,,,,J1772,US,,,,Public,,public,,,PUBLIC,,,,,,,,,,,,,,,,,False,,,,,,,,,False,
ELEC,Maple St Holly,101 W Maple St,,Holly,MI,48442,,313-262-6722,E,,Public,,,,,,,2.0,,,RED_E,https://www.redecharge.com,GPS,42.79177,-83.62868,2026-08-09,400344,2026-08-09 05:12:57 UTC,,,,2024-11-01,,,,,J1772,US,,,,Public,,public,,,PUBLIC,,,,,,,,,,,,,,,,,False,,,,,,,,,False,
ELEC,Peoples Church,1758 N. 10th St,,Kalamazoo,MI,49009,,313-262-6722,E,,Public,,,,,,,1.0,,,RED_E,https://www.redecharge.com,GPS,42.30542,-85.66506,2026-08-09,400346,2026-08-09 05:12:58 UTC,,,,2024-11-06,,,,,J1772,US,,,,Public,,public,,,PUBLIC,,,,,,,,,,,,,,,,,False,,,,,,,,,False,
ELEC,400 Rose Apartments,400 S. Rose Street,,Kalamazoo,MI,49007,,313-262-6722,E,,Public,,,,,,,4.0,,,RED_E,https://www.redecharge.com,GPS,42.28843057218,-85.58522238034,2026-08-09,400347,2026-08-09 05:12:58 UTC,,,,2024-11-08,,,,,J1772,US,,,,Public,,public,,,PUBLIC,,,,,,,,,,,,,,,,,False,,,,,,,,,False,
ELEC,SpringHill Suites Kalamazoo Portage,850 Trade Centre Way,,Portage,MI,49002,,313-262-6722,E,,Public,,,,,,,4.0,,,RED_E,https://www.redecharge.com,GPS,42.23859,-85.59904,2026-08-09,400348,2026-08-09 05:12:58 UTC,,,,2024-11-06,,,,,J1772,US,,,,Public,,public,,,PUBLIC,,,,,,,,,,,,,,,,,False,,,,,,,,,False,
ELEC,650 Trade Centre,650 Trade Centre Way,,Portage,MI,49002,,313-262-6722,E,,Public,,,,,,,3.0,,,RED_E,https://www.redecharge.com,GPS,42.23865,-85.5966,2026-08-09,400349,2026-08-09 05:12:58 UTC,,,,2024-11-07,,,,,J1772,US,,,,Public,,public,,,PUBLIC,,,,,,,,,,,,,,,,,False,,,,,,,,,False,
ELEC,The Liquor Outlet,8418 E Michigan Ave,,Galesburg,MI,49053,,313-262-6722,E,,Public,,,,,,,2.0,,,RED_E,https://www.redecharge.com,GPS,42.2881578,-85.4646,2026-08-09,400350,2026-08-09 05:12:58 UTC,,,,2024-11-07,,,,,J1772,US,,,,Public,,public,,,PUBLIC,,,,,,,,,,,,,,,,,False,,,,,,,,,False,
ELEC,Outdoor Discovery Center,4214 56th St,,Holland,MI,49423,,313-262-6722,E,,Public,,,,,,,4.0,,,RED_E,https://www.redecharge.com,GPS,42.72593,-86.09684,2026-08-09,400351,2026-08-09 05:12:58 UTC,,,,2024-11-07,,,,,J1772,US,,,,Public,,public,,,PUBLIC,,,,,,,,,,,,,,,,,False,,,,,,,,,False,
ELEC,Stewardship Trust Advisors,3411 Wilson Ave SW,,Grandville,MI,49418,,313-262-6722,E,,Public,,,,,,,2.0,,,RED_E,https://www.redecharge.com,GPS,42.90285,-85.76306,2026-08-09,400352,2026-08-09 05:12:59 UTC,,,,2024-11-07,,,,,J1772,US,,,,Public,,public,,,PUBLIC,,,,,,,,,,,,,,,,,False,,,,,,,,,False,
ELEC,Image Office Suites,2828 Kraft AVE SE.,,Grand Rapids,MI,49512,,313-262-6722,E,,Public,,,,,,,2.0,,,RED_E,https://www.redecharge.com,GPS,42.91214,-85.52915,2026-08-09,400353,2026-08-09 05:12:59 UTC,,,,2024-11-07,,,,,J1772,US,,,,Public,,public,,,PUBLIC,,,,,,,,,,,,,,,,,False,,,,,,,,,False,
ELEC,Feldman Chevrolet of Livonia,32570 Plymouth Rd,,Livonia,MI,48150,,313-262-6722,E,,Public,,,,,,,4.0,6.0,,RED_E,https://www.redecharge.com,GPS,42.3686,-83.36538,2026-08-09,400355,2026-08-09 05:12:59 UTC,,,,2024-11-07,,,,,J1772 J1772COMBO,US,,,,Public,,public,,,PUBLIC,,,,,,,,,,,,,,,,,False,,,,,,,,,False,
ELEC,Comfort Inn Ludington,5309 US-10,,Ludington,MI,49431,,313-262-6722,E,,Public,,,,,,,2.0,,,RED_E,https://www.redecharge.com,GPS,43.95556,-86.41222,2026-08-09,400357,2026-08-09 05:12:59 UTC,,,,2024-11-08,,,,,J1772,US,,,,Public,,public,,,PUBLIC,,,,,,,,,,,,,,,,,False,,,,,,,,,False,
ELEC,Holiday Inn Ludington,4079 W US Highway 10,,Ludington,MI,49431,,313-262-6722,E,,Public,,,,,,,2.0,,,RED_E,https://www.redecharge.com,GPS,43.95566,-86.38046,2026-08-09,400358,2026-08-09 05:12:59 UTC,,,,2024-11-08,,,,,J1772,US,,,,Public,,public,,,PUBLIC,,,,,,,,,,,,,,,,,False,,,,,,,,,False,
ELEC,Best Western Lakewinds,5005 W US Highway 10,,Ludington,MI,49431,,313-262-6722,E,,Public,,,,,,,2.0,,,RED_E,https://www.redecharge.com,GPS,43.95474,-86.40357,2026-08-09,400359,2026-08-09 05:12:59 UTC,,,,2024-11-08,,,,,J1772,US,,,,Public,,public,,,PUBLIC,,,,,,,,,,,,,,,,,False,,,,,,,,,False,
ELEC,Mawby Vineyard,4519 S Elm Valley Rd,,Suttons Bay,MI,49682,,313-262-6722,E,,Public,,,,,,,2.0,,,RED_E,https://www.redecharge.com,GPS,44.91388,-85.65279,2026-08-09,400360,2026-08-09 05:13:00 UTC,,,,2024-11-08,,,,,J1772,US,,,,Public,,public,,,PUBLIC,,,,,,,,,,,,,,,,,False,,,,,,,,,False,
ELEC,Smile Petoskey,4144 Charlevoix Ave,,Petoskey,MI,49770,,313-262-6722,E,,Public,,,,,,,2.0,,,RED_E,https://www.redecharge.com,GPS,45.35971,-85.02647,2026-08-09,400361,2026-08-09 05:13:00 UTC,,,,2024-11-08,,,,,J1772,US,,,,Public,,public,,,PUBLIC,,,,,,,,,,,,,,,,,False,,,,,,,,,False,
ELEC,Mackinaw KOA Camp,566 Trails End Rd,,Mackinaw City,MI,49701,,313-262-6722,E,,Public,,,,,,,4.0,,,RED_E,https://www.redecharge.com,GPS,45.7677,-84.74096,2026-08-09,400362,2026-08-09 05:13:00 UTC,,,,2024-11-12,,,,,J1772,US,,,,Public,,public,,,PUBLIC,,,,,,,,,,,,,,,,,False,,,,,,,,,False,
ELEC,West Midland Family Center,4011 W Isabella Rd,,Shepherd,MI,48883,,313-262-6722,E,,Public,,,,,,,2.0,,,RED_E,https://www.redecharge.com,GPS,43.61125,-84.52849,2026-08-09,400363,2026-08-09 05:13:00 UTC,,,,2024-11-12,,,,,J1772,US,,,,Public,,public,,,PUBLIC,,,,,,,,,,,,,,,,,False,,,,,,,,,False,
ELEC,Soaring Eagle Casino and Resort,6800 Soaring Eagle Blvd,,Mt Pleasant,MI,48858,,313-262-6722,E,,Public,,,,,,,6.0,,,RED_E,https://www.redecharge.com,GPS,43.60742,-84.71029,2026-08-09,400364,2026-08-09 05:13:00 UTC,,,,2024-11-12,,,,,J1772,US,,,,Public,,public,,,PUBLIC,,,,,,,,,,,,,,,,,False,,,,,,,,,False,
ELEC,228 W Hill St Davison,228 W Hill St,,Davison,MI,48423,,313-262-6722,E,,Public,,,,,,,2.0,,,RED_E,https://www.redecharge.com,GPS,43.03737,-83.52067,2026-08-09,400368,2026-08-09 05:13:01 UTC,,,,2024-11-18,,,,,J1772,US,,,,Public,,public,,,PUBLIC,,,,,,,,,,,,,,,,,False,,,,,,,,,False,
ELEC,317 Shoppers Aly Davison,317 Shoppers Alley,,Davison,MI,48423,,313-262-6722,E,,Public,,,,,,,4.0,,,RED_E,https://www.redecharge.com,GPS,43.03205,-83.51568,2026-08-09,400369,2026-08-09 05:13:01 UTC,,,,2024-11-18,,,,,J1772,US,,,,Public,,public,,,PUBLIC,,,,,,,,,,,,,,,,,False,,,,,,,,,False,
ELEC,Davison Area Historical Museum,200 E Flint St,,Davison,MI,48423,,313-262-6722,E,,Public,,,,,,,4.0,,,RED_E,https://www.redecharge.com,GPS,43.03402,-83.51574,2026-08-09,400370,2026-08-09 05:13:01 UTC,,,,2024-11-18,,,,,J1772,US,,,,Public,,public,,,PUBLIC,,,,,,,,,,,,,,,,,False,,,,,,,,,False,
ELEC,Gerald R Ford Airport Short Term Garage Parking,5500 44th St SE,,Grand Rapids,MI,49512,,313-262-6722,E,,Public,,,,,,,8.0,,,RED_E,https://www.redecharge.com,GPS,42.88426,-85.53129,2026-08-09,400371,2026-08-09 05:13:02 UTC,,,,2024-11-19,,,,,J1772,US,,,,Public,,public,,,PUBLIC,,,,,,,,,,,,,,,,,False,,,,,,,,,False,
ELEC,Feldman Chevrolet of New Hudson,30400 Lyon Center Dr East,,New Hudson,MI,48165,,313-262-6722,E,,Public,,,,,,,2.0,2.0,,RED_E,https://www.redecharge.com,GPS,42.51497,-83.60879,2026-08-09,400373,2026-08-09 05:13:02 UTC,,,,2024-11-19,,,,,J1772 J1772COMBO,US,,,,Public,,public,,,PUBLIC,,,,,,,,,,,,,,,,,False,,,,,,,,,False,
ELEC,Feldman Chrysler Dodge Ram of Clarkston,8700 Dixie Hwy,,Clarkston,MI,48348,,313-262-6722,E,,Public,,,,,,,1.0,2.0,,RED_E,https://www.redecharge.com,GPS,42.74456237,-83.46034452293,2026-08-09,400374,2026-08-09 05:13:02 UTC,,,,2024-11-19,,,,,J1772 J1772COMBO,US,,,,Public,,public,,,PUBLIC,,,,,,,,,,,,,,,,,False,,,,,,,,,False,
ELEC,Dick Scott Preowned Center,200 W Ann Arbor Road,,Plymouth,MI,48170,,313-262-6722,E,,Public,,,,,,,,2.0,,RED_E,https://www.redecharge.com,GPS,42.359514,-83.4612645,2026-08-09,400375,2026-08-09 05:13:03 UTC,,,,2025-03-27,,,,,J1772COMBO,US,,,,Public,,public,,,PUBLIC,,,,,,,,,,,,,,,,,False,,,,,,,,,False,
ELEC,Feldman Jeep of Clarkston,8731 Dixie Hwy,,Village of Clarkston,MI,48348,,313-262-6722,E,,Public,,,,,,,2.0,2.0,,RED_E,https://www.redecharge.com,GPS,42.74383490773,-83.4625623042,2026-08-09,400376,2026-08-09 05:13:03 UTC,,,,2024-11-19,,,,,J1772 J1772COMBO,US,,,,Public,,public,,,PUBLIC,,,,,,,,,,,,,,,,,False,,,,,,,,,False,
ELEC,5250 Corporate Dr,5250 Corporate Dr,,Troy,MI,48098,,313-262-6722,E,,Public,,,,,,,2.0,,,RED_E,https://www.redecharge.com,GPS,42.59411,-83.17157,2026-08-09,400377,2026-08-09 05:13:04 UTC,,,,2024-11-25,,,,,J1772,US,,,,Public,,public,,,PUBLIC,,,,,,,,,,,,,,,,,False,,,,,,,,,False,
ELEC,Feldman Chevrolet of Highland,3372 W Highland Rd,,Highland,MI,48357,,313-262-6722,E,,Public,,,,,,,2.0,2.0,,RED_E,https://www.redecharge.com,GPS,42.63709,-83.66308,2026-08-09,400378,2026-08-09 05:13:04 UTC,,,,2024-11-26,,,,,J1772 J1772COMBO,US,,,,Public,,public,,,PUBLIC,,,,,,,,,,,,,,,,,False,,,,,,,,,False,
ELEC,Crew Automotive,10151 Mercier St,,Dearborn,MI,48120,,313-262-6722,E,,Public,,,,,,,3.0,,,RED_E,https://www.redecharge.com,GPS,42.31472,-83.15372,2026-08-09,400379,2026-08-09 05:13:04 UTC,,,,2024-12-02,,,,,J1772,US,,,,Public,,public,,,PUBLIC,,,,,,,,,,,,,,,,,False,,,,,,,,,False,
ELEC,Culvers Ann Arbor MI,3015 Lohr Rd,,Ann Arbor,MI,48108,,313-262-6722,E,,Public,,,,,,,2.0,,,RED_E,https://www.redecharge.com,GPS,42.24183,-83.76433,2026-08-09,400380,2026-08-09 05:13:04 UTC,,,,2024-12-02,,,,,J1772,US,,,,Public,,public,,,PUBLIC,,,,,,,,,,,,,,,,,False,,,,,,,,,False,
ELEC,Biggby coffee,3389 Greenfield Rd,,Dearborn,MI,48120,,313-262-6722,E,,Public,,,,,,,2.0,,,RED_E,https://www.redecharge.com,GPS,42.30698,-83.18859,2026-08-09,400381,2026-08-09 05:13:04 UTC,,,,2024-12-02,,,,,J1772,US,,,,Public,,public,,,PUBLIC,,,,,,,,,,,,,,,,,False,,,,,,,,,False,
ELEC,Voran Funeral Home AP,5850 Allen Rd,,Allen Park,MI,48101,,313-262-6722,E,,Public,,,,,,,2.0,,,RED_E,https://www.redecharge.com,GPS,42.260647262782,-83.2052392868,2026-08-09,400384,2026-08-09 05:13:05 UTC,,,,2024-12-22,,,,,J1772,US,,,,Public,,public,,,PUBLIC,,,,,,,,,,,,,,,,,False,,,,,,,,,False,
ELEC,Willow Metropark Golf Course,22900 Huron River Dr,,New Boston,MI,48164,,313-262-6722,E,,Public,,,,,,,2.0,,,RED_E,https://www.redecharge.com,GPS,42.138832013496,-83.365697458291,2026-08-09,400385,2026-08-09 05:13:05 UTC,,,,2024-10-30,,,,,J1772,US,,,,Public,,public,,,PUBLIC,,,,,,,,,,,,,,,,,False,,,,,,,,,False,
ELEC,Davis Brothers Towing,14851 West 7 Mile,,Detroit,MI,48235,,313-262-6722,E,,Public,,,,,,,2.0,,,RED_E,https://www.redecharge.com,GPS,42.430239285,-83.193497708,2026-08-09,400386,2026-08-09 05:13:05 UTC,,,,2025-02-26,,,,,J1772,US,,,,Public,,public,,,PUBLIC,,,,,,,,,,,,,,,,,False,,,,,,,,,False,
ELEC,Marathon Livernois,4930 Livernois,,Detroit,MI,48120,,313-262-6722,E,,Public,,,,,,,,4.0,,RED_E,https://www.redecharge.com,GPS,42.336687029113,-83.123943005525,2026-08-09,400387,2026-08-09 05:13:06 UTC,,,,2025-01-30,,,,,J1772COMBO,US,,,,Public,,public,,,PUBLIC,,,,,,,,,,,,,,,,,False,,,,,,,,,False,
ELEC,Broad St Holly,309 S Broad St,,Holly,MI,48442,,313-262-6722,E,,Public,,,,,,,2.0,,,RED_E,https://www.redecharge.com,GPS,42.7904,-83.62626,2026-08-09,400390,2026-08-09 05:13:07 UTC,,,,2024-12-10,,,,,J1772,US,,,,Public,,public,,,PUBLIC,,,,,,,,,,,,,,,,,False,,,,,,,,,False,
ELEC,Beth Eden Church,15820 Wyoming,,Detroit,MI,48238,,313-262-6722,E,,Public,,,,,,,2.0,,,RED_E,https://www.redecharge.com,GPS,42.408225014963,-83.159658304518,2026-08-09,400403,2026-08-09 05:13:09 UTC,,,,2024-12-22,,,,,J1772,US,,,,Public,,public,,,PUBLIC,,,,,,,,,,,,,,,,,False,,,,,,,,,False,
ELEC,Voran Funeral Home Taylor,23750 Goddard Rd,,Taylor,MI,48180,,313-262-6722,E,,Public,,,,,,,2.0,,,RED_E,https://www.redecharge.com,GPS,42.2268914016,-83.2665602632,2026-08-09,400404,2026-08-09 05:13:09 UTC,,,,2024-12-22,,,,,J1772,US,,,,Public,,public,,,PUBLIC,,,,,,,,,,,,,,,,,False,,,,,,,,,False,
ELEC,Voran Funeral Home Dearborn,23701 Ford Rd,,Dearborn,MI,48128,,313-262-6722,E,,Public,,,,,,,2.0,,,RED_E,https://www.redecharge.com,GPS,42.3268540996,-83.2694759419,2026-08-09,400405,2026-08-09 05:13:09 UTC,,,,2024-12-22,,,,,J1772,US,,,,Public,,public,,,PUBLIC,,,,,,,,,,,,,,,,,False,,,,,,,,,False,
ELEC,IVY Lofts,2219 Coolidge Hwy,,Berkley,MI,48072,,313-262-6722,E,,Public,,,,,,,4.0,,,RED_E,https://www.redecharge.com,GPS,42.492887516206,-83.18418205499,2026-08-09,400407,2026-08-09 05:13:09 UTC,,,,2024-12-30,,,,,J1772,US,,,,Public,,public,,,PUBLIC,,,,,,,,,,,,,,,,,False,,,,,,,,,False,
ELEC,555 Apartment Building,555 South Old Woodard Ave,,Birmingham,MI,48009,,313-262-6722,E,,Public,,,,,,,4.0,,,RED_E,https://www.redecharge.com,GPS,42.54266921644,-83.2098935067,2026-08-09,400408,2026-08-09 05:13:10 UTC,,,,2024-12-30,,,,,J1772,US,,,,Public,,public,,,PUBLIC,,,,,,,,,,,,,,,,,False,,,,,,,,,False,
ELEC,Westfield Group,13300 Foley St,,Detroit,MI,48227,,313-262-6722,E,,Public,,,,,,,2.0,,,RED_E,https://www.redecharge.com,GPS,42.37987,-83.17616,2026-08-09,400410,2026-08-09 05:13:10 UTC,,,,2024-12-30,,,,,J1772,US,,,,Public,,public,,,PUBLIC,,,,,,,,,,,,,,,,,False,,,,,,,,,False,
ELEC,Legends Grand River,13915 Grand River Ave,,Detroit,MI,48227,,313-262-6722,E,,Public,,,,,,,4.0,,,RED_E,https://www.redecharge.com,GPS,42.38565,-83.18186,2026-08-09,400411,2026-08-09 05:13:10 UTC,,,,2024-12-30,,,,,J1772,US,,,,Public,,public,,,PUBLIC,,,,,,,,,,,,,,,,,False,,,,,,,,,False,
ELEC,Twins Auto Glenmore,19340 Glenmore,,Redford Charger Twp,MI,48127,,313-262-6722,E,,Public,,,,,,,4.0,,,RED_E,https://www.redecharge.com,GPS,42.43085,-83.2953,2026-08-09,400412,2026-08-09 05:13:10 UTC,,,,2024-12-30,,,,,J1772,US,,,,Public,,public,,,PUBLIC,,,,,,,,,,,,,,,,,False,,,,,,,,,False,
ELEC,Warren Ann BP,22640 W Warren Ave,,Detroit,MI,48,,313-262-6722,E,,Public,,,,,,,2.0,,,RED_E,https://www.redecharge.com,GPS,42.34201,-83.26194,2026-08-09,400413,2026-08-09 05:13:10 UTC,,,,2024-12-30,,,,,J1772,US,,,,Public,,public,,,PUBLIC,,,,,,,,,,,,,,,,,False,,,,,,,,,False,
ELEC,Twins Auto Sales 25645,25645 Grand River,,Redford Charter Twp,MI,48240,,313-262-6722,E,,Public,,,,,,,2.0,,,RED_E,https://www.redecharge.com,GPS,42.43085,-83.2953,2026-08-09,400414,2026-08-09 05:13:10 UTC,,,,2024-12-30,,,,,J1772,US,,,,Public,,public,,,PUBLIC,,,,,,,,,,,,,,,,,False,,,,,,,,,False,
ELEC,City of Huntington Woods,26815 Scotia,,Huntington Woods,MI,48070,,313-262-6722,E,,Public,,,,,,,2.0,,,RED_E,https://www.redecharge.com,GPS,42.4887,-83.17386,2026-08-09,400415,2026-08-09 05:13:10 UTC,,,,2024-12-30,,,,,J1772,US,,,,Public,,public,,,PUBLIC,,,,,,,,,,,,,,,,,False,,,,,,,,,False,
ELEC,Twins Auto Sales 24310,24310 Grand River,,Redford Charter Twp,MI,48240,,313-262-6722,E,,Public,,,,,,,2.0,,,RED_E,https://www.redecharge.com,GPS,42.42614,-83.28019,2026-08-09,400417,2026-08-09 05:13:11 UTC,,,,2024-12-30,,,,,J1772,US,,,,Public,,public,,,PUBLIC,,,,,,,,,,,,,,,,,False,,,,,,,,,False,
ELEC,AMH Chiropractic,24748 W Warren Ave,,Dearborn Heights,MI,48127,,313-262-6722,E,,Public,,,,,,,2.0,,,RED_E,https://www.redecharge.com,GPS,42.34161,-83.28149,2026-08-09,400418,2026-08-09 05:13:11 UTC,,,,2024-12-30,,,,,J1772,US,,,,Public,,public,,,PUBLIC,,,,,,,,,,,,,,,,,False,,,,,,,,,False,
ELEC,Best Western Livonia,16999 S Laurel Park Dr.,,Livonia,MI,48154,,313-262-6722,E,,Public,,,,,,,4.0,,,RED_E,https://www.redecharge.com,GPS,42.40955,-83.42002,2026-08-09,400419,2026-08-09 05:13:11 UTC,,,,2024-12-30,,,,,J1772,US,,,,Public,,public,,,PUBLIC,,,,,,,,,,,,,,,,,False,,,,,,,,,False,
ELEC,Royal Food,11893 Globe St,,Livonia,MI,48150,,313-262-6722,E,,Public,,,,,,,5.0,,,RED_E,https://www.redecharge.com,GPS,42.37022,-83.41027,2026-08-09,400420,2026-08-09 05:13:11 UTC,,,,2024-12-30,,,,,J1772,US,,,,Public,,public,,,PUBLIC,,,,,,,,,,,,,,,,,False,,,,,,,,,False,
ELEC,Greater Grace Temple,23500 W. 7 Mile Rd,,Detroit,MI,48219,,313-262-6722,E,,Public,,,,,,,8.0,,,RED_E,https://www.redecharge.com,GPS,42.43025,-83.2712,2026-08-09,400421,2026-08-09 05:13:11 UTC,,,,2024-12-27,,,,,J1772,US,,,,Public,,public,,,PUBLIC,,,,,,,,,,,,,,,,,False,,,,,,,,,False,
ELEC,Greater Emmanuel Institutional,19190 Shaefer Hwy,,Detroit,MI,48235,,313-262-6722,E,,Public,,,,,,,4.0,,,RED_E,https://www.redecharge.com,GPS,42.4315,-83.17993,2026-08-09,400422,2026-08-09 05:13:11 UTC,,,,2024-12-27,,,,,J1772,US,,,,Public,,public,,,PUBLIC,,,,,,,,,,,,,,,,,False,,,,,,,,,False,
ELEC,Dexter Avenue Baptist Church,3350 W Davison St,,Detroit,MI,48238,,313-262-6722,E,,Public,,,,,,,4.0,,,RED_E,https://www.redecharge.com,GPS,42.390039591321,-83.13055560187,2026-08-09,400423,2026-08-09 05:13:12 UTC,,,,2024-12-27,,,,,J1772,US,,,,Public,,public,,,PUBLIC,,,,,,,,,,,,,,,,,False,,,,,,,,,False,
ELEC,The Yunion,1129 Oakman Blvd,,Detroit,MI,48238,,313-262-6722,E,,Public,,,,,,,2.0,,,RED_E,https://www.redecharge.com,GPS,42.40051,-83.11769,2026-08-09,400424,2026-08-09 05:13:12 UTC,,,,2025-02-13,,,,,J1772,US,,,,Public,,public,,,PUBLIC,,,,,,,,,,,,,,,,,False,,,,,,,,,False,
ELEC,Pilgrim Baptist Church,18474 Binder,,Detroit,MI,48234,,313-262-6722,E,,Public,,,,,,,2.0,,,RED_E,https://www.redecharge.com,GPS,42.42842,-83.06333,2026-08-09,400425,2026-08-09 05:13:12 UTC,,,,2024-12-30,,,,,J1772,US,,,,Public,,public,,,PUBLIC,,,,,,,,,,,,,,,,,False,,,,,,,,,False,
ELEC,Serra Ford Farmington Hills,39300 W 10 Mile Rd,,Farmington Hills,MI,48335,,313-262-6722,E,,Public,,,,,,,6.0,4.0,,RED_E,https://www.redecharge.com,GPS,42.4690553083,-83.4337962239,2026-08-09,400429,2026-08-09 05:13:13 UTC,,,,2025-01-06,,,,,J1772 J1772COMBO,US,,,,Public,,public,,,PUBLIC,,,,,,,,,,,,,,,,,False,,,,,,,,,False,
ELEC,WSU Parking Structure 2,5150 Service Drive,,Detroit,MI,48202,,313-262-6722,E,,Public,,,,,,,6.0,,,RED_E,https://www.redecharge.com,GPS,42.355967,-83.07378,2026-08-09,400430,2026-08-09 05:13:13 UTC,,,,2025-01-07,,,,,J1772,US,,,,Public,,public,,,PUBLIC,,,,,,,,,,,,,,,,,False,,,,,,,,,False,
ELEC,WSU Parking Structure 5,5501 Anthony Wayne Dr,,Detroit,MI,48202,,313-262-6722,E,,Public,,,,,,,6.0,,,RED_E,https://www.redecharge.com,GPS,42.35794005,-83.0742115,2026-08-09,400431,2026-08-09 05:13:13 UTC,,,,2025-01-07,,,,,J1772,US,,,,Public,,public,,,PUBLIC,,,,,,,,,,,,,,,,,False,,,,,,,,,False,
ELEC,WSU Parking Structure 1,450 W Palmer Ave,,Detroit,MI,48202,,313-262-6722,E,,Public,,,,,,,6.0,,,RED_E,https://www.redecharge.com,GPS,42.3617691,-83.0710994,2026-08-09,400432,2026-08-09 05:13:14 UTC,,,,2025-01-07,,,,,J1772,US,,,,Public,,public,,,PUBLIC,,,,,,,,,,,,,,,,,False,,,,,,,,,False,
ELEC,West Houghton Lake Camp Ground,9371 W Houghton Lake Dr,,Houghton Lake,MI,48629,,313-262-6722,E,,Public,,,,,,,2.0,,,RED_E,https://www.redecharge.com,GPS,44.34092,-84.79562,2026-08-09,400433,2026-08-09 05:13:14 UTC,,,,2025-01-07,,,,,J1772,US,,,,Public,,public,,,PUBLIC,,,,,,,,,,,,,,,,,False,,,,,,,,,False,
ELEC,Best Western Clare,10100 S Clare Ave,,Clare,MI,48617,,313-262-6722,E,,Public,,,,,,,2.0,,,RED_E,https://www.redecharge.com,GPS,43.84123,-84.77108,2026-08-09,400435,2026-08-09 05:13:14 UTC,,,,2025-01-08,,,,,J1772,US,,,,Public,,public,,,PUBLIC,,,,,,,,,,,,,,,,,False,,,,,,,,,False,
ELEC,Lord of Lords Church Red E,9341 Chalmers,,Detroit,MI,48213,,313-262-6722,E,,Public,,,,,,,2.0,,,RED_E,https://www.redecharge.com,GPS,42.407456371454,-82.9664962503,2026-08-09,400436,2026-08-09 05:13:14 UTC,,,,2025-01-08,,,,,J1772,US,,,,Public,,public,,,PUBLIC,,,,,,,,,,,,,,,,,False,,,,,,,,,False,
ELEC,Mount Hermon Baptist Church,3225 Deacon,,Detroit,MI,48217,,313-262-6722,E,,Public,,,,,,,2.0,,,RED_E,https://www.redecharge.com,GPS,42.261999469535,-83.15810980024,2026-08-09,400437,2026-08-09 05:13:14 UTC,,,,2025-01-08,,,,,J1772,US,,,,Public,,public,,,PUBLIC,,,,,,,,,,,,,,,,,False,,,,,,,,,False,
ELEC,D2 Solar,4840 Mount Elliot,,Detroit,MI,48207,,313-262-6722,E,,Public,,,,,,,2.0,,,RED_E,https://www.redecharge.com,GPS,42.37016764823,-83.02707523995,2026-08-09,400438,2026-08-09 05:13:14 UTC,,,,2025-01-09,,,,,J1772,US,,,,Public,,public,,,PUBLIC,,,,,,,,,,,,,,,,,False,,,,,,,,,False,
ELEC,Perfecting Church,7616 Nevada Avenue,,Detroit,MI,48234,,313-262-6722,E,,Public,,,,,,,4.0,,,RED_E,https://www.redecharge.com,GPS,42.42715,-83.02578,2026-08-09,400440,2026-08-09 05:13:15 UTC,,,,2024-12-30,,,,,J1772,US,,,,Public,,public,,,PUBLIC,,,,,,,,,,,,,,,,,False,,,,,,,,,False,
ELEC,City View Lofts,109 West Washington Ave,,Jackson,MI,49201,,313-262-6722,E,,Public,,,,,,,2.0,,,RED_E,https://www.redecharge.com,GPS,42.24526,-84.40627,2026-08-09,400441,2026-08-09 05:13:15 UTC,,,,2025-01-10,,,,,J1772,US,,,,Public,,public,,,PUBLIC,,,,,,,,,,,,,,,,,False,,,,,,,,,False,
ELEC,Third New Hope,12850 Plymouth Road,,Detroit,MI,48227,,313-262-6722,E,,Public,,,,,,,4.0,,,RED_E,https://www.redecharge.com,GPS,42.373611,-83.1702152,2026-08-09,400442,2026-08-09 05:13:15 UTC,,,,2025-01-10,,,,,J1772,US,,,,Public,,public,,,PUBLIC,,,,,,,,,,,,,,,,,False,,,,,,,,,False,
ELEC,Great Faith Ministries,10735 Grand River Avenue,,Detroit,MI,48204,,313-262-6722,E,,Public,,,,,,,4.0,,,RED_E,https://www.redecharge.com,GPS,42.37314475146,-83.1496557009,2026-08-09,400443,2026-08-09 05:13:15 UTC,,,,2025-01-10,,,,,J1772,US,,,,Public,,public,,,PUBLIC,,,,,,,,,,,,,,,,,False,,,,,,,,,False,
ELEC,Gesu School,17139 Oak Drive,,Detroit,MI,48221,,313-262-6722,E,,Public,,,,,,,4.0,,,RED_E,https://www.redecharge.com,GPS,42.417827520082,-83.13844462973,2026-08-09,400445,2026-08-09 05:13:15 UTC,,,,2024-12-30,,,,,J1772,US,,,,Public,,public,,,PUBLIC,,,,,,,,,,,,,,,,,False,,,,,,,,,False,
ELEC,Gethsemane MBC,29066 Eton Street,,Westland,MI,48186,,313-262-6722,E,,Public,,,,,,,4.0,,,RED_E,https://www.redecharge.com,GPS,42.273785161185,-83.3266145882,2026-08-09,400447,2026-08-09 05:13:16 UTC,,,,2025-01-22,,,,,J1772,US,,,,Public,,public,,,PUBLIC,,,,,,,,,,,,,,,,,False,,,,,,,,,False,
ELEC,Tibbs Inc,72 Auburn Ave,,Pontiac,MI,48342,,313-262-6722,E,,Public,,,,,,,2.0,,,RED_E,https://www.redecharge.com,GPS,42.63392,-83.288102,2026-08-09,400448,2026-08-09 05:13:16 UTC,,,,2025-01-24,,,,,J1772,US,,,,Public,,public,,,PUBLIC,,,,,,,,,,,,,,,,,False,,,,,,,,,False,
ELEC,Moran Buick GMC Taylor,14000 Telegraph Rd,,Taylor,MI,48180,,313-262-6722,E,,Public,,,,,,,4.0,,,RED_E,https://www.redecharge.com,GPS,42.20458,-83.26945,2026-08-09,400449,2026-08-09 05:13:16 UTC,,,,2025-01-24,,,,,J1772,US,,,,Public,,public,,,PUBLIC,,,,,,,,,,,,,,,,,False,,,,,,,,,False,
ELEC,Research Lofts,5766 Trumbull,,Detroit,MI,48208,,313-262-6722,E,,Public,,,,,,,4.0,,,RED_E,https://www.redecharge.com,GPS,42.35889,-83.08202,2026-08-09,400450,2026-08-09 05:13:17 UTC,,,,2025-01-24,,,,,J1772,US,,,,Public,,public,,,PUBLIC,,,,,,,,,,,,,,,,,False,,,,,,,,,False,
ELEC,Madonna University L2 EV,36600 Schoolcraft Rd,,Livonia,MI,48180,,313-262-6722,E,,Public,,,,,,,4.0,,,RED_E,https://www.redecharge.com,GPS,42.38323,-83.4058,2026-08-09,400452,2026-08-09 05:13:17 UTC,,,,2025-01-24,,,,,J1772,US,,,,Public,,public,,,PUBLIC,,,,,,,,,,,,,,,,,False,,,,,,,,,False,
ELEC,Embassy Suites Livonia,19525 Victor Pkwy,,Livonia,MI,48152,,313-262-6722,E,,Public,,,,,,,,2.0,,RED_E,https://www.redecharge.com,GPS,42.43097,-83.42437,2026-08-09,400453,2026-08-09 05:13:17 UTC,,,,2025-01-25,,,,,J1772COMBO,US,,,,Public,,public,,,PUBLIC,,,,,,,,,,,,,,,,,False,,,,,,,,,False,
ELEC,Brush Watson Apartments,434 Watson St,,Detroit,MI,48201,,313-262-6722,E,,Public,,,,,,,79.0,,,RED_E,https://www.redecharge.com,GPS,42.34654563434,-83.0515077482,2026-08-09,400454,2026-08-09 05:13:17 UTC,,,,2025-01-23,,,,,J1772,US,,,,Public,,public,,,PUBLIC,,,,,,,,,,,,,,,,,False,,,,,,,,,False,
ELEC,St Suzanne,19321 West Chicago,,Detroit,MI,48228,,313-262-6722,E,,Public,,,,,,,2.0,,,RED_E,https://www.redecharge.com,GPS,42.363730310619,-83.2305090062,2026-08-09,400455,2026-08-09 05:13:19 UTC,,,,2025-01-30,,,,,J1772,US,,,,Public,,public,,,PUBLIC,,,,,,,,,,,,,,,,,False,,,,,,,,,False,
ELEC,G and R Machine Tool,20410 Superior Rd,,Taylor,MI,48180,,313-262-6722,E,,Public,,,,,,,,2.0,,RED_E,https://www.redecharge.com,GPS,42.20637,-83.23285,2026-08-09,400456,2026-08-09 05:13:19 UTC,,,,2025-01-27,,,,,J1772COMBO,US,,,,Public,,public,,,PUBLIC,,,,,,,,,,,,,,,,,False,,,,,,,,,False,
ELEC,Church of the Messiah,231 E Grand Boulevard,,Detroit,MI,48207,,313-262-6722,E,,Public,,,,,,,2.0,,,RED_E,https://www.redecharge.com,GPS,42.35056596851,-83.004611486,2026-08-09,400457,2026-08-09 05:13:19 UTC,,,,2025-01-28,,,,,J1772,US,,,,Public,,public,,,PUBLIC,,,,,,,,,,,,,,,,,False,,,,,,,,,False,
ELEC,WSU Parking Structure 4,545 E Canfield St,,Detroit,MI,48201,,313-262-6722,E,,Public,,,,,,,6.0,,,RED_E,https://www.redecharge.com,GPS,42.355909642993,-83.05520053558,2026-08-09,400459,2026-08-09 05:13:19 UTC,,,,2025-01-07,,,,,J1772,US,,,,Public,,public,,,PUBLIC,,,,,,,,,,,,,,,,,False,,,,,,,,,False,
ELEC,Waldenwoods Resort and Conference Center,2975 Old US 23,,Howell,MI,48855,,313-262-6722,E,,Public,,,,,,,3.0,,,RED_E,https://www.redecharge.com,GPS,42.64717,-83.75825,2026-08-09,400461,2026-08-09 05:13:20 UTC,,,,2024-12-19,,,,,J1772,US,,,,Public,,public,,,PUBLIC,,,,,,,,,,,,,,,,,False,,,,,,,,,False,
ELEC,Huntington Place Detroit EV Lot,1 Washington Blvd,,Detroit,MI,48226,,313-262-6722,E,,Public,,,,,,,6.0,,,RED_E,https://www.redecharge.com,GPS,42.32728,-83.0487,2026-08-09,400462,2026-08-09 05:13:20 UTC,,,,2025-01-30,,,,,J1772,US,,,,Public,,public,,,PUBLIC,,,,,,,,,,,,,,,,,False,,,,,,,,,False,
ELEC,Twins Auto 24560,24560 Grand River,,Detroit,MI,48219,,313-262-6722,E,,Public,,,,,,,2.0,,,RED_E,https://www.redecharge.com,GPS,42.42755,-83.28377,2026-08-09,400463,2026-08-09 05:13:20 UTC,,,,2025-01-31,,,,,J1772,US,,,,Public,,public,,,PUBLIC,,,,,,,,,,,,,,,,,False,,,,,,,,,False,
ELEC,Midland Ford Lincoln,500 Joe Mann Blvd,,Midland,MI,48642,,313-262-6722,E,,Public,,,,,,,6.0,,,RED_E,https://www.redecharge.com,GPS,43.659108858,-84.2316526413,2026-08-09,400464,2026-08-09 05:13:21 UTC,,,,2025-02-07,,,,,J1772,US,,,,Public,,public,,,PUBLIC,,,,,,,,,,,,,,,,,False,,,,,,,,,False,
ELEC,Shell Brighton,8281 Grand River Ave,,Brighton,MI,48114,,313-262-6722,E,,Public,,,,,,,,4.0,,RED_E,https://www.redecharge.com,GPS,42.54997,-83.78878,2026-08-09,400465,2026-08-09 05:13:21 UTC,,,,2025-01-31,,,,,J1772COMBO,US,,,,Public,,public,,,PUBLIC,,,,,,,,,,,,,,,,,False,,,,,,,,,False,
ELEC,Mobil Madison,25031 Dequindre Rd,,Madison Heights,MI,48707,,313-262-6722,E,,Public,,,,,,,,4.0,,RED_E,https://www.redecharge.com,GPS,42.476694887119,-83.085097272,2026-08-09,400466,2026-08-09 05:13:21 UTC,,,,2025-01-31,,,,,J1772COMBO,US,,,,Public,,public,,,PUBLIC,,,,,,,,,,,,,,,,,False,,,,,,,,,False,
ELEC,ARMI Ministries,703 Newport,,Detroit,MI,48215,,313-262-6722,E,,Public,,,,,,,1.0,,,RED_E,https://www.redecharge.com,GPS,42.369381510625,-82.94515911607,2026-08-09,400467,2026-08-09 05:13:21 UTC,,,,2025-01-31,,,,,J1772,US,,,,Public,,public,,,PUBLIC,,,,,,,,,,,,,,,,,False,,,,,,,,,False,
ELEC,Concord Market BP,32751 Concord Dr,,Madison Heights,MI,48071,,313-262-6722,E,,Public,,,,,,,,4.0,,RED_E,https://www.redecharge.com,GPS,42.53342,-83.11234,2026-08-09,400469,2026-08-09 05:13:22 UTC,,,,2025-02-07,,,,,J1772COMBO,US,,,,Public,,public,,,PUBLIC,,,,,,,,,,,,,,,,,False,,,,,,,,,False,
ELEC,Compass and Clever,12454 East D Ave,,Richland,MI,49083,,313-262-6722,E,,Public,,,,,,,2.0,,,RED_E,https://www.redecharge.com,GPS,42.3701905042,-85.3879684631,2026-08-09,400472,2026-08-09 05:13:23 UTC,,,,2025-02-18,,,,,J1772,US,,,,Public,,public,,,PUBLIC,,,,,,,,,,,,,,,,,False,,,,,,,,,False,
ELEC,Tall Timbers at Greenspire,8280 Shirley Ct,,Portage,MI,49024,,313-262-6722,E,,Public,,,,,,,4.0,,,RED_E,https://www.redecharge.com,GPS,42.19704,-85.63152,2026-08-09,400474,2026-08-09 05:13:23 UTC,,,,2025-03-17,,,,,J1772,US,,,,Public,,public,,,PUBLIC,,,,,,,,,,,,,,,,,False,,,,,,,,,False,
ELEC,Wesco Norton Shores MI,1025 E Pontaluna Rd,,Norton Shores,MI,49456,,313-262-6722,E,,Public,,,,,,,,2.0,,RED_E,https://www.redecharge.com,GPS,43.13169742962,-86.2205142166,2026-08-09,400475,2026-08-09 05:13:23 UTC,,,,2025-03-18,,,,,J1772COMBO,US,,,,Public,,public,,,PUBLIC,,,,,,,,,,,,,,,,,False,,,,,,,,,False,
ELEC,JP OSullivan,9300 Enterprise Dr,,Holly,MI,48442,,313-262-6722,E,,Public,,,,,,,3.0,,,RED_E,https://www.redecharge.com,GPS,42.89092298969,-83.62113138685,2026-08-09,400477,2026-08-09 05:13:23 UTC,,,,2025-02-24,,,,,J1772,US,,,,Public,,public,,,WORKPLACE,,,,,,,,,,,,,,,,,False,,,,,,,,,False,
ELEC,ChillBox 9039 Dearborn Heights,7105 N Telegraph Rd,,Dearborn Heights,MI,48127,,313-262-6722,E,,Public,,,,,,,,6.0,,RED_E,https://www.redecharge.com,GPS,42.34101,-83.27395,2026-08-09,400480,2026-08-09 05:13:24 UTC,,,,2025-02-27,,,,,J1772COMBO,US,,,,Public,,public,,,PUBLIC,,,,,,,,,,,,,,,,,False,,,,,,,,,False,
ELEC,Goddard Amoco,19141 Goddard,,Southgate,MI,48195,,313-262-6722,E,,Public,,,,,,,,4.0,,RED_E,https://www.redecharge.com,GPS,42.2272,-83.22956,2026-08-09,400481,2026-08-09 05:13:24 UTC,,,,2025-02-27,,,,,J1772COMBO,US,,,,Public,,public,,,PUBLIC,,,,,,,,,,,,,,,,,False,,,,,,,,,False,
ELEC,Serra Ford Rochester Hills,2890 S Rochester Rd,,Rochester Hills,MI,48037,,313-262-6722,E,,Public,,,,,,,4.0,2.0,,RED_E,https://www.redecharge.com,GPS,42.63837235545,-83.13410381785,2026-08-09,400482,2026-08-09 05:13:25 UTC,,,,2025-02-28,,,,,J1772 J1772COMBO,US,,,,Public,,public,,,PUBLIC,,,,,,,,,,,,,,,,,False,,,,,,,,,False,
ELEC,Mission Ford of Dearborn,14585 Michigan Ave,,Dearborn,MI,48162,,313-262-6722,E,,Public,,,,,,,7.0,4.0,,RED_E,https://www.redecharge.com,GPS,42.319007,-83.185252,2026-08-09,400483,2026-08-09 05:13:25 UTC,,,,2025-03-10,,,,,J1772 J1772COMBO,US,,,,Public,,public,,,PUBLIC,,,,,,,,,,,,,,,,,False,,,,,,,,,False,
ELEC,Birmingham Pointe Private,707 S Worth St,,Birmingham,MI,48009,,313-262-6722,E,,Public,,,,,,,40.0,,,RED_E,https://www.redecharge.com,GPS,42.54185,-83.20571,2026-08-09,400487,2026-08-09 05:13:26 UTC,,,,2025-03-11,,,,,J1772,US,,,,Public,,public,,,FLEET_GARAGE,,,,,,,,,,,,,,,,,False,,,,,,,,,False,
ELEC,Traverse City Light and Power,1131 Hastings St,,Traverse City,MI,49686,,313-262-6722,E,,Public,,,,,,,2.0,,,RED_E,https://www.redecharge.com,GPS,44.74673,-85.592228872863,2026-08-09,400489,2026-08-09 05:13:28 UTC,,,,2025-02-24,,,,,J1772,US,,,,Public,,public,,,PUBLIC,,,,,,,,,,,,,,,,,False,,,,,,,,,False,
ELEC,First Baptist Institutional,17101 W 7 Mile Rd,,Detroit,MI,48235,,313-262-6722,E,,Public,,,,,,,10.0,,,RED_E,https://www.redecharge.com,GPS,42.429708671995,-83.211681089345,2026-08-09,400493,2026-08-09 05:13:33 UTC,,,,2025-03-21,,,,,J1772,US,,,,Public,,public,,,PUBLIC,,,,,,,,,,,,,,,,,False,,,,,,,,,False,
ELEC,Dick Scott Motor Mall,3030 Fowlerville Rd,,Fowlerville,MI,48836,,313-262-6722,E,,Public,,,,,,,,2.0,,RED_E,https://www.redecharge.com,GPS,42.64394,-84.07109,2026-08-09,400495,2026-08-09 05:13:33 UTC,,,,2025-04-07,,,,,J1772COMBO,US,,,,Public,,public,,,PUBLIC,,,,,,,,,,,,,,,,,False,,,,,,,,,False,
ELEC,MiSide,5716 Michigan Ave,,Detroit,MI,48210,,313-262-6722,E,,Public,,,,,,,4.0,,,RED_E,https://www.redecharge.com,GPS,42.331573967982,-83.113514645738,2026-08-09,400496,2026-08-09 05:13:33 UTC,,,,2025-03-27,,,,,J1772,US,,,,Public,,public,,,PUBLIC,,,,,,,,,,,,,,,,,False,,,,,,,,,False,
ELEC,Fellowship Chapel,7707 W. Outer Drive,,Detroit,MI,48235,,313-262-6722,E,,Public,,,,,,,8.0,,,RED_E,https://www.redecharge.com,GPS,42.419074998908,-83.211980632225,2026-08-09,400498,2026-08-09 05:13:34 UTC,,,,2025-04-14,,,,,J1772,US,,,,Public,,public,,,PUBLIC,,,,,,,,,,,,,,,,,False,,,,,,,,,False,
ELEC,Dearborn Town Center Office,290 Town Center Dr,,Dearborn,MI,48126,,313-262-6722,E,,Public,,,,,,,4.0,,,RED_E,https://www.redecharge.com,GPS,42.32074,-83.21826,2026-08-09,400502,2026-08-09 05:13:35 UTC,,,,2025-04-21,,,,,J1772,US,,,,Public,,public,,,PUBLIC,,,,,,,,,,,,,,,,,False,,,,,,,,,False,
ELEC,Michigan Shores Coop,641 N Michigan Ave,,Frankfort,MI,49453,,313-262-6722,E,,Public,,,,,,,2.0,,,RED_E,https://www.redecharge.com,GPS,44.6428629,-86.2485237,2026-08-09,400503,2026-08-09 05:13:36 UTC,,,,2025-04-22,,,,,J1772,US,,,,Public,,public,,,PUBLIC,,,,,,,,,,,,,,,,,False,,,,,,,,,False,
ELEC,Strickly EV Charging Site 1,26953 W 7 Mile Rd,,Redford,MI,48240,,313-262-6722,E,,Public,,,,,,,2.0,,,RED_E,https://www.redecharge.com,GPS,42.42752,-83.31127,2026-08-09,400504,2026-08-09 05:13:36 UTC,,,,2025-04-23,,,,,J1772,US,,,,Public,,public,,,PUBLIC,,,,,,,,,,,,,,,,,False,,,,,,,,,False,
ELEC,Strickly EV Charging Site 2,25389 8 Mile,,Redford,MI,48240,,313-262-6722,E,,Public,,,,,,,2.0,,,RED_E,https://www.redecharge.com,GPS,42.44218,-83.29241,2026-08-09,400506,2026-08-09 05:13:36 UTC,,,,2025-04-25,,,,,J1772,US,,,,Public,,public,,,WORKPLACE,,,,,,,,,,,,,,,,,False,,,,,,,,,False,
ELEC,North Brothers Ford,33300 Ford Rd,,Westland,MI,48185,,313-262-6722,E,,Public,,,,,,,2.0,2.0,,RED_E,https://www.redecharge.com,GPS,42.3252,-83.36848,2026-08-09,400507,2026-08-09 05:13:36 UTC,,,,2025-04-26,,,,,J1772 J1772COMBO,US,,,,Public,,public,,,WORKPLACE,,,,,,,,,,,,,,,,,False,,,,,,,,,False,
ELEC,NSO Building,882 Oakman Blvd,,Detroit,MI,48238,,313-262-6722,E,,Public,,,,,,,8.0,,,RED_E,https://www.redecharge.com,GPS,42.402993286261,-83.11359293256,2026-08-09,400508,2026-08-09 05:13:37 UTC,,,,2025-04-11,,,,,J1772,US,,,,Public,,public,,,PUBLIC,,,,,,,,,,,,,,,,,False,,,,,,,,,False,
ELEC,FastLane Parma,2428 N Dearing Rd,,Parma,MI,49269,,313-262-6722,E,,Public,,,,,,,,2.0,,RED_E,https://www.redecharge.com,GPS,42.26741,-84.54102,2026-08-09,400513,2026-08-09 05:13:38 UTC,,,,2025-05-12,,,,,J1772COMBO,US,,,,Public,,public,,,PUBLIC,,,,,,,,,,,,,,,,,False,,,,,,,,,False,
ELEC,Saginaw St Parking Lot,127 S Saginaw St,,Montrose,MI,48457,,313-262-6722,E,,Public,,,,,,,2.0,,,RED_E,https://www.redecharge.com,GPS,43.17537992596,-83.8927479098,2026-08-09,400517,2026-08-09 05:13:39 UTC,,,,2025-05-16,,,,,J1772,US,,,,Public,,public,,,PUBLIC,,,,,,,,,,,,,,,,,False,,,,,,,,,False,
ELEC,FasCharge 5011 Next Door Marathon Clare,428 S McEwan St,,Clare,MI,48617,,313-262-6722,E,,Public,,,,,,,,2.0,,RED_E,https://www.redecharge.com,GPS,43.8118,-84.76855,2026-08-09,400524,2026-08-09 05:13:41 UTC,,,,2025-05-24,,,,,J1772COMBO,US,,,,Public,,public,,,PUBLIC,,,,,,,,,,,,,,,,,False,,,,,,,,,False,
ELEC,Port Huron Fast Chargers,2830 Pine Grove Ave,,Port Huron,MI,48060,,313-262-6722,E,,Public,,,,,,,,4.0,,RED_E,https://www.redecharge.com,GPS,43.005009914838,-82.441391150311,2026-08-09,400525,2026-08-09 05:13:41 UTC,,,,2025-01-09,,,,,J1772COMBO,US,,,,Public,,public,,,PUBLIC,,,,,,,,,,,,,,,,,False,,,,,,,,,False,
ELEC,City of the Village of Douglas,15 S Washington St,,Douglas,MI,49406,,313-262-6722,E,,Public,,,,,,,2.0,,,RED_E,https://www.redecharge.com,GPS,42.6434347,-86.1997802,2026-08-09,400528,2026-08-09 05:13:42 UTC,,,,2025-05-29,,,,,J1772,US,,,,Public,,public,,,PUBLIC,,,,,,,,,,,,,,,,,False,,,,,,,,,False,
ELEC,Cross Country Ski Headquarters,9435 N Cut RD,,Roscommon,MI,48653,,313-262-6722,E,,Public,,,,,,,1.0,,,RED_E,https://www.redecharge.com,GPS,44.47055,-84.66536,2026-08-09,400529,2026-08-09 05:13:42 UTC,,,,2025-06-02,,,,,J1772,US,,,,Public,,public,,,PUBLIC,,,,,,,,,,,,,,,,,False,,,,,,,,,False,
ELEC,Alma Ford,2051 West Monroe,,Alma,MI,48801,,313-262-6722,E,,Public,,,,,,,2.0,,,RED_E,https://www.redecharge.com,GPS,43.4074,-84.64721,2026-08-09,400531,2026-08-09 05:13:42 UTC,,,,2025-06-23,,,,,J1772,US,,,,Public,,public,,,PUBLIC,,,,,,,,,,,,,,,,,False,,,,,,,,,False,
ELEC,ZIM LLC,16515 Outer Dr,,Dearborn Heights,MI,48127,,313-262-6722,E,,Public,,,,,,,4.0,,,RED_E,https://www.redecharge.com,GPS,42.34183,-83.25169,2026-08-09,400537,2026-08-09 05:13:43 UTC,,,,2024-04-02,,,,,J1772,US,,,,Public,,public,,,MULTI_UNIT_DWELLING,,,,,,,,,,,,,,,,,False,,,,,,,,,False,
ELEC,BEST WEST BC BEST WESTERN BC,8282 Pfeiffer Farms Drive Southwest,,Byron Center,MI,49315,,888-758-4389,E,,Public,24 hours daily,,,,,,2.0,,,ChargePoint Network,https://www.chargepoint.com,GPS,42.81332,-85.670484,2026-08-09,404595,2026-08-09 02:52:24 UTC,,,,2025-06-27,,,,,J1772,US,,,,Public,,public,,,,,,,,,,,,,,,,,,,,False,,,,,,,,,False,
ELEC,SWP MQT PRESQUE MARINA,1 Peter White Drive,Presque Isle Marina,Marquette,MI,49855,,888-758-4389,E,,Public,24 hours daily,,,,,,,1.0,,ChargePoint Network,https://www.chargepoint.com,GPS,46.581636,-87.384149,2026-08-09,404656,2026-08-09 02:59:29 UTC,,,,2025-06-27,,,,,CHADEMO J1772COMBO,US,,,,Public,,public,,,,,,,,,,,,,,,,,,,,False,,,,,,,,,False,
ELEC,Cornerstone Community Credit Union,2138 E Big Beaver Rd,,Troy,MI,48083,,313-262-6722,E,,Public,,,,,,,4.0,,,RED_E,https://www.redecharge.com,GPS,42.562765842539,-83.106268615543,2026-08-09,404762,2026-08-09 05:13:34 UTC,,,,2025-06-27,,,,,J1772,US,,,,Public,,public,,,PUBLIC,,,,,,,,,,,,,,,,,False,,,,,,,,,False,
ELEC,Miller Industries,3070 W Thompson,,Fenton,MI,48430,,313-262-6722,E,,Public,,,,,,,2.0,,,RED_E,https://www.redecharge.com,GPS,42.86326,-83.73286,2026-08-09,404774,2026-08-09 05:13:06 UTC,,,,2024-11-20,,,,,J1772,US,,,,Public,,public,,,WORKPLACE,,,,,,,,,,,,,,,,,False,,,,,,,,,False,
ELEC,Main North Outside Lot,118 N Main St,,Royal Oak,MI,48067,,313-262-6722,E,,Public,,,,,,,4.0,,,RED_E,https://www.redecharge.com,GPS,42.49011,-83.14329,2026-08-09,405367,2026-08-09 05:13:47 UTC,,,,2025-07-02,,,,,J1772,US,,,,Public,,public,,,PUBLIC,,,,,,,,,,,,,,,,,False,,,,,,,,,False,
ELEC,Quail Meadows LLC,6650 Summerlyn Lakes Dr,,Lambertville,MI,48144,,313-262-6722,E,,Public,,,,,,,2.0,,,RED_E,https://www.redecharge.com,GPS,41.73508,-83.62597,2026-08-09,405407,2026-08-09 05:13:47 UTC,,,,2025-06-27,,,,,J1772,US,,,,Public,,public,,,PUBLIC,,,,,,,,,,,,,,,,,False,,,,,,,,,False,
ELEC,Pats Food Freeland,7620 Midland Rd,,Freeland,MI,48623,,313-262-6722,E,,Public,,,,,,,,2.0,,RED_E,https://www.redecharge.com,GPS,43.52060025153,-84.1196587134,2026-08-09,405674,2026-08-09 05:13:48 UTC,,,,2025-07-02,,,,,J1772COMBO,US,,,,Public,,public,,,PUBLIC,,,,,,,,,,,,,,,,,False,,,,,,,,,False,
ELEC,BSRO ANN ARBOR STATION 1,5940 Jackson Rd,It’s located between Culver’s and Firestone,Ann Arbor,MI,48103,,888-758-4389,E,,Public,24 hours daily,,,,,,2.0,,,ChargePoint Network,https://www.chargepoint.com,GPS,42.290414,-83.847077,2026-08-09,405719,2026-08-09 02:59:50 UTC,,,,2025-07-09,,,,,J1772,US,,,,Public,,public,,,,,,,,,,,,,,,,,,,,False,,,,,,,,,False,
ELEC,Lunghamer Buick,5825 Highland Rd,,Waterford,MI,48327,,313-262-6722,E,,Public,,,,,,,4.0,2.0,,RED_E,https://www.redecharge.com,GPS,42.65985,-83.40258,2026-08-09,405744,2026-08-09 05:13:48 UTC,,,,2025-07-08,,,,,J1772 J1772COMBO,US,,,,Public,,public,,,PUBLIC,,,,,,,,,,,,,,,,,False,,,,,,,,,False,
ELEC,University of Michigan - Dearborn - Parking Lot E6,4901 Evergreen Rd,,Dearborn,MI,48128,,313-593-5000,E,,Public,24 hours daily,CREDIT,,,,,2.0,,,Non-Networked,,GPS,42.31699270265598,-83.22959788619995,2025-08-12,405745,2026-02-02 23:16:24 UTC,P,,,2024-01-05,,,,,J1772,US,,,,Public,,public,,,COLLEGE_CAMPUS,,,,,,,$1.70 per hour,,,,,,,,,,False,,,,,,,,LD,False,
ELEC,University of Michigan - Dearborn - Fairlane Center North,19000 Hubbard Dr,,Dearborn,MI,48126,,313-593-5000,E,,Public,24 hours daily,CREDIT,,,,,2.0,,,Non-Networked,,200-8,42.32383,-83.22434,2025-08-12,405746,2026-02-02 23:16:24 UTC,P,,,2024-01-05,,,,,J1772,US,,,,Public,,public,,,COLLEGE_CAMPUS,,,,,,,$1.70 per hour,,,,,,,,,,False,,,,,,,,LD,False,
ELEC,ARTMOEHN RTM75 DC02,2200 Seymour Rd,No RFID Support,Jackson,MI,49201,,888-758-4389,E,,Public,24 hours daily,,,,,,,2.0,,ChargePoint Network,https://www.chargepoint.com,GPS,42.27764,-84.379432,2026-08-09,405797,2026-08-09 03:00:01 UTC,,,,2025-07-10,,,,,J1772COMBO,US,,,,Public,,public,,,,,,,,,,,,,,,,,,,,False,,,,,,,,,False,
ELEC,"Target T0634 (Ann Arbor, MI)",2000 Waters Rd,,Ann Arbor,MI,48103,,833-632-2778,E,,Public,24 hours daily,,,,,,,8.0,,Electrify America,https://www.electrifyamerica.com,GPS,42.2436,-83.7682,2026-08-09,405811,2026-08-09 03:39:09 UTC,,,,2025-07-10,,,,,J1772COMBO,US,,,,Public,,public,,,,,,,,,,,,,,,,,,,,False,,,,,,,,,False,
ELEC,Solvay Advanced Polymers LLC,5223 Parview Dr,,Clarkston,MI,48346,,,E,,Private,Contact station for hours of availability,A ANDROID_PAY APPLE_PAY CREDIT D M,,,,,1.0,,,AMPUP,https://ampup.io,GPS,42.7139837,-83.4205946,2025-08-12,415830,2026-08-05 18:21:35 UTC,P,,,2024-09-18,,,,,J1772,US,,,,Privé,,private,,,OFFICE_BLDG,,,,,,,,,,,,,,,,,,,,,,,,,LD,True,
ELEC,Merit Laboratories,2680 E Lansing Dr,,East Lansing,MI,48823,,,E,,Private,Contact station for hours of availability,A ANDROID_PAY APPLE_PAY CREDIT D M,,,,,2.0,,,AMPUP,https://ampup.io,GPS,42.75019163,-84.449810806,2025-08-12,415831,2026-08-05 18:21:35 UTC,P,,,2024-08-28,,,,,J1772,US,,,,Privé,,private,,,OFFICE_BLDG,,,,,,,,,,,,,,,,,,,,,,,,,LD,True,
ELEC,Allen Neighborhood Center,1611 E Kalamazoo St,,Lansing,MI,48912,,517-702-6956,E,,Public,Contact station for hours of availability,A ANDROID_PAY APPLE_PAY CREDIT D M,,,,,4.0,,,AMPUP,https://ampup.io,GPS,42.7300826,-84.5267042,2025-08-12,415884,2026-08-05 18:21:35 UTC,P,,,2024-06-05,,,,,J1772,US,,,,Public,,public,,,OTHER,,,,,,,,,,,,,,,,,False,,,,,,,,LD,False,
ELEC,NAFSR,4232 Brockton Dr SE,,Kentwood,MI,49512,,,E,,Private,Contact station for hours of availability,A ANDROID_PAY APPLE_PAY CREDIT D M,,,,,4.0,,,AMPUP,https://ampup.io,GPS,42.8864853,-85.5584522,2025-08-12,415885,2026-08-05 18:21:35 UTC,P,,,2024-09-11,,,,,J1772,US,,,,Privé,,private,,,OTHER,,,,,,,,,,,,,,,,,,,,,,,,,LD,False,
ELEC,Shell - Cedar River Plaza,N8151 M-35,,Cedar River,MI,49887,,855-567-5853,E,,Public,24 hours daily,A D Debit M V,,,,,,2.0,,JULE,https://www.julepower.com,GPS,45.409639,-87.357059,2025-08-12,416130,2026-05-12 19:17:38 UTC,P,,,2025-07-11,,,,,CHADEMO J1772COMBO,US,,,,Public,,public,,,GAS_STATION,,,,,,,$0.52 per minute,,,,,,,,,,False,,,,,,,,LD,False,
ELEC,CREEK EV CHARGE CREEK TECUMSEH1,100 N Ottawa St,Downtown Tecumseh,Tecumseh,MI,49286,,888-758-4389,E,,Public,24 hours daily,,,,,,2.0,,,ChargePoint Network,https://www.chargepoint.com,GPS,42.004746,-83.944255,2026-08-09,416552,2026-08-09 03:00:09 UTC,,,,2025-07-22,,,,,J1772,US,,,,Public,,public,,,,,,,,,,,,,,,,,,,,False,,,,,,,,,False,
ELEC,CREEK EV CHARGE CREEK TECUMSEH2,100 N Ottawa St,Downtown Tecumseh,Tecumseh,MI,49286,,888-758-4389,E,,Public,24 hours daily,,,,,,2.0,,,ChargePoint Network,https://www.chargepoint.com,GPS,42.004746,-83.944255,2026-08-09,416553,2026-08-09 03:00:09 UTC,,,,2025-07-22,,,,,J1772,US,,,,Public,,public,,,,,,,,,,,,,,,,,,,,False,,,,,,,,,False,
ELEC,Bill Brown Ford Livonia,32222 Plymouth Rd,,Livonia,MI,48150,,313-262-6722,E,,Public,,,,,,,,6.0,,RED_E,https://www.redecharge.com,GPS,42.36872,-83.36153,2026-08-09,416656,2026-08-09 05:13:51 UTC,,,,2025-07-22,,,,,J1772COMBO,US,,,,Public,,public,,,PUBLIC,,,,,,,,,,,,,,,,,False,,,,,,,,,False,
ELEC,Betten Baker Ford Coopersville,940 O'Malley Dr,,Coopersville,MI,49404,,888-357-1009,E,,Public,24 hours daily,A ANDROID_PAY APPLE_PAY CREDIT D Debit M V,,,,,,4.0,,FORD_CHARGE,https://www.ford.com/support/category/electric-vehicle/charging/public-charging/,GPS,43.054425,-85.951306,2026-08-09,416797,2026-08-09 05:17:32 UTC,,,,2024-10-18,,,,,J1772COMBO,US,,,,Public,,public,,,PUBLIC,,,,,,,,,,,,,,,,,False,,,,,,,,,False,
ELEC,Northgate Ford Inc.,3600 Pine Grove Ave,,Port Huron,MI,48060,,888-357-1009,E,,Public,24 hours daily,A ANDROID_PAY APPLE_PAY CREDIT D Debit M V,,,,,,4.0,,FORD_CHARGE,https://www.ford.com/support/category/electric-vehicle/charging/public-charging/,GPS,43.01747,-82.45093,2026-08-09,416820,2026-08-09 05:17:41 UTC,,,,2025-02-12,,,,,J1772COMBO,US,,,,Public,,public,,,PUBLIC,,,,,,,,,,,,,,,,,False,,,,,,,,,False,
ELEC,Brown Motors Inc.,2170 US-31,,Petoskey,MI,49770,,888-357-1009,E,,Public,24 hours daily,A ANDROID_PAY APPLE_PAY CREDIT D Debit M V,,,,,,4.0,,FORD_CHARGE,https://www.ford.com/support/category/electric-vehicle/charging/public-charging/,GPS,45.400588,-84.880662,2026-08-09,416844,2026-08-09 05:17:45 UTC,,,,2025-04-08,,,,,J1772COMBO,US,,,,Public,,public,,,PUBLIC,,,,,,,,,,,,,,,,,False,,,,,,,,,False,
ELEC,Blackwell Ford Inc,41001 Plymouth Rd,,Plymouth,MI,48170,,888-357-1009,E,,Public,24 hours daily,,,,,,,2.0,,FORD_CHARGE,https://www.ford.com/support/category/electric-vehicle/charging/public-charging/,GPS,42.373025,-83.442855,2026-08-09,416848,2026-08-09 05:17:46 UTC,,,,2025-04-15,,,,,J1772COMBO,US,,,,Public,,public,,,PUBLIC,,,,,,,,,,,,,,,,,False,,,,,,,,,False,
ELEC,Gene Butman Ford,2105 Washtenaw Ave,,Ypsilanti,MI,48197,,888-357-1009,E,,Public,24 hours daily,A ANDROID_PAY APPLE_PAY CREDIT D Debit M V,,,,,,4.0,,FORD_CHARGE,https://www.ford.com/support/category/electric-vehicle/charging/public-charging/,GPS,42.247308,-83.647005,2026-08-09,416856,2026-08-09 05:17:48 UTC,,,,2025-06-06,,,,,J1772COMBO,US,,,,Public,,public,,,PUBLIC,,,,,,,,,,,,,,,,,False,,,,,,,,,False,
ELEC,Lafontaine Ford of Lansing,5827 S Pennsylvania Ave,,Lansing,MI,48911,,888-357-1009,E,,Public,Mon: 7:30am-6:00pm; Tue: 7:30am-6:00pm; Wed: 7:30am-6:00pm; Thu: 7:30am-6:00pm; Fri: 7:30am-6:00pm; Sat: 7:00am-4:00pm,,,,,,,4.0,,FORD_CHARGE,https://www.ford.com/support/category/electric-vehicle/charging/public-charging/,GPS,42.672304,-84.536792,2026-08-09,416876,2026-08-09 05:17:51 UTC,,,,2025-04-14,,,,,J1772COMBO,US,,,,Public,,public,,,PUBLIC,,,,,,,,,,,,,,,,,False,,,,,,,,,False,
ELEC,Randy Wise Toyota - DCFC,8420 Holly Road,,Grand Blanc,MI,48439,,888-998-2546,E,,Public,24 hours daily,,,,,,,2.0,,Blink Network,https://blinkcharging.com,GPS,42.90542801347659,-83.62925808964657,2026-08-10,416950,2026-08-10 00:51:27 UTC,,,,2025-07-25,,,,,J1772COMBO TESLA,US,,,,Public,,public,,,,,,,,,,,,,,,,,,,,False,,,,,,,,,False,
ELEC,Feldman Chevrolet of Lansing,2801 E. Michigan Ave,,Lansing,MI,48912,,313-262-6722,E,,Public,,,,,,,,4.0,,RED_E,https://www.redecharge.com,GPS,42.73379,-84.51222,2026-08-09,417019,2026-08-09 05:13:50 UTC,,,,2025-07-18,,,,,J1772COMBO,US,,,,Public,,public,,,PUBLIC,,,,,,,,,,,,,,,,,False,,,,,,,,,False,
ELEC,"Betten Hyundai, Inc",2477 Henry Street,,Muskegon,MI,49441,,888-998-2546,E,,Public,24 hours daily,,,,,,,2.0,,Blink Network,https://blinkcharging.com,GPS,43.20803969018577,-86.26426611846708,2026-08-10,417034,2026-08-10 01:02:38 UTC,,,,2025-07-26,,,,,J1772COMBO,US,,,,Public,,public,,,,,,,,,,,,,,,,,,,,False,,,,,,,,,False,
ELEC,The Historic Residences at Saint Clair,389 St. Clair,,Grosse Pointe,MI,48230,,313-262-6722,E,,Public,,,,,,,2.0,,,RED_E,https://www.redecharge.com,GPS,42.383803019608,-82.912105872554,2026-08-09,417220,2026-08-09 05:13:09 UTC,,,,2024-12-13,,,,,J1772,US,,,,Public,,public,,,PUBLIC,,,,,,,,,,,,,,,,,False,,,,,,,,,False,
ELEC,ELETRIC AVE VARSITY DC-2,3480 Jackson Avenue,East end of the lot. Use 1st driveway after business hours,Ann Arbor,MI,48103,,888-758-4389,E,,Public,24 hours daily,,,,,,,2.0,,ChargePoint Network,https://www.chargepoint.com,GPS,42.285478,-83.796116,2026-08-09,417446,2026-08-09 03:01:12 UTC,,,,2025-08-02,,,,,J1772COMBO,US,,,,Public,,public,,,,,,,,,,,,,,,,,,,,False,,,,,,,,,False,
ELEC,J One Liquor,11335 Hall Rd,,Utica,MI,48317,,313-262-6722,E,,Public,,,,,,,,4.0,,RED_E,https://www.redecharge.com,GPS,42.62669,-83.01743,2026-08-09,417533,2026-08-09 05:13:54 UTC,,,,2025-08-01,,,,,J1772COMBO,US,,,,Public,,public,,,PUBLIC,,,,,,,,,,,,,,,,,False,,,,,,,,,False,
ELEC,WEST BLOOMFIELD WBT,4600 Walnut Lake Rd,,West Bloomfield,MI,48323,,888-758-4389,E,,Public,24 hours daily,,,,,,2.0,,,ChargePoint Network,https://www.chargepoint.com,GPS,42.560411,-83.374183,2026-08-09,417638,2026-08-09 03:01:29 UTC,,,,2025-08-07,,,,,J1772,US,,,,Public,,public,,,,,,,,,,,,,,,,,,,,False,,,,,,,,,False,
ELEC,SJC14 HERRINGTON,541 Bay Street,Open 6:30am to 10pm School Days,Pontiac,MI,48342,,888-758-4389,E,,Public,24 hours daily,,,,,,2.0,,,ChargePoint Network,https://www.chargepoint.com,GPS,42.654005,-83.255192,2026-08-09,417813,2026-08-09 03:01:50 UTC,,,,2025-08-12,,,,,J1772,US,,,,Public,,public,,,,,,,,,,,,,,,,,,,,False,,,,,,,,,False,
ELEC,PENNFIELD ANIML CHARGER 1,20849 Capital Ave NE,,Battle Creek,MI,49017,,888-758-4389,E,,Public,24 hours daily,,,,,,1.0,,,ChargePoint Network,https://www.chargepoint.com,GPS,42.375703,-85.142746,2026-08-09,417877,2026-08-09 03:00:13 UTC,,,,2025-08-13,,,,,J1772,US,,,,Public,,public,,,,,,,,,,,,,,,,,,,,False,,,,,,,,,False,
ELEC,PENNFIELD ANIML CHARGER 2,20849 Capital Ave NE,,Battle Creek,MI,49017,,888-758-4389,E,,Public,24 hours daily,,,,,,1.0,,,ChargePoint Network,https://www.chargepoint.com,GPS,42.375608,-85.142832,2026-08-09,417878,2026-08-09 03:00:14 UTC,,,,2025-08-13,,,,,J1772,US,,,,Public,,public,,,,,,,,,,,,,,,,,,,,False,,,,,,,,,False,
ELEC,Eastern Market Public Lot,3033 Russel,,Detroit,MI,48207,,313-262-6722,E,,Public,,,,,,,,2.0,,RED_E,https://www.redecharge.com,GPS,42.349106464371,-83.043012871502,2026-08-09,417980,2026-08-09 05:13:52 UTC,,,,2025-08-03,,,,,J1772COMBO,US,,,,Public,,public,,,PUBLIC,,,,,,,,,,,,,,,,,False,,,,,,,,,False,
ELEC,SWTCH Energy,3965 Okemos Rd,,Okemos,MI,48864,,,E,,Private,24 hours daily,,,,,,8.0,,,SWTCH,https://swtchenergy.com,GPS,42.69639969,-84.43309784,2026-01-13,419928,2026-02-02 23:16:24 UTC,P,,,2025-04-23,,,,,J1772,US,,,,Privé,,private,,,OFFICE_BLDG,,,,,,,Free,,,,,,,,,,,,,,,,,,LD,True,
ELEC,CAD-MARKET THE MARKET,117 West Cass Street,Parking Lot,Cadillac,MI,49601,,888-758-4389,E,,Public,24 hours daily,,,,,,2.0,,,ChargePoint Network,https://www.chargepoint.com,GPS,44.248636,-85.39896,2026-08-09,420157,2026-08-09 03:02:07 UTC,,,,2025-08-20,,,,,J1772,US,,,,Public,,public,,,,,,,,,,,,,,,,,,,,False,,,,,,,,,False,
ELEC,SWP MQT LOWER HARBOR,200 N Lakeshore Blvd,,Marquette,MI,49855,,888-758-4389,E,,Public,24 hours daily,,,,,,,1.0,,ChargePoint Network,https://www.chargepoint.com,GPS,46.543626,-87.38744,2026-08-09,420280,2026-08-09 03:02:27 UTC,,,,2025-08-21,,,,,CHADEMO J1772COMBO,US,,,,Public,,public,,,,,,,,,,,,,,,,,,,,False,,,,,,,,,False,
ELEC,HOME 2 GRAND RA HAMPTON GV 2,4755 Wilson Ave SW,,Grandville,MI,49418,,888-758-4389,E,,Public,24 hours daily,,,,,,1.0,,,ChargePoint Network,https://www.chargepoint.com,GPS,42.878678,-85.764371,2026-08-09,420666,2026-08-09 02:53:39 UTC,,,,2025-08-22,,,,,J1772,US,,,,Public,,public,,,,,,,,,,,,,,,,,,,,False,,,,,,,,,False,
ELEC,HOME 2 GRAND RA SPRINGHILL,4274 Parkway Place,,Grandville,MI,49418,,888-758-4389,E,,Public,24 hours daily,,,,,,1.0,,,ChargePoint Network,https://www.chargepoint.com,GPS,42.883578,-85.769424,2026-08-09,420689,2026-08-09 03:02:20 UTC,,,,2025-08-22,,,,,J1772,US,,,,Public,,public,,,,,,,,,,,,,,,,,,,,False,,,,,,,,,False,
ELEC,HOME 2 GRAND RA HAMPTON GV 1,4755 Wilson Avenue Southwest,,Grandville,MI,49418,,888-758-4389,E,,Public,24 hours daily,,,,,,1.0,,,ChargePoint Network,https://www.chargepoint.com,GPS,42.878776,-85.763506,2026-08-09,420690,2026-08-09 03:02:21 UTC,,,,2025-08-22,,,,,J1772,US,,,,Public,,public,,,,,,,,,,,,,,,,,,,,False,,,,,,,,,False,
ELEC,Westside Food Center,1300 Oakman Blvd,,Detroit,MI,48238,,313-262-6722,E,,Public,,,,,,,4.0,,,RED_E,https://www.redecharge.com,GPS,42.40042166526,-83.11999974022,2026-08-09,420725,2026-08-09 05:13:51 UTC,,,,2025-08-05,,,,,J1772,US,,,,Public,,public,,,PUBLIC,,,,,,,,,,,,,,,,,False,,,,,,,,,False,
ELEC,CITY1 MONTAGUE 1,4484 Spring St,,Montague,MI,49437,,888-758-4389,E,,Public,24 hours daily,,,,,,2.0,,,ChargePoint Network,https://www.chargepoint.com,GPS,43.417474,-86.352829,2026-08-09,420883,2026-08-09 03:01:36 UTC,,,,2025-08-26,,,,,J1772,US,,,,Public,,public,,,,,,,,,,,,,,,,,,,,False,,,,,,,,,False,
ELEC,LOCKWOOD MGMT HAVERHILLCLARK1,4800 Clark Road,,Ypsilanti,MI,48197,,888-758-4389,E,,Public,Mon: 12:00am-11:59pm; Tue: 12:00am-11:59pm; Wed: 12:00am-11:59pm; Thu: 12:00am-11:59pm; Fri: 12:00am-11:59pm; Sat: 12:00am-11:59pm; Sun: 12:00am-11:59pm,,,,,,2.0,,,ChargePoint Network,https://www.chargepoint.com,GPS,42.258219,-83.664373,2026-08-09,421172,2026-08-09 03:02:25 UTC,,,,2025-08-29,,,,,J1772,US,,,,Public,,public,,,,,,,,,,,,,,,,,,,,False,,,,,,,,,False,
ELEC,LOCKWOOD MGMT HAVERHILLCLARK5,4800 Clark Road,,Ypsilanti,MI,48197,,888-758-4389,E,,Public,Mon: 12:00am-11:59pm; Tue: 12:00am-11:59pm; Wed: 12:00am-11:59pm; Thu: 12:00am-11:59pm; Fri: 12:00am-11:59pm; Sat: 12:00am-11:59pm; Sun: 12:00am-11:59pm,,,,,,2.0,,,ChargePoint Network,https://www.chargepoint.com,GPS,42.258162,-83.664411,2026-08-09,421173,2026-08-09 03:02:25 UTC,,,,2025-08-29,,,,,J1772,US,,,,Public,,public,,,,,,,,,,,,,,,,,,,,False,,,,,,,,,False,
ELEC,LOCKWOOD MGMT HAVERHILLCLARK2,4800 Clark Road,,Ypsilanti,MI,48197,,888-758-4389,E,,Public,Mon: 12:00am-11:59pm; Tue: 12:00am-11:59pm; Wed: 12:00am-11:59pm; Thu: 12:00am-11:59pm; Fri: 12:00am-11:59pm; Sat: 12:00am-11:59pm; Sun: 12:00am-11:59pm,,,,,,2.0,,,ChargePoint Network,https://www.chargepoint.com,GPS,42.258114,-83.66447,2026-08-09,421174,2026-08-09 03:02:26 UTC,,,,2025-08-29,,,,,J1772,US,,,,Public,,public,,,,,,,,,,,,,,,,,,,,False,,,,,,,,,False,
ELEC,LOCKWOOD MGMT HAVERHILLCLARK3,4800 Clark Road,,Ypsilanti,MI,48197,,888-758-4389,E,,Public,Mon: 12:00am-11:59pm; Tue: 12:00am-11:59pm; Wed: 12:00am-11:59pm; Thu: 12:00am-11:59pm; Fri: 12:00am-11:59pm; Sat: 12:00am-11:59pm; Sun: 12:00am-11:59pm,,,,,,2.0,,,ChargePoint Network,https://www.chargepoint.com,GPS,42.258065,-83.664535,2026-08-09,421175,2026-08-09 03:02:26 UTC,,,,2025-08-29,,,,,J1772,US,,,,Public,,public,,,,,,,,,,,,,,,,,,,,False,,,,,,,,,False,
ELEC,LOCKWOOD MGMT HAVERHILLCLARK4,4800 Clark Road,,Ypsilanti,MI,48197,,888-758-4389,E,,Public,Mon: 12:00am-11:59pm; Tue: 12:00am-11:59pm; Wed: 12:00am-11:59pm; Thu: 12:00am-11:59pm; Fri: 12:00am-11:59pm; Sat: 12:00am-11:59pm; Sun: 12:00am-11:59pm,,,,,,2.0,,,ChargePoint Network,https://www.chargepoint.com,GPS,42.258025,-83.664624,2026-08-09,421176,2026-08-09 03:02:26 UTC,,,,2025-08-29,,,,,J1772,US,,,,Public,,public,,,,,,,,,,,,,,,,,,,,False,,,,,,,,,False,
ELEC,Holiday Inn Express Wixom,48953 Alpha Dr,,Wixom,MI,48393,,313-262-6722,E,,Public,,,,,,,4.0,,,RED_E,https://www.redecharge.com,GPS,42.50017025885,-83.53290039789,2026-08-09,421206,2026-08-09 05:14:00 UTC,,,,2025-08-28,,,,,J1772,US,,,,Public,,public,,,PUBLIC,,,,,,,,,,,,,,,,,False,,,,,,,,,False,
ELEC,Sharon,18385 Sharon Ln,,Roseville,MI,48066,,586-422-1031,E,,Public,Contact stations for hours of operation,A ANDROID_PAY APPLE_PAY CREDIT D M,,,,,1.0,,,AMPUP,https://ampup.io,GPS,42.5015006,-82.9319885,2025-09-12,421524,2026-08-05 18:21:35 UTC,P,,,2024-04-26,,,,,J1772,US,,,,Public,,public,,,MULTI_UNIT_DWELLING,,,,,,,,,,,,,,,,,False,,,,,,,,LD,False,
ELEC,JOHN BALL ZOO JOHN BALL ZOO 1,216 John Ball Park Dr SW,,Grand Rapids,MI,49504,,888-758-4389,E,,Public,24 hours daily,,,,,,2.0,,,ChargePoint Network,https://www.chargepoint.com,GPS,42.959911,-85.702294,2026-08-09,421580,2026-08-09 03:02:58 UTC,,,,2025-09-04,,,,,J1772,US,,,,Public,,public,,,,,,,,,,,,,,,,,,,,False,,,,,,,,,False,
ELEC,JOHN BALL ZOO JOHN BALL ZOO 3,1352 Park St SW,,Grand Rapids,MI,49504,,888-758-4389,E,,Public,24 hours daily,,,,,,2.0,,,ChargePoint Network,https://www.chargepoint.com,GPS,42.960688,-85.702491,2026-08-09,421581,2026-08-09 03:02:58 UTC,,,,2025-09-04,,,,,J1772,US,,,,Public,,public,,,,,,,,,,,,,,,,,,,,False,,,,,,,,,False,
ELEC,JOHN BALL ZOO JOHN BALL ZOO 4,218 John Ball Park Dr SW,,Grand Rapids,MI,49504,,888-758-4389,E,,Public,24 hours daily,,,,,,2.0,,,ChargePoint Network,https://www.chargepoint.com,GPS,42.95977,-85.702089,2026-08-09,421582,2026-08-09 03:02:59 UTC,,,,2025-09-04,,,,,J1772,US,,,,Public,,public,,,,,,,,,,,,,,,,,,,,False,,,,,,,,,False,
ELEC,JOHN BALL ZOO JOHN BALL ZOO 2,1352 Park St SW,,Grand Rapids,MI,49504,,888-758-4389,E,,Public,24 hours daily,,,,,,2.0,,,ChargePoint Network,https://www.chargepoint.com,GPS,42.960598,-85.702136,2026-08-09,421583,2026-08-09 03:02:59 UTC,,,,2025-09-04,,,,,J1772,US,,,,Public,,public,,,,,,,,,,,,,,,,,,,,False,,,,,,,,,False,
ELEC,Gladwin City Hall,1000 W Cedar Ave,,Gladwin,MI,48624,,313-262-6722,E,,Public,,,,,,,,4.0,,RED_E,https://www.redecharge.com,GPS,43.9814579,-84.4975813,2026-08-09,421605,2026-08-09 05:14:01 UTC,,,,2025-09-03,,,,,J1772COMBO TESLA,US,,,,Public,,public,,,PUBLIC,,,,,,,,,,,,,,,,,False,,,,,,,,,False,
ELEC,Butzel Family Center,7737 Kercheval Ave,,Detroit,MI,48214,,866-816-7584,E,,Public,24 hours daily,,,,,,,4.0,,EV Connect,https://www.evconnect.com,GPS,42.358236,-83.002251,2026-08-09,421668,2026-08-09 03:51:13 UTC,,,,2025-09-05,,,,,J1772COMBO,US,,,,Public,,public,,,,,,,,,,,,,,,,,,,,False,,,,,,,,,False,
ELEC,Heilmann Community Cente,19601 Crusade Street,,Detroit,MI,48205,,866-816-7584,E,,Public,24 hours daily,,,,,,,4.0,,EV Connect,https://www.evconnect.com,GPS,42.440904,-82.961834,2026-08-09,421669,2026-08-09 03:51:13 UTC,,,,2025-09-05,,,,,J1772COMBO,US,,,,Public,,public,,,,,,,,,,,,,,,,,,,,False,,,,,,,,,False,
ELEC,Coleman A. Young Recreat,2751 Robert Bradby Dr,,Detroit,MI,48207,,866-816-7584,E,,Public,24 hours daily,,,,,,,4.0,,EV Connect,https://www.evconnect.com,GPS,42.346257,-83.025067,2026-08-09,421670,2026-08-09 03:51:13 UTC,,,,2025-09-05,,,,,J1772COMBO,US,,,,Public,,public,,,,,,,,,,,,,,,,,,,,False,,,,,,,,,False,
ELEC,Adams Butzel Complex,10500 Lyndon St,,Detroit,MI,48238,,866-816-7584,E,,Public,24 hours daily,,,,,,,4.0,,EV Connect,https://www.evconnect.com,GPS,42.395575,-83.165572,2026-08-09,421671,2026-08-09 03:51:13 UTC,,,,2025-09-05,,,,,J1772COMBO,US,,,,Public,,public,,,,,,,,,,,,,,,,,,,,False,,,,,,,,,False,
ELEC,Clawson Shopping Center,1219 W 14 Mile Rd,,Clawson,MI,48017,,949-945-2000,E,,Public,24 hours daily,,,,,,,4.0,,EVGATEWAY,https://evgateway.com,GPS,42.53231299999999,-83.164056,2026-08-09,421804,2026-08-09 04:47:14 UTC,,,,2025-09-09,,,,,J1772COMBO TESLA,US,,,,Public,,public,,,,,,,,,,,,,,,,,,,,False,,,,,,,,,False,
ELEC,City of Swartz Creek,5301 Holland Drive,,Swartz Creek,MI,48473,,313-262-6722,E,,Public,,,,,,,4.0,,,RED_E,https://www.redecharge.com,GPS,42.9562812,-83.8319026,2026-08-09,421819,2026-08-09 05:14:01 UTC,,,,2025-09-04,,,,,J1772,US,,,,Public,,public,,,PUBLIC,,,,,,,,,,,,,,,,,False,,,,,,,,,False,
ELEC,SEELYE SEELYE FAST,3820 Stadium Drive,East side of Ford,Kalamazoo,MI,49008,,888-758-4389,E,,Public,24 hours daily,,,,,,,2.0,,ChargePoint Network,https://www.chargepoint.com,GPS,42.27188,-85.636915,2026-08-09,422068,2026-08-09 03:03:09 UTC,,,,2025-09-11,,,,,J1772COMBO,US,,,,Public,,public,,,,,,,,,,,,,,,,,,,,False,,,,,,,,,False,
ELEC,Richardson Ford,3781 S Huron Rd,,Standish,MI,48658,,888-357-1009,E,,Public,24 hours daily,A ANDROID_PAY APPLE_PAY CREDIT D Debit M V,,,,,,2.0,,FORD_CHARGE,https://www.ford.com/support/category/electric-vehicle/charging/public-charging/,GPS,43.97472,-83.95933,2026-08-09,422109,2026-08-09 05:17:54 UTC,,,,2025-08-20,,,,,J1772COMBO,US,,,,Public,,public,,,PUBLIC,,,,,,,,,,,,,,,,,False,,,,,,,,,False,
ELEC,WALLED LAKE NORTHERN,6000 Bogie Lake Road,,commerce twp,MI,48382,,888-758-4389,E,,Public,24 hours daily,,,,,,2.0,,,ChargePoint Network,https://www.chargepoint.com,GPS,42.60835,-83.498164,2026-08-09,422148,2026-08-09 03:02:20 UTC,,,,2025-09-12,,,,,J1772,US,,,,Public,,public,,,,,,,,,,,,,,,,,,,,False,,,,,,,,,False,
ELEC,WALLED LAKE OPERATIONS,46720 West Pontiac Trail,,commerce twp,MI,48390,,888-758-4389,E,,Public,24 hours daily,,,,,,2.0,,,ChargePoint Network,https://www.chargepoint.com,GPS,42.531017,-83.507561,2026-08-09,422149,2026-08-09 03:02:27 UTC,,,,2025-09-12,,,,,J1772,US,,,,Public,,public,,,,,,,,,,,,,,,,,,,,False,,,,,,,,,False,
ELEC,Van Born Liquor and Gas,25412 Van Born,,Dearborn Heights,MI,48125,,313-262-6722,E,,Public,,,,,,,,4.0,,RED_E,https://www.redecharge.com,GPS,42.26908,-83.28513,2026-08-09,422204,2026-08-09 05:13:51 UTC,,,,2025-07-29,,,,,J1772COMBO,US,,,,Public,,public,,,PUBLIC,,,,,,,,,,,,,,,,,False,,,,,,,,,False,
ELEC,Belmont Shopping Center,1900 8 Mile Rd,,Detroit,MI,48234,,313-262-6722,E,,Public,,,,,,,,4.0,,RED_E,https://www.redecharge.com,GPS,42.4456977,-83.0826416,2026-08-09,422205,2026-08-09 05:14:00 UTC,,,,2025-09-08,,,,,J1772COMBO,US,,,,Public,,public,,,PUBLIC,,,,,,,,,,,,,,,,,False,,,,,,,,,False,
ELEC,Mound Mini Mart,27885 Mound Rd,,Warren,MI,48092,,313-262-6722,E,,Public,,,,,,,,4.0,,RED_E,https://www.redecharge.com,GPS,42.49831,-83.0469,2026-08-09,422417,2026-08-09 05:13:49 UTC,,,,2025-09-16,,,,,J1772COMBO,US,,,,Public,,public,,,PUBLIC,,,,,,,,,,,,,,,,,False,,,,,,,,,False,
ELEC,Spring Hill Suites Wixom,49097 Alpha Drive,,Wixom,MI,48393,,313-262-6722,E,,Public,,,,,,,4.0,,,RED_E,https://www.redecharge.com,GPS,42.50076,-83.5355,2026-08-09,422418,2026-08-09 05:14:03 UTC,,,,2025-09-17,,,,,J1772,US,,,,Public,,public,,,PUBLIC,,,,,,,,,,,,,,,,,False,,,,,,,,,False,
ELEC,Hampton Inn Wixom,49025 Alpha Dr,,Wixom,MI,48393,,313-262-6722,E,,Public,,,,,,,4.0,,,RED_E,https://www.redecharge.com,GPS,42.5001327,-83.534505,2026-08-09,422419,2026-08-09 05:14:03 UTC,,,,2025-09-17,,,,,J1772,US,,,,Public,,public,,,PUBLIC,,,,,,,,,,,,,,,,,False,,,,,,,,,False,
ELEC,GREAT LAKES EV CHARGER 1,4999 Beck Road South,,Canton,MI,48188,,888-758-4389,E,,Public,24 hours daily,,,,,,,2.0,,ChargePoint Network,https://www.chargepoint.com,GPS,42.268664,-83.503414,2026-08-09,422459,2026-08-09 03:03:35 UTC,,,,2025-09-18,,,,,J1772COMBO TESLA,US,,,,Public,,public,,,,,,,,,,,,,,,,,,,,False,,,,,,,,,False,
ELEC,GREAT LAKES EV CHARGER 2,4999 Beck Road South,,Canton,MI,48188,,888-758-4389,E,,Public,24 hours daily,,,,,,,2.0,,ChargePoint Network,https://www.chargepoint.com,GPS,42.268599,-83.503425,2026-08-09,422520,2026-08-09 03:03:36 UTC,,,,2025-09-19,,,,,J1772COMBO,US,,,,Public,,public,,,,,,,,,,,,,,,,,,,,False,,,,,,,,,False,
ELEC,Interlochen Center for the Arts Dow House,4000 J Maddy Pkwy,,Interlochen,MI,49643,,313-262-6722,E,,Public,,,,,,,2.0,,,RED_E,https://www.redecharge.com,GPS,44.630524,-85.77184,2026-08-09,422560,2026-08-09 05:14:05 UTC,,,,2025-09-18,,,,,J1772,US,,,,Public,,public,,,PUBLIC,,,,,,,,,,,,,,,,,False,,,,,,,,,False,
ELEC,Dave Kring Chevrolet,1861 US 31 NORTH,,PETOSKEY,MI,49770,,866-816-7584,E,,Public,24 hours daily,,,,,,,1.0,,EV Connect,https://www.evconnect.com,GPS,45.398713,-84.890854,2026-08-09,422590,2026-08-09 03:48:23 UTC,,,,2025-09-20,,,,,J1772COMBO,US,,,,Public,,public,,,,,,,,,,,,,,,,,,,,False,,,,,,,,,False,
ELEC,FasCharge 5862 Admiral Marathon Grand Haven,12160 W Olive Rd,,Grand Haven,MI,49417,,313-262-6722,E,,Public,,,,,,,,4.0,,RED_E,https://www.redecharge.com,GPS,42.98867,-86.19344,2026-08-09,422597,2026-08-09 05:14:05 UTC,,,,2025-09-19,,,,,J1772COMBO,US,,,,Public,,public,,,PUBLIC,,,,,,,,,,,,,,,,,False,,,,,,,,,False,
ELEC,GREAT LAKES EV CHARGER 3,4999 Beck Road South,,Canton,MI,48188,,888-758-4389,E,,Public,24 hours daily,,,,,,,2.0,,ChargePoint Network,https://www.chargepoint.com,GPS,42.268471,-83.503515,2026-08-09,422743,2026-08-09 03:03:46 UTC,,,,2025-09-24,,,,,J1772COMBO TESLA,US,,,,Public,,public,,,,,,,,,,,,,,,,,,,,False,,,,,,,,,False,
ELEC,Inkster Food Center,789 Inkster Rd,,Inkster,MI,48141,,313-262-6722,E,,Public,,,,,,,2.0,,,RED_E,https://www.redecharge.com,GPS,42.3062,-83.30986,2026-08-09,422854,2026-08-09 05:14:05 UTC,,,,2025-09-19,,,,,J1772,US,,,,Public,,public,,,PUBLIC,,,,,,,,,,,,,,,,,False,,,,,,,,,False,
ELEC,Interlochen Center for the Arts,4000 J Maddy Pkwy,,Interlochen,MI,49643,,313-262-6722,E,,Public,,,,,,,2.0,,,RED_E,https://www.redecharge.com,GPS,44.63373,-85.77364,2026-08-09,422958,2026-08-09 05:13:54 UTC,,,,2025-09-26,,,,,J1772,US,,,,Public,,public,,,PUBLIC,,,,,,,,,,,,,,,,,False,,,,,,,,,False,
ELEC,Interlochen Center of the Arts Lot E,4000 J Maddy Pkwy,,Interlochen,MI,49643,,313-262-6722,E,,Public,,,,,,,4.0,,,RED_E,https://www.redecharge.com,GPS,44.63065,-85.76736,2026-08-09,422963,2026-08-09 05:14:06 UTC,,,,2025-09-25,,,,,J1772,US,,,,Public,,public,,,PUBLIC,,,,,,,,,,,,,,,,,False,,,,,,,,,False,
ELEC,Don V Cigar Lounge,28344 Ford Rd,,Garden City,MI,48135,,313-262-6722,E,,Public,,,,,,,2.0,,,RED_E,https://www.redecharge.com,GPS,42.32636,-83.32113,2026-08-09,422965,2026-08-09 05:14:07 UTC,,,,2025-09-25,,,,,J1772,US,,,,Public,,public,,,PUBLIC,,,,,,,,,,,,,,,,,False,,,,,,,,,False,
ELEC,FasCharge 5725 Admiral Marathon Walker,2366 Alpine Ave NW,,Walker,MI,49544,,313-262-6722,E,,Public,,,,,,,,4.0,,RED_E,https://www.redecharge.com,GPS,43.006579,-85.688225,2026-08-09,423056,2026-08-09 05:13:51 UTC,,,,2025-07-18,,,,,J1772COMBO,US,,,,Public,,public,,,PUBLIC,,,,,,,,,,,,,,,,,False,,,,,,,,,False,NEVI
ELEC,Prospect Flats,3233 Prospect St,,Hudsonville,MI,49426,,313-262-6722,E,,Public,,,,,,,1.0,,,RED_E,https://www.redecharge.com,GPS,42.8684,-85.8621,2026-08-09,423058,2026-08-09 05:14:07 UTC,,,,2025-09-26,,,,,J1772,US,,,,Public,,public,,,MULTI_UNIT_DWELLING,,,,,,,,,,,,,,,,,False,,,,,,,,,False,
ELEC,FasCharge 8239 Speedy Q New Baltimore,37750 26 Mile Rd,,New Baltimore,MI,48047,,313-262-6722,E,,Public,,,,,,,,4.0,,RED_E,https://www.redecharge.com,GPS,42.720688782095,-82.732132455905,2026-08-09,423066,2026-08-09 05:14:07 UTC,,,,2025-09-27,,,,,J1772COMBO,US,,,,Public,,public,,,PUBLIC,,,,,,,,,,,,,,,,,False,,,,,,,,,False,
ELEC,Robertson Homes - Avery,5171 Avery Street,,Detroit,MI,48208,,866-816-7584,E,,Public,24 hours daily,,,,,,2.0,,,EV Connect,https://www.evconnect.com,GPS,42.353115,-83.082558,2026-08-09,428724,2026-08-09 03:50:42 UTC,,,,2025-10-04,,,,,J1772,US,,,,Public,,public,,,,,,,,,,,,,,,,,,,,False,,,,,,,,,False,
ELEC,MECTROY MECTROY-1,811 West Square Lake Road,MEC Troy Lot,Troy,MI,48098,,888-758-4389,E,,Public,24 hours daily,,,,,,2.0,,,ChargePoint Network,https://www.chargepoint.com,GPS,42.604415,-83.165507,2026-08-09,429661,2026-08-09 03:04:34 UTC,,,,2025-10-10,,,,,J1772,US,,,,Public,,public,,,,,,,,,,,,,,,,,,,,False,,,,,,,,,False,
ELEC,MECTROY MECTROY-2,811 West Square Lake Road,MEC Troy Lot,Troy,MI,48098,,888-758-4389,E,,Public,24 hours daily,,,,,,2.0,,,ChargePoint Network,https://www.chargepoint.com,GPS,42.604381,-83.165477,2026-08-09,429662,2026-08-09 03:04:35 UTC,,,,2025-10-10,,,,,J1772,US,,,,Public,,public,,,,,,,,,,,,,,,,,,,,False,,,,,,,,,False,
ELEC,L401 L3-EVPARKMB-2,4550 Jackson Rd,,Ann Arbor,MI,48103,,888-758-4389,E,,Public,24 hours daily,,,,,,,2.0,,ChargePoint Network,https://www.chargepoint.com,GPS,42.286588,-83.820078,2026-08-09,429669,2026-08-09 03:04:38 UTC,,,,2025-10-10,,,,,J1772COMBO,US,,,,Public,,public,,,,,,,,,,,,,,,,,,,,False,,,,,,,,,False,
ELEC,L401 L3-EVPARKMB-1,4550 Jackson Rd,,Ann Arbor,MI,48103,,888-758-4389,E,,Public,24 hours daily,,,,,,,2.0,,ChargePoint Network,https://www.chargepoint.com,GPS,42.286564,-83.820142,2026-08-09,429671,2026-08-09 03:04:39 UTC,,,,2025-10-10,,,,,J1772COMBO,US,,,,Public,,public,,,,,,,,,,,,,,,,,,,,False,,,,,,,,,False,
ELEC,2980 Cook Rd,2980 Cook Rd,,West Branch,MI,48661,,855-900-7584,E,,Public,24 hours daily,,,,,,,4.0,,SHELL_RECHARGE,https://www.shell.us/motorist/electric-vehicle-charging.html,GPS,44.24907,-84.226608,2026-08-09,429694,2026-08-09 03:34:13 UTC,,,,2025-10-10,,,,,J1772COMBO,US,,,,Public,,public,,,,,,,,,,,,,,,,,,,,False,,,,,,,,,False,
ELEC,Shell Novi,47300 Citygate,,Novi,MI,48374,,313-262-6722,E,,Public,,,,,,,,2.0,,RED_E,https://www.redecharge.com,GPS,42.49124562382,-83.5143867284,2026-08-09,429731,2026-08-09 05:14:04 UTC,,,,2025-09-17,,,,,J1772COMBO TESLA,US,,,,Public,,public,,,PUBLIC,,,,,,,,,,,,,,,,,False,,,,,,,,,False,
ELEC,Shell Howell,3990 Grand Oaks Dr,,Howell,MI,48843,,313-262-6722,E,,Public,,,,,,,,2.0,,RED_E,https://www.redecharge.com,GPS,42.58132,-83.87544,2026-08-09,429732,2026-08-09 05:14:05 UTC,,,,2025-09-17,,,,,J1772COMBO TESLA,US,,,,Public,,public,,,PUBLIC,,,,,,,,,,,,,,,,,False,,,,,,,,,False,
ELEC,FasCharge 4662 BP Express Stop Jackson,2500 Airport Rd,,Jackson,MI,49202,,313-262-6722,E,,Public,,,,,,,,4.0,,RED_E,https://www.redecharge.com,GPS,42.2678740722,-84.4534614541,2026-08-09,429734,2026-08-09 05:14:07 UTC,,,,2025-09-26,,,,,J1772COMBO,US,,,,Public,,public,,,PUBLIC,,,,,,,,,,,,,,,,,False,,,,,,,,,False,NEVI
ELEC,MAIN CAMPUS DAYCARE 2,3845 88th Avenue,,Zeeland,MI,49464,,888-758-4389,E,,Public,24 hours daily,,,,,,2.0,,,ChargePoint Network,https://www.chargepoint.com,GPS,42.838499,-86.003353,2026-08-09,429756,2026-08-09 03:03:08 UTC,,,,2025-10-11,,,,,J1772,US,,,,Public,,public,,,,,,,,,,,,,,,,,,,,False,,,,,,,,,False,
ELEC,MAIN CAMPUS DAYCARE 1,3845 88th Avenue,,Zeeland,MI,49464,,888-758-4389,E,,Public,24 hours daily,,,,,,2.0,,,ChargePoint Network,https://www.chargepoint.com,GPS,42.838578,-86.003329,2026-08-09,429757,2026-08-09 03:03:08 UTC,,,,2025-10-11,,,,,J1772,US,,,,Public,,public,,,,,,,,,,,,,,,,,,,,False,,,,,,,,,False,
ELEC,EMPLOYEE LOT 01 STATION 1,1445 Fuller Avenue Southeast,,Grand Rapids,MI,49507,,888-758-4389,E,,Public,24 hours daily,,,,,,2.0,,,ChargePoint Network,https://www.chargepoint.com,GPS,42.93639,-85.638756,2026-08-09,429762,2026-08-09 03:04:43 UTC,,,,2025-10-11,,,,,J1772,US,,,,Public,,public,,,,,,,,,,,,,,,,,,,,False,,,,,,,,,False,
ELEC,WASHCOMMCOLLEGE LOT 1-ST 1,4800 E Huron River Drive,,Ann Arbor,MI,48105,,888-758-4389,E,,Public,24 hours daily,,,,,,2.0,,,ChargePoint Network,https://www.chargepoint.com,GPS,42.261944,-83.661159,2026-08-09,429815,2026-08-09 03:04:22 UTC,,,,2025-10-14,,,,,J1772,US,,,,Public,,public,,,,,,,,,,,,,,,,,,,,False,,,,,,,,,False,
ELEC,WASHCOMMCOLLEGE LOT 6 ST 1,4800 East Huron River Drive,,Ann Arbor,MI,48105,,888-758-4389,E,,Public,24 hours daily,,,,,,2.0,,,ChargePoint Network,https://www.chargepoint.com,GPS,42.262317,-83.668238,2026-08-09,429816,2026-08-09 03:04:23 UTC,,,,2025-10-14,,,,,J1772,US,,,,Public,,public,,,,,,,,,,,,,,,,,,,,False,,,,,,,,,False,
ELEC,WASHCOMMCOLLEGE LOT 6 ST 2,4800 East Huron River Drive,,Ann Arbor,MI,48105,,888-758-4389,E,,Public,24 hours daily,,,,,,2.0,,,ChargePoint Network,https://www.chargepoint.com,GPS,42.262331,-83.668207,2026-08-09,429817,2026-08-09 03:04:23 UTC,,,,2025-10-14,,,,,J1772,US,,,,Public,,public,,,,,,,,,,,,,,,,,,,,False,,,,,,,,,False,
ELEC,WASHCOMMCOLLEGE LOT 7 ST 1,4800 East Huron River Drive,,Ann Arbor,MI,48105,,888-758-4389,E,,Public,24 hours daily,,,,,,2.0,,,ChargePoint Network,https://www.chargepoint.com,GPS,42.261895,-83.668197,2026-08-09,429818,2026-08-09 03:04:23 UTC,,,,2025-10-14,,,,,J1772,US,,,,Public,,public,,,,,,,,,,,,,,,,,,,,False,,,,,,,,,False,
ELEC,WASHCOMMCOLLEGE LOT 7 ST 2,4800 East Huron River Drive,,Ann Arbor,MI,48105,,888-758-4389,E,,Public,24 hours daily,,,,,,2.0,,,ChargePoint Network,https://www.chargepoint.com,GPS,42.261811,-83.668244,2026-08-09,429819,2026-08-09 03:04:23 UTC,,,,2025-10-14,,,,,J1772,US,,,,Public,,public,,,,,,,,,,,,,,,,,,,,False,,,,,,,,,False,
ELEC,Hickory Way Apartments - Forth - Public,1120 S Maple Rd,,Ann Arbor,MI,48103,,855-885-9571,E,,Public,24 hours daily,,,,,,1.0,,,OpConnect,https://opconnect-ev.com,GPS,42.2683764,-83.7806078,2026-08-09,429828,2026-08-09 03:44:25 UTC,,,,2025-10-14,,,,,J1772,US,,,,Public,,public,,,,,,,,,,,,,,,,,,,,False,,,,,,,,,False,
ELEC,Sharpe Land Rover,1030 28th St SE,,Grand Rapids,MI,49508,,313-262-6722,E,,Public,,,,,,,2.0,,,RED_E,https://www.redecharge.com,GPS,42.91237,-85.63921,2026-08-09,429831,2026-08-09 05:14:10 UTC,,,,2025-10-13,,,,,J1772,US,,,,Public,,public,,,PUBLIC,,,,,,,,,,,,,,,,,False,,,,,,,,,False,
ELEC,Dorrance Ford,10350 Miller Drive,,Galesburg,MI,49053,,888-998-2546,E,,Public,24 hours daily,,,,,,2.0,,,Blink Network,https://blinkcharging.com,GPS,42.27542124094885,-85.42599058967915,2026-08-10,429860,2026-08-10 00:27:29 UTC,,,,2025-10-14,,,,,J1772,US,,,,Public,,public,,,,,,,,,,,,,,,,,,,,False,,,,,,,,,False,
ELEC,City of Fremont,20 N Division Ave,,Fremont,MI,49412,,313-262-6722,E,,Public,,,,,,,4.0,,,RED_E,https://www.redecharge.com,GPS,43.467667,-85.944306,2026-08-09,429913,2026-08-09 05:14:10 UTC,,,,2025-10-14,,,,,J1772,US,,,,Public,,public,,,PUBLIC,,,,,,,,,,,,,,,,,False,,,,,,,,,False,
ELEC,Ford Vehicle Performance and Electrification Center - Inside Garage,8500 Enterprise Dr,,Allen Park,MI,48101,,888-357-1009,E,,Public,24 hours daily,A ANDROID_PAY APPLE_PAY CREDIT D Debit M V,,,,,,4.0,,FORD_CHARGE,https://www.ford.com/support/category/electric-vehicle/charging/public-charging/,GPS,42.26342,-83.211764,2026-08-09,429914,2026-08-09 05:17:55 UTC,,,,2025-10-14,,,,,J1772COMBO TESLA,US,,,,Public,,public,,,PUBLIC,,,,,,,,,,,,,,,,,False,,,,,,,,,False,
ELEC,ENTERPRISE ENTERPRISE 20B1,32805 Northwestern Highway,,Farmington Hills,MI,48334,,888-758-4389,E,,Public,24 hours daily,,,,,,1.0,,,ChargePoint Network,https://www.chargepoint.com,GPS,42.526372,-83.355413,2026-08-09,429961,2026-08-09 03:03:23 UTC,,,,2025-10-16,,,,,J1772,US,,,,Public,,public,,,,,,,,,,,,,,,,,,,,False,,,,,,,,,False,
ELEC,East Tawas State Park,113 Newman St,,East Tawas,MI,48730,,866-576-1495,E,,Public,24 hours daily,A ACCOUNT_BALANCE D M V,,,,,2.0,,,RIVIAN_WAYPOINTS,https://rivian.com/experience/charging,GPS,44.27939,-83.49013,2026-08-09,429994,2026-08-09 03:53:58 UTC,,,,2025-10-16,,,,,J1772,US,,,,Public,,public,,,PUBLIC,,,,,,,,,,,,,,,,,False,,,,,,,,,False,
ELEC,Tawas Point State Park,686 Tawas Beach Rd.,,East Tawas,MI,48730,,866-576-1495,E,,Public,24 hours daily,A ACCOUNT_BALANCE D M V,,,,,2.0,,,RIVIAN_WAYPOINTS,https://rivian.com/experience/charging,GPS,44.26053,-83.44144,2026-08-09,429996,2026-08-09 03:54:17 UTC,,,,2025-10-15,,,,,J1772,US,,,,Public,,public,,,PUBLIC,,,,,,,,,,,,,,,,,False,,,,,,,,,False,
ELEC,Otsego Lake State Park,7136 Old Hwy 27 S,,Gaylord,MI,49735,,866-576-1495,E,,Public,24 hours daily,A ACCOUNT_BALANCE D M V,,,,,2.0,,,RIVIAN_WAYPOINTS,https://rivian.com/experience/charging,GPS,44.92877,-84.68951,2026-08-09,430046,2026-08-09 03:53:52 UTC,,,,2025-10-16,,,,,J1772,US,,,,Public,,public,,,PUBLIC,,,,,,,,,,,,,,,,,False,,,,,,,,,False,
ELEC,South Higgins Lake State Park,106 State Park Dr.,,Roscommon,MI,48653,,866-576-1495,E,,Public,24 hours daily,A ACCOUNT_BALANCE D M V,,,,,2.0,,,RIVIAN_WAYPOINTS,https://rivian.com/experience/charging,GPS,44.42719,-84.67905,2026-08-09,430047,2026-08-09 03:54:28 UTC,,,,2025-10-17,,,,,J1772,US,,,,Public,,public,,,PUBLIC,,,,,,,,,,,,,,,,,False,,,,,,,,,False,
ELEC,Milford Liquor and Gas,1575 S Milford Rd,,Highland,MI,48357,,313-262-6722,E,,Public,,,,,,,,4.0,,RED_E,https://www.redecharge.com,GPS,42.62524,-83.61602,2026-08-09,434010,2026-08-09 05:14:11 UTC,,,,2025-10-17,,,,,J1772COMBO,US,,,,Public,,public,,,PUBLIC,,,,,,,,,,,,,,,,,False,,,,,,,,,False,
ELEC,ARNOLD ARNOLD IICC 2,35900 Mound Road,Left unit,Sterling Heights,MI,48310,,888-758-4389,E,,Public,24 hours daily,,,,,,1.0,,,ChargePoint Network,https://www.chargepoint.com,GPS,42.557532,-83.045215,2026-08-09,434166,2026-08-09 03:05:09 UTC,,,,2025-10-23,,,,,J1772,US,,,,Public,,public,,,,,,,,,,,,,,,,,,,,False,,,,,,,,,False,
ELEC,ARNOLD ARNOLD 1ICC 1,35900 Mound Road,Right unit,Sterling Heights,MI,48310,,888-758-4389,E,,Public,24 hours daily,,,,,,1.0,,,ChargePoint Network,https://www.chargepoint.com,GPS,42.557565,-83.045199,2026-08-09,434167,2026-08-09 03:05:09 UTC,,,,2025-10-23,,,,,J1772,US,,,,Public,,public,,,,,,,,,,,,,,,,,,,,False,,,,,,,,,False,
ELEC,UVS BH-CS-000024-C1,5225 Crooks Rd,,Troy,MI,48098,,888-758-4389,E,,Public,24 hours daily,,,,,,1.0,,,ChargePoint Network,https://www.chargepoint.com,GPS,42.594184,-83.168373,2026-08-09,434797,2026-08-09 02:25:57 UTC,,,,2025-10-25,,,,,J1772,US,,,,Public,,public,,,,,,,,,,,,,,,,,,,,False,,,,,,,,,False,
ELEC,UVS BH-CS-000024-C2,5225 Crooks Rd,,Troy,MI,48098,,888-758-4389,E,,Public,24 hours daily,,,,,,1.0,,,ChargePoint Network,https://www.chargepoint.com,GPS,42.594136,-83.168362,2026-08-09,434798,2026-08-09 02:25:57 UTC,,,,2025-10-25,,,,,J1772,US,,,,Public,,public,,,,,,,,,,,,,,,,,,,,False,,,,,,,,,False,
ELEC,UVS BH-CS-000025-C1,901 Tower Dr,,Troy,MI,48098,,888-758-4389,E,,Public,24 hours daily,,,,,,1.0,,,ChargePoint Network,https://www.chargepoint.com,GPS,42.59433,-83.168373,2026-08-09,434799,2026-08-09 02:25:59 UTC,,,,2025-10-25,,,,,J1772,US,,,,Public,,public,,,,,,,,,,,,,,,,,,,,False,,,,,,,,,False,
ELEC,TCWS HQ STATION 1,648 S Point Ridge,,Holland,MI,49423,,888-758-4389,E,,Public,24 hours daily,,,,,,2.0,,,ChargePoint Network,https://www.chargepoint.com,GPS,42.752353,-86.077758,2026-08-09,434820,2026-08-09 03:04:33 UTC,,,,2025-10-25,,,,,J1772 TESLA,US,,,,Public,,public,,,,,,,,,,,,,,,,,,,,False,,,,,,,,,False,
ELEC,Cherry Republic Glen Arbor,5919 Manitou Vw,,Glen Arbor,MI,49636,,313-262-6722,E,,Public,,,,,,,,4.0,,RED_E,https://www.redecharge.com,GPS,44.896955581444,-85.990281365908,2026-08-09,434854,2026-08-09 05:14:12 UTC,,,,2025-10-25,,,,,J1772COMBO,US,,,,Public,,public,,,PUBLIC,,,,,,,,,,,,,,,,,False,,,,,,,,,False,
ELEC,Fox Ford Traverse City,3464 North U.S. 31 South,,Traverse City,MI,49684,,888-998-2546,E,,Public,24 hours daily,,,,,,4.0,,,Blink Network,https://blinkcharging.com,GPS,44.735506,-85.644197,2026-08-10,434904,2026-08-10 00:44:05 UTC,,,,2025-10-27,,,,,J1772,US,,,,Public,,public,,,,,,,,,,,,,,,,,,,,False,,,,,,,,,False,
ELEC,Fox Ford Traverse City - DCFC,3464 North U.S. 31 South,,Traverse City,MI,49684,,888-998-2546,E,,Public,24 hours daily,,,,,,,8.0,,Blink Network,https://blinkcharging.com,GPS,44.735506,-85.644197,2026-08-10,434907,2026-08-10 00:55:13 UTC,,,,2025-10-27,,,,,J1772COMBO,US,,,,Public,,public,,,,,,,,,,,,,,,,,,,,False,,,,,,,,,False,
ELEC,WASHCOMMCOLLEGE LOT 1 ST2,4800 E Huron River Drive,,Ann Arbor,MI,48105,,888-758-4389,E,,Public,24 hours daily,,,,,,2.0,,,ChargePoint Network,https://www.chargepoint.com,GPS,42.261859,-83.661288,2026-08-09,434962,2026-08-09 03:04:49 UTC,,,,2025-10-29,,,,,J1772,US,,,,Public,,public,,,,,,,,,,,,,,,,,,,,False,,,,,,,,,False,
ELEC,CAFE JERICO,1415 Fulford St,,Kalamazoo,MI,49001,,888-758-4389,E,,Public,24 hours daily,,,,,,2.0,,,ChargePoint Network,https://www.chargepoint.com,GPS,42.276902,-85.557717,2026-08-09,434967,2026-08-09 03:05:13 UTC,,,,2025-10-29,,,,,J1772,US,,,,Public,,public,,,,,,,,,,,,,,,,,,,,False,,,,,,,,,False,
ELEC,MARINAGRAND MARINA GRAND 2,600 W Water St,,New Buffalo,MI,49117,,888-758-4389,E,,Public,24 hours daily,,,,,,2.0,,,ChargePoint Network,https://www.chargepoint.com,GPS,41.794912,-86.753775,2026-08-09,437986,2026-08-09 03:05:24 UTC,,,,2025-10-31,,,,,J1772,US,,,,Public,,public,,,,,,,,,,,,,,,,,,,,False,,,,,,,,,False,
ELEC,OPmobility,4685 Investment Drive,,Troy,MI,48098,,313-262-6722,E,,Public,,,,,,,4.0,,,RED_E,https://www.redecharge.com,GPS,42.587272,-83.172164,2026-08-09,439498,2026-08-09 05:14:11 UTC,,,,2025-10-22,,,,,J1772,US,,,,Public,,public,,,WORKPLACE,,,,,,,,,,,,,,,,,False,,,,,,,,,False,
ELEC,Livernois EV Lot,19384 Livernois Ave,,Detroit,MI,48221,,313-262-6722,E,,Public,,,,,,,,2.0,,RED_E,https://www.redecharge.com,GPS,42.43496,-83.14137,2026-08-09,439500,2026-08-09 05:14:14 UTC,,,,2025-10-31,,,,,J1772COMBO,US,,,,Public,,public,,,PUBLIC,,,,,,,,,,,,,,,,,False,,,,,,,,,False,
ELEC,DAIRY FACILITY DAIRY STATION1,3965 College Rd,Parking lot,Lansing,MI,48910,,888-758-4389,E,,Public,24 hours daily,,,,,,2.0,,,ChargePoint Network,https://www.chargepoint.com,GPS,42.696028,-84.484665,2026-08-09,439685,2026-08-09 03:01:06 UTC,,,,2025-11-05,,,,,J1772,US,,,,Public,,public,,,,,,,,,,,,,,,,,,,,False,,,,,,,,,False,
ELEC,DAIRY FACILITY DAIRY STATION2,3965 College Rd,,Lansing,MI,48910,,888-758-4389,E,,Public,24 hours daily,,,,,,2.0,,,ChargePoint Network,https://www.chargepoint.com,GPS,42.696044,-84.484633,2026-08-09,439686,2026-08-09 03:01:07 UTC,,,,2025-11-05,,,,,J1772,US,,,,Public,,public,,,,,,,,,,,,,,,,,,,,False,,,,,,,,,False,
ELEC,DAIRY FACILITY DAIRY STATION3,3965 College Rd,Parking lot,Lansing,MI,48910,,888-758-4389,E,,Public,24 hours daily,,,,,,1.0,,,ChargePoint Network,https://www.chargepoint.com,GPS,42.696012,-84.484612,2026-08-09,439687,2026-08-09 03:01:07 UTC,,,,2025-11-05,,,,,J1772,US,,,,Public,,public,,,,,,,,,,,,,,,,,,,,False,,,,,,,,,False,
ELEC,CONSUMERSENERGY HOW-EVSE-1,1000 Grand Oaks Drive,South Gated Lot,Howell,MI,48843,,888-758-4389,E,,Public,24 hours daily,,,,,,1.0,,,ChargePoint Network,https://www.chargepoint.com,GPS,42.586239,-83.886476,2026-08-09,439725,2026-08-09 03:05:28 UTC,,,,2025-11-05,,,,,J1772,US,,,,Public,,public,,,,,,,,,,,,,,,,,,,,False,,,,,,,,,False,
ELEC,BEDROCK BEDROCK MIL 5-1,333 E Jefferson Ave,,Detroit,MI,48226,,888-758-4389,E,,Public,24 hours daily,,,,,,2.0,,,ChargePoint Network,https://www.chargepoint.com,GPS,42.330339,-83.041517,2026-08-09,439726,2026-08-09 03:05:28 UTC,,,,2025-11-05,,,,,J1772,US,,,,Public,,public,,,,,,,,,,,,,,,,,,,,False,,,,,,,,,False,
ELEC,BEDROCK BEDROCK MIL 5-2,333 E Jefferson Ave,,Detroit,MI,48226,,888-758-4389,E,,Public,24 hours daily,,,,,,2.0,,,ChargePoint Network,https://www.chargepoint.com,GPS,42.330327,-83.0416,2026-08-09,439727,2026-08-09 03:05:28 UTC,,,,2025-11-05,,,,,J1772,US,,,,Public,,public,,,,,,,,,,,,,,,,,,,,False,,,,,,,,,False,
ELEC,CONSUMERSENERGY HOW-EVSE-2,1000 Grand Oaks Dr,South Gated Lot,Howell,MI,48843,,888-758-4389,E,,Public,24 hours daily,,,,,,1.0,,,ChargePoint Network,https://www.chargepoint.com,GPS,42.586384,-83.886647,2026-08-09,439728,2026-08-09 03:05:30 UTC,,,,2025-11-05,,,,,J1772,US,,,,Public,,public,,,,,,,,,,,,,,,,,,,,False,,,,,,,,,False,
ELEC,Wesco Grand Haven,16770 Ferris St,,Grand Haven,MI,49417,,313-262-6722,E,,Public,,,,,,,,2.0,,RED_E,https://www.redecharge.com,GPS,43.008295316111,-86.204007060027,2026-08-09,439748,2026-08-09 05:14:13 UTC,,,,2025-10-28,,,,,J1772COMBO,US,,,,Public,,public,,,PUBLIC,,,,,,,,,,,,,,,,,False,,,,,,,,,False,
ELEC,North Higgins Lake State Park,11511 W Higgins Lake Dr,,Roscommon,MI,48653,,866-576-1495,E,,Public,24 hours daily,A ACCOUNT_BALANCE D M V,,,,,2.0,,,RIVIAN_WAYPOINTS,https://rivian.com/experience/charging,GPS,44.51376,-84.75889,2026-08-09,439828,2026-08-09 03:54:10 UTC,,,,2025-11-06,,,,,J1772,US,,,,Public,,public,,,PUBLIC,,,,,,,,,,,,,,,,,False,,,,,,,,,False,
ELEC,Hartwick Pines State Park,4216 Ranger Rd,,Grayling,MI,49738,,866-576-1495,E,,Public,24 hours daily,A ACCOUNT_BALANCE D M V,,,,,2.0,,,RIVIAN_WAYPOINTS,https://rivian.com/experience/charging,GPS,44.7404,-84.66423,2026-08-09,439830,2026-08-09 03:54:37 UTC,,,,2025-11-06,,,,,J1772,US,,,,Public,,public,,,PUBLIC,,,,,,,,,,,,,,,,,False,,,,,,,,,False,
ELEC,Detroit Arsenal,6501 E 11 Mile Rd,,Warren,MI,48091,,,E,,Private - Government only,,,,,,,6.0,,,Non-Networked,,GPS,42.492383,-83.038082,2025-12-12,439987,2026-02-02 23:16:24 UTC,FG,6.0,Department of Army,2025-08-05,,,,,NEMA1450,US,,,,Privé - Réservé au gouvernement,,private,GOVERNMENT,DA,FED_GOV,,,,,,,,,,,,,,,,,,,,,,,,,LD,True,
ELEC,WINDEMULLER WAYLAND #2,1176 Electric Ave,,Wayland,MI,49348,,888-758-4389,E,,Public,24 hours daily,,,,,,,1.0,,ChargePoint Network,https://www.chargepoint.com,GPS,42.76622,-85.661067,2026-08-09,440774,2026-08-09 02:41:24 UTC,,,,2025-11-08,,,,,CHADEMO J1772COMBO,US,,,,Public,,public,,,,,,,,,,,,,,,,,,,,False,,,,,,,,,False,
ELEC,WINDEMULLER WAYLAND #1,1176 Electric Ave,,Wayland,MI,49348,,888-758-4389,E,,Public,24 hours daily,,,,,,,1.0,,ChargePoint Network,https://www.chargepoint.com,GPS,42.766055,-85.661046,2026-08-09,440775,2026-08-09 02:41:24 UTC,,,,2025-11-08,,,,,CHADEMO J1772COMBO,US,,,,Public,,public,,,,,,,,,,,,,,,,,,,,False,,,,,,,,,False,
ELEC,WINDEMULLER EV1,3405 Centennial Drive,,Midland,MI,48642,,888-758-4389,E,,Public,24 hours daily,,,,,,,1.0,,ChargePoint Network,https://www.chargepoint.com,GPS,43.600462,-84.185213,2026-08-09,440776,2026-08-09 02:46:24 UTC,,,,2025-11-08,,,,,CHADEMO J1772COMBO,US,,,,Public,,public,,,,,,,,,,,,,,,,,,,,False,,,,,,,,,False,
ELEC,WINDEMULLER EV2,1301 Business Park Dr,Just outside the main buidling,Traverse City,MI,49686,,888-758-4389,E,,Public,24 hours daily,,,,,,,1.0,,ChargePoint Network,https://www.chargepoint.com,GPS,44.739482,-85.549093,2026-08-09,440777,2026-08-09 02:48:26 UTC,,,,2025-11-08,,,,,CHADEMO J1772COMBO,US,,,,Public,,public,,,,,,,,,,,,,,,,,,,,False,,,,,,,,,False,
ELEC,Keweenaw Co+op Market & Deli,610 Quincy Street,,Hancock,MI,49930,,888-356-8911,E,,Public,24 hours daily,,,,,,,2.0,,FLO,https://www.flo.com,GPS,47.1261466,-88.5904812,2026-08-09,440804,2026-08-09 04:08:54 UTC,,,,2025-11-08,,,,,J1772COMBO,US,,,,Public,,public,,,,,,,,,,,,,,,,,,,,False,,,,,,,,,False,
ELEC,Chillbox 9031  I696 and Dequindre Rd,25700 Dequindre Rd,,Warren,MI,48091,,313-262-6722,E,,Public,,,,,,,,4.0,,RED_E,https://www.redecharge.com,GPS,42.48196,-83.08409,2026-08-09,440814,2026-08-09 05:14:15 UTC,,,,2025-11-04,,,,,J1772COMBO,US,,,,Public,,public,,,PUBLIC,,,,,,,,,,,,,,,,,False,,,,,,,,,False,
ELEC,Saline Courthouse,1000 Maple Rd,,Saline,MI,48176,,313-262-6722,E,,Public,,,,,,,6.0,,,RED_E,https://www.redecharge.com,GPS,42.18078,-83.77336,2026-08-09,440834,2026-08-09 05:14:14 UTC,,,,2025-11-10,,,,,J1772,US,,,,Public,,public,,,PUBLIC,,,,,,,,,,,,,,,,,False,,,,,,,,,False,
ELEC,Staybridge Suites Novi,27000 Providence Parkway,,Novi,MI,48374,,313-262-6722,E,,Public,,,,,,,4.0,,,RED_E,https://www.redecharge.com,GPS,42.488974583829,-83.524262963912,2026-08-09,440974,2026-08-09 05:14:17 UTC,,,,2025-11-11,,,,,J1772,US,,,,Public,,public,,,PUBLIC,,,,,,,,,,,,,,,,,False,,,,,,,,,False,
ELEC,Lafontaine Ford St. Clair,1200 S Carney Dr,,Saint Clair,MI,48079,,888-357-1009,E,,Public,24 hours daily,,,,,,,4.0,,FORD_CHARGE,https://www.ford.com/support/category/electric-vehicle/charging/public-charging/,GPS,42.817554,-82.504024,2026-08-09,441030,2026-08-09 05:17:57 UTC,,,,2025-11-07,,,,,J1772COMBO,US,,,,Public,,public,,,PUBLIC,,,,,,,,,,,,,,,,,False,,,,,,,,,False,
ELEC,MWRO: SLBE-- DHDCG ENTRANCE STATION,8010 N M-109,,Empire,MI,49630,,,E,,Private - Government only,,,,,,,1.0,,,Non-Networked,,GPS,44.8841,-86.0364,2025-12-12,442978,2026-02-02 23:16:24 UTC,FG,16.0,Department of the Interior,2025-08-05,,,,,NEMA1450,US,,,,Privé - Réservé au gouvernement,,private,GOVERNMENT,DOI,FED_GOV,,,,,,,,,,,,,,,,,,,,,,,,,LD,True,
ELEC,MWRO: SLBE-- EMPIRE MAINTENANCE AREA 2,McClary Rd,,Empire,MI,49630,,,E,,Private - Government only,,,,,,,1.0,,,Non-Networked,,GPS,44.8032,-86.0283,2025-12-12,442992,2026-02-02 23:16:24 UTC,FG,16.0,Department of the Interior,2025-08-05,,,,,NEMA1450,US,,,,Privé - Réservé au gouvernement,,private,GOVERNMENT,DOI,FED_GOV,,,,,,,,,,,,,,,,,,,,,,,,,LD,True,
ELEC,Flint Genesee JCC,2400 N Saginaw St,,Flint,MI,48502,,,E,,Private - Government only,,,,,,4.0,,,,Non-Networked,,GPS,43.038183,-83.693716,2025-12-12,443231,2026-02-02 23:16:24 UTC,FG,13.0,Department of Labor,2025-08-05,,,,,NEMA520,US,,,,Privé - Réservé au gouvernement,,private,GOVERNMENT,DOL,FED_GOV,,,,,,,,,,,,,,,,,,,,,,,,,LD,True,
ELEC,FS - Huron-Manistee National Forest,1755 S Mitchell,,Cadillac,MI,49601,,,E,,Private - Government only,,,,,,,1.0,,,Non-Networked,,GPS,44.232574,-85.395301,2025-12-12,445364,2026-02-02 23:16:24 UTC,FG,4.0,U.S. Department of Agriculture,2025-08-05,,,,,NEMA1450,US,,,,Privé - Réservé au gouvernement,,private,GOVERNMENT,USDA,FED_GOV,,,,,,,,,,,,,,,,,,,,,,,,,LD,True,
ELEC,JACKSON MI SDC,Carmen Dr,,Jackson,MI,49202,,,E,,Private - Government only,,,,,,,102.0,,,Non-Networked,,GPS,42.271638,-84.388675,2025-12-12,445407,2026-02-02 23:16:24 UTC,FG,25.0,U.S. Postal Service,2025-08-05,,,,,NEMA1450,US,,,,Privé - Réservé au gouvernement,,private,GOVERNMENT,USPS,FED_GOV,,,,,,,,,,,,,,,,,,,,,,,,,LD,True,
ELEC,KALAMAZOO MI SDC,Valley Industrial Dr,,Kalamazoo,MI,49009,,,E,,Private - Government only,,,,,,,100.0,,,Non-Networked,,GPS,42.254236,-85.675111,2025-12-12,445408,2026-02-02 23:16:24 UTC,FG,25.0,U.S. Postal Service,2025-08-05,,,,,NEMA1450,US,,,,Privé - Réservé au gouvernement,,private,GOVERNMENT,USPS,FED_GOV,,,,,,,,,,,,,,,,,,,,,,,,,LD,True,
ELEC,VISN 10/Ann Arbor VAMC (506)_Grid,2215 Fuller Rd,,Ann Arbor,MI,48105,,,E,,Private - Government only,,,,,,,3.0,,,Non-Networked,,GPS,42.28591,-83.7137,2025-12-12,445424,2026-02-02 23:16:24 UTC,FG,19.0,Department of Veterans Affairs,2025-08-05,,,,,NEMA1450,US,,,,Privé - Réservé au gouvernement,,private,GOVERNMENT,VA,FED_GOV,,,,,,,,,,,,,,,,,,,,,,,,,LD,True,
ELEC,TXMI425 TXMI425,1350 S Point Pl,,Holland,MI,49423,,888-758-4389,E,,Public,24 hours daily,,,,,,,1.0,,ChargePoint Network,https://www.chargepoint.com,GPS,42.750472,-86.077913,2026-08-09,445686,2026-08-09 03:05:47 UTC,,,,2025-11-14,,,,,J1772COMBO TESLA,US,,,,Public,,public,,,,,,,,,,,,,,,,,,,,False,,,,,,,,,False,
ELEC,TXMI425 TXMI425-2,1350 S Point Pl,,Holland,MI,49423,,888-758-4389,E,,Public,24 hours daily,,,,,,,1.0,,ChargePoint Network,https://www.chargepoint.com,GPS,42.750428,-86.077897,2026-08-09,445687,2026-08-09 03:05:48 UTC,,,,2025-11-14,,,,,J1772COMBO TESLA,US,,,,Public,,public,,,,,,,,,,,,,,,,,,,,False,,,,,,,,,False,
ELEC,BEDROCK BEDROCK MIL 3-1,460 Randolph Street,GARAGE LEVEL 3,Detroit,MI,48226,,888-758-4389,E,,Public,24 hours daily,,,,,,2.0,,,ChargePoint Network,https://www.chargepoint.com,GPS,42.331156,-83.042223,2026-08-09,445691,2026-08-09 03:05:54 UTC,,,,2025-11-14,,,,,J1772,US,,,,Public,,public,,,,,,,,,,,,,,,,,,,,False,,,,,,,,,False,
ELEC,BEDROCK BEDROCK MIL 3-2,460 Randolph Street,Garage Level 3,Detroit,MI,48226,,888-758-4389,E,,Public,24 hours daily,,,,,,2.0,,,ChargePoint Network,https://www.chargepoint.com,GPS,42.331156,-83.04218,2026-08-09,445692,2026-08-09 03:05:54 UTC,,,,2025-11-14,,,,,J1772,US,,,,Public,,public,,,,,,,,,,,,,,,,,,,,False,,,,,,,,,False,
ELEC,BEDROCK BEDROCK MIL 3-3,460 Randolph Street,GARAGE LEVEL 3,Detroit,MI,48226,,888-758-4389,E,,Public,24 hours daily,,,,,,2.0,,,ChargePoint Network,https://www.chargepoint.com,GPS,42.33114,-83.04218,2026-08-09,445693,2026-08-09 03:05:54 UTC,,,,2025-11-14,,,,,J1772,US,,,,Public,,public,,,,,,,,,,,,,,,,,,,,False,,,,,,,,,False,
ELEC,BEDROCK BEDROCK MIL 3-4,460 Randolph Street,Garage Level 3,Detroit,MI,48226,,888-758-4389,E,,Public,24 hours daily,,,,,,2.0,,,ChargePoint Network,https://www.chargepoint.com,GPS,42.33114,-83.042201,2026-08-09,445694,2026-08-09 03:05:55 UTC,,,,2025-11-14,,,,,J1772,US,,,,Public,,public,,,,,,,,,,,,,,,,,,,,False,,,,,,,,,False,
ELEC,"Monroe, MI - Tesla Supercharger",1975 Welcome Way,,Monroe,MI,48162,,877-798-3752,E,,Public,24 hours daily. NACS partner enabled.,A D Debit M V,,,,,,12.0,,Tesla,https://www.tesla.com/supercharger,GPS,41.928519,-83.354443,2026-06-18,445758,2026-06-18 14:46:21 UTC,P,,,2025-11-12,,,,,TESLA,US,,,,Public,,public,,,RESTAURANT,,,,,,,,,,,,,,,,,False,,,,,,,,LD,True,
ELEC,DTMB-BPS TRAVERSE CITY S,701 S Elmwood Ave,Traverse City State Office Building,Traverse City,MI,49684,,888-758-4389,E,,Public,24 hours daily,,,,,,2.0,,,ChargePoint Network,https://www.chargepoint.com,GPS,44.757671,-85.639433,2026-08-09,445774,2026-08-09 03:03:11 UTC,,,,2025-11-15,,,,,J1772,US,,,,Public,,public,,,,,,,,,,,,,,,,,,,,False,,,,,,,,,False,
ELEC,DTMB-BPS ESCANABA STATE,314 1st Ave S,Escanaba State Office Building,Escanaba,MI,49829,,888-758-4389,E,,Public,24 hours daily,,,,,,2.0,,,ChargePoint Network,https://www.chargepoint.com,GPS,45.74511,-87.050845,2026-08-09,445775,2026-08-09 03:03:14 UTC,,,,2025-11-15,,,,,J1772,US,,,,Public,,public,,,,,,,,,,,,,,,,,,,,False,,,,,,,,,False,
ELEC,J Mart Ford and Wyoming,10000 Ford Rd,,Dearborn,MI,48126,,313-262-6722,E,,Public,,,,,,,,4.0,,RED_E,https://www.redecharge.com,GPS,42.33034,-83.15697,2026-08-09,445847,2026-08-09 05:14:16 UTC,,,,2025-11-13,,,,,J1772COMBO,US,,,,Public,,public,,,PUBLIC,,,,,,,,,,,,,,,,,False,,,,,,,,,False,
ELEC,Deaconess Tower,16400 Dix Toledo Road,,Southgate,MI,48195,,888-998-2546,E,,Public,24 hours daily,,,,,,12.0,,,Blink Network,https://blinkcharging.com,GPS,42.18789480034775,-83.22526924128339,2026-08-10,445914,2026-08-10 01:02:32 UTC,,,,2025-11-18,,,,,J1772,US,,,,Public,,public,,,,,,,,,,,,,,,,,,,,False,,,,,,,,,False,
ELEC,CITY OF DETROIT HELEN MOORE REC,11825 Dexter Ave,,Detroit,MI,48206,,888-758-4389,E,,Public,24 hours daily,,,,,,2.0,,,ChargePoint Network,https://www.chargepoint.com,GPS,42.380488,-83.125108,2026-08-09,445918,2026-08-09 03:02:28 UTC,,,,2025-11-19,,,,,J1772,US,,,,Public,,public,,,,,,,,,,,,,,,,,,,,False,,,,,,,,,False,
ELEC,DTMB-BPS JACKSON STATE O,301 E Louis Glick Hwy,Jackson State Office Building Visitor Lot,Jackson,MI,49201,,888-758-4389,E,,Public,24 hours daily,,,,,,2.0,,,ChargePoint Network,https://www.chargepoint.com,GPS,42.247624,-84.401947,2026-08-09,445919,2026-08-09 03:03:06 UTC,,,,2025-11-19,,,,,J1772,US,,,,Public,,public,,,,,,,,,,,,,,,,,,,,False,,,,,,,,,False,
ELEC,PERRIGOPMI STATION 1 EAOE,515 Eastern Ave,,Allegan,MI,49010,,888-758-4389,E,,Public,24 hours daily,,,,,,2.0,,,ChargePoint Network,https://www.chargepoint.com,GPS,42.527973,-85.83556,2026-08-09,445984,2026-08-09 01:44:37 UTC,,,,2025-11-20,,,,,J1772,US,,,,Public,,public,,,,,,,,,,,,,,,,,,,,False,,,,,,,,,False,
ELEC,PERRIGOPMI STATION 2 PL4,655 Hooker Rd,Plant 4 North Charger,Allegan,MI,49010,,888-758-4389,E,,Public,24 hours daily,,,,,,2.0,,,ChargePoint Network,https://www.chargepoint.com,GPS,42.525475,-85.831505,2026-08-09,445985,2026-08-09 01:51:47 UTC,,,,2025-11-20,,,,,J1772,US,,,,Public,,public,,,,,,,,,,,,,,,,,,,,False,,,,,,,,,False,
ELEC,PERRIGOPMI STATION 3 PL4,655 Hooker Rd,Plant 4 South Charger,Allegan,MI,49010,,888-758-4389,E,,Public,24 hours daily,,,,,,2.0,,,ChargePoint Network,https://www.chargepoint.com,GPS,42.525327,-85.831564,2026-08-09,445986,2026-08-09 02:10:37 UTC,,,,2025-11-20,,,,,J1772,US,,,,Public,,public,,,,,,,,,,,,,,,,,,,,False,,,,,,,,,False,
ELEC,Pilgrim Baptist Church Red E,4103 Grixdale,,Detroit,MI,48234,,313-262-6722,E,,Public,,,,,,,2.0,,,RED_E,https://www.redecharge.com,GPS,42.42842,-83.06333,2026-08-09,446044,2026-08-09 05:13:55 UTC,,,,2025-11-19,,,,,J1772,US,,,,Public,,public,,,PUBLIC,,,,,,,,,,,,,,,,,False,,,,,,,,,False,
ELEC,Royal Oak Ford,27550 Woodward Ave,,Royal Oak,MI,48067,,313-262-6722,E,,Public,,,,,,,,2.0,,RED_E,https://www.redecharge.com,GPS,42.493667,-83.161861,2026-08-09,446045,2026-08-09 05:14:13 UTC,,,,2025-11-06,,,,,J1772COMBO,US,,,,Public,,public,,,PUBLIC,,,,,,,,,,,,,,,,,False,,,,,,,,,False,
ELEC,Royal Oak Ford,27550 Woodward Ave,,Royal Oak,MI,48067,,888-357-1009,E,,Public,Mon: 7:00am-8:00pm; Tue: 7:00am-6:00pm; Wed: 7:00am-6:00pm; Thu: 7:00am-8:00pm; Fri: 7:00am-6:00pm,A ANDROID_PAY APPLE_PAY CREDIT D Debit M V,,,,,,2.0,,FORD_CHARGE,https://www.ford.com/support/category/electric-vehicle/charging/public-charging/,GPS,42.49329,-83.16134,2026-08-09,446431,2026-08-09 05:17:58 UTC,,,,2025-11-19,,,,,J1772COMBO,US,,,,Public,,public,,,PUBLIC,,,,,,,,,,,,,,,,,False,,,,,,,,,False,
ELEC,FastTrack Market Marathon,24344 Ecorse,,Taylor,MI,48180,,313-262-6722,E,,Public,,,,,,,,2.0,,RED_E,https://www.redecharge.com,GPS,42.256002069163,-83.272797613483,2026-08-09,446487,2026-08-09 05:14:18 UTC,,,,2025-11-23,,,,,J1772COMBO,US,,,,Public,,public,,,PUBLIC,,,,,,,,,,,,,,,,,False,,,,,,,,,False,
ELEC,DTMB-BPS LANSING ALLEGAN,794 W Allegan St,Allegan Street Visitor Lot,Lansing,MI,48915,,888-758-4389,E,,Public,24 hours daily,,,,,,2.0,,,ChargePoint Network,https://www.chargepoint.com,GPS,42.732819,-84.563191,2026-08-09,446510,2026-08-09 03:03:09 UTC,,,,2025-11-27,,,,,J1772,US,,,,Public,,public,,,,,,,,,,,,,,,,,,,,False,,,,,,,,,False,
ELEC,JACKSON COUNTY 1,220 West Franklin Street,Parking Lot,Jackson,MI,49201,,888-758-4389,E,,Public,24 hours daily,,,,,,2.0,,,ChargePoint Network,https://www.chargepoint.com,GPS,42.244635,-84.410333,2026-08-09,446515,2026-08-09 03:05:19 UTC,,,,2025-11-27,,,,,J1772,US,,,,Public,,public,,,,,,,,,,,,,,,,,,,,False,,,,,,,,,False,
ELEC,JACKSON COUNTY 2,220 West Franklin Street,Parking Lot,Jackson,MI,49201,,888-758-4389,E,,Public,24 hours daily,,,,,,2.0,,,ChargePoint Network,https://www.chargepoint.com,GPS,42.244608,-84.410208,2026-08-09,446516,2026-08-09 03:05:19 UTC,,,,2025-11-27,,,,,J1772,US,,,,Public,,public,,,,,,,,,,,,,,,,,,,,False,,,,,,,,,False,
ELEC,JACKSON COUNTY 3,220 West Franklin Street,Parking Lot,Jackson,MI,49201,,888-758-4389,E,,Public,24 hours daily,,,,,,2.0,,,ChargePoint Network,https://www.chargepoint.com,GPS,42.244623,-84.410196,2026-08-09,446517,2026-08-09 03:05:19 UTC,,,,2025-11-27,,,,,J1772,US,,,,Public,,public,,,,,,,,,,,,,,,,,,,,False,,,,,,,,,False,
ELEC,JACKSON COUNTY 4,220 West Franklin Street,Parking lot,Jackson,MI,49201,,888-758-4389,E,,Public,24 hours daily,,,,,,2.0,,,ChargePoint Network,https://www.chargepoint.com,GPS,42.244634,-84.410074,2026-08-09,446518,2026-08-09 03:05:19 UTC,,,,2025-11-27,,,,,J1772,US,,,,Public,,public,,,,,,,,,,,,,,,,,,,,False,,,,,,,,,False,
ELEC,JACKSON COUNTY 5,220 West Franklin Street,Parking Lot,Jackson,MI,49201,,888-758-4389,E,,Public,24 hours daily,,,,,,2.0,,,ChargePoint Network,https://www.chargepoint.com,GPS,42.24453,-84.4097,2026-08-09,446519,2026-08-09 03:05:19 UTC,,,,2025-11-27,,,,,J1772,US,,,,Public,,public,,,,,,,,,,,,,,,,,,,,False,,,,,,,,,False,
ELEC,FLINT OF S H SLOAN MUSEUM PL,1231 E Kearsley St,,Flint,MI,48503,,888-758-4389,E,,Public,24 hours daily,,,,,,,2.0,,ChargePoint Network,https://www.chargepoint.com,GPS,43.02445,-83.678984,2026-08-09,446549,2026-08-09 03:06:50 UTC,,,,2025-11-27,,,,,J1772COMBO TESLA,US,,,,Public,,public,,,,,,,,,,,,,,,,,,,,False,,,,,,,,,False,
ELEC,Trumbull Ave Mobil,5001 Trumbull St,,Detroit,MI,48208,,313-262-6722,E,,Public,,,,,,,,2.0,,RED_E,https://www.redecharge.com,GPS,42.35238,-83.07919,2026-08-09,446638,2026-08-09 05:14:19 UTC,,,,2025-11-24,,,,,J1772COMBO TESLA,US,,,,Public,,public,,,PUBLIC,,,,,,,,,,,,,,,,,False,,,,,,,,,False,
ELEC,Lafontaine Ford of Birch Run,11661 S Beyer Rd,,Birch Run,MI,48415,,888-357-1009,E,,Public,24 hours daily,,,,,,,4.0,,FORD_CHARGE,https://www.ford.com/support/category/electric-vehicle/charging/public-charging/,GPS,43.254026,-83.781565,2026-08-09,446816,2026-08-09 05:17:58 UTC,,,,2025-12-02,,,,,J1772COMBO,US,,,,Public,,public,,,PUBLIC,,,,,,,,,,,,,,,,,False,,,,,,,,,False,
ELEC,Saugatuck EZ Mart,6380 Blue Star Hwy,,Saugatuck,MI,49453,,313-262-6722,E,,Public,,,,,,,,2.0,,RED_E,https://www.redecharge.com,GPS,42.680841055707,-86.171884273921,2026-08-09,446885,2026-08-09 05:14:22 UTC,,,,2025-12-04,,,,,J1772COMBO,US,,,,Public,,public,,,PUBLIC,,,,,,,,,,,,,,,,,False,,,,,,,,,False,
ELEC,TownePlace Suites by Marriott Detroit Warren,7601 Chicago Road,,Warren,MI,48092,,313-262-6722,E,,Public,,,,,,,4.0,,,RED_E,https://www.redecharge.com,GPS,42.524191,-83.030476,2026-08-09,446938,2026-08-09 05:14:20 UTC,,,,2025-12-05,,,,,J1772,US,,,,Public,,public,,,PUBLIC,,,,,,,,,,,,,,,,,False,,,,,,,,,False,
ELEC,FasCharge 5856 Admiral Monroe MI,747 S Telegraph Rd,,Monroe,MI,48161,,313-262-6722,E,,Public,,,,,,,,2.0,,RED_E,https://www.redecharge.com,GPS,41.91628,-83.41725,2026-08-09,446939,2026-08-09 05:14:22 UTC,,,,2025-12-05,,,,,J1772COMBO TESLA,US,,,,Public,,public,,,PUBLIC,,,,,,,,,,,,,,,,,False,,,,,,,,,False,
ELEC,Lafontaine Ford Grand Blanc,2229 W Hill Rd,,Flint,MI,48507,,888-357-1009,E,,Public,24 hours daily,,,,,,,2.0,,FORD_CHARGE,https://www.ford.com/support/category/electric-vehicle/charging/public-charging/,GPS,42.94349,-83.721591,2026-08-09,446942,2026-08-09 05:17:59 UTC,,,,2025-12-05,,,,,J1772COMBO,US,,,,Public,,public,,,PUBLIC,,,,,,,,,,,,,,,,,False,,,,,,,,,False,
ELEC,AMCHELSEA RTM75 DC03,2038 McKernan Dr,Only works with App - No CC Support,Chelsea,MI,48118,,888-758-4389,E,,Public,24 hours daily,,,,,,,2.0,,ChargePoint Network,https://www.chargepoint.com,GPS,42.293541,-84.0284,2026-08-09,447036,2026-08-09 03:07:20 UTC,,,,2025-12-07,,,,,J1772COMBO,US,,,,Public,,public,,,,,,,,,,,,,,,,,,,,False,,,,,,,,,False,
ELEC,GARBER HYUNDAI EXPRESS 250 #1,5450 Bay Road,East side of service lane entrance,Saginaw,MI,48604,,888-758-4389,E,,Public,24 hours daily,,,,,,,1.0,,ChargePoint Network,https://www.chargepoint.com,GPS,43.486352,-83.973509,2026-08-09,447158,2026-08-09 02:38:08 UTC,,,,2025-12-10,,,,,CHADEMO J1772COMBO,US,,,,Public,,public,,,,,,,,,,,,,,,,,,,,False,,,,,,,,,False,
ELEC,SUBURBAN CDJRFH STATION 3,38123 W 10 Mile Rd,,Farmington Hills,MI,48335,,888-758-4389,E,,Public,24 hours daily,,,,,,2.0,,,ChargePoint Network,https://www.chargepoint.com,GPS,42.467486,-83.42266,2026-08-09,447234,2026-08-09 02:38:51 UTC,,,,2025-12-11,,,,,J1772,US,,,,Public,,public,,,,,,,,,,,,,,,,,,,,False,,,,,,,,,False,
ELEC,SUBURBAN CDJRFH STATION 1,38123 W 10 Mile Rd,,Farmington Hills,MI,48335,,888-758-4389,E,,Public,24 hours daily,,,,,,2.0,,,ChargePoint Network,https://www.chargepoint.com,GPS,42.467502,-83.422703,2026-08-09,447235,2026-08-09 02:38:51 UTC,,,,2025-12-11,,,,,J1772,US,,,,Public,,public,,,,,,,,,,,,,,,,,,,,False,,,,,,,,,False,
ELEC,SUBURBAN CDJRFH STATION 2,38123 W 10 Mile Rd,,Farmington Hills,MI,48335,,888-758-4389,E,,Public,24 hours daily,,,,,,2.0,,,ChargePoint Network,https://www.chargepoint.com,GPS,42.467486,-83.422671,2026-08-09,447236,2026-08-09 02:38:51 UTC,,,,2025-12-11,,,,,J1772,US,,,,Public,,public,,,,,,,,,,,,,,,,,,,,False,,,,,,,,,False,
ELEC,SUBURBAN CDJRFH STATION 4,38123 West 10 Mile Road,,Farmington Hills,MI,48335,,888-758-4389,E,,Public,24 hours daily,,,,,,,2.0,,ChargePoint Network,https://www.chargepoint.com,GPS,42.467847,-83.422341,2026-08-09,447237,2026-08-09 02:47:20 UTC,,,,2025-12-11,,,,,J1772COMBO,US,,,,Public,,public,,,,,,,,,,,,,,,,,,,,False,,,,,,,,,False,
ELEC,"Simon Property Group Great Lakes Crossing (Auburn Hills, MI)",4000 Baldwin Rd,,Auburn Hills,MI,48326,,833-632-2778,E,,Public,24 hours daily,,,,,,,6.0,,Electrify America,https://www.electrifyamerica.com,GPS,42.7001,-83.30208,2026-08-09,447366,2026-08-09 03:39:12 UTC,,,,2025-12-12,,,,,J1772COMBO,US,,,,Public,,public,,,,,,,,,,,,,,,,,,,,False,,,,,,,,,False,
ELEC,FasCharge 4649 Express Stop Flint MI,3930 Corunna Rd,,Flint,MI,48532,,313-262-6722,E,,Public,,,,,,,,4.0,,RED_E,https://www.redecharge.com,GPS,43.00266455178,-83.73817509668,2026-08-09,447375,2026-08-09 05:14:24 UTC,,,,2025-12-11,,,,,J1772COMBO,US,,,,Public,,public,,,PUBLIC,,,,,,,,,,,,,,,,,False,,,,,,,,,False,NEVI
ELEC,FasCharge 5869 Admiral Alma MI,2982 W Monroe Rd,,Alma,MI,48801,,313-262-6722,E,,Public,,,,,,,,4.0,,RED_E,https://www.redecharge.com,GPS,43.40829634651,-84.66585545021,2026-08-09,447376,2026-08-09 05:14:24 UTC,,,,2025-12-11,,,,,J1772COMBO,US,,,,Public,,public,,,PUBLIC,,,,,,,,,,,,,,,,,False,,,,,,,,,False,NEVI
ELEC,VILLANGE NORTH CHARGE 1,561 Clendening Road,Next to dumpster,Gladwin,MI,48624,,888-758-4389,E,,Public,24 hours daily,,,,,,2.0,,,ChargePoint Network,https://www.chargepoint.com,GPS,43.994187,-84.498132,2026-08-09,447405,2026-08-09 03:07:10 UTC,,,,2025-12-13,,,,,J1772,US,,,,Public,,public,,,,,,,,,,,,,,,,,,,,False,,,,,,,,,False,
ELEC,Harrisville State Park,248 State Park Rd,,Harrisville,MI,48740,,866-576-1495,E,,Public,24 hours daily,A ACCOUNT_BALANCE D M V,,,,,2.0,,,RIVIAN_WAYPOINTS,https://rivian.com/experience/charging,GPS,44.648169,-83.297431,2026-08-09,448018,2026-08-09 03:53:40 UTC,,,,2025-12-19,,,,,J1772,US,,,,Public,,public,,,PUBLIC,,,,,,,,,,,,,,,,,False,,,,,,,,,False,
ELEC,Chillbox 9028 Michigan and Telegraph,23785 Michigan Ave,,Dearborn,MI,48124,,313-262-6722,E,,Public,,,,,,,,4.0,,RED_E,https://www.redecharge.com,GPS,42.30029,-83.26832,2026-08-09,448062,2026-08-09 05:14:19 UTC,,,,2025-12-16,,,,,J1772COMBO,US,,,,Public,,public,,,PUBLIC,,,,,,,,,,,,,,,,,False,,,,,,,,,False,
ELEC,Bob Maxey Ford of Detroit,1833 E Jefferson Ave,,Detroit,MI,48207,,313-262-6722,E,,Public,,,,,,,,4.0,,RED_E,https://www.redecharge.com,GPS,42.336030032379,-83.029186703586,2026-08-09,448169,2026-08-09 05:13:13 UTC,,,,2025-12-17,,,,,J1772COMBO,US,,,,Public,,public,,,PUBLIC,,,,,,,,,,,,,,,,,False,,,,,,,,,False,
ELEC,Empire Plug and Go 25375 Marathon Utica,51969 Van Dyke Ave,,Shelby Township,MI,48316,,313-262-6722,E,,Public,,,,,,,,4.0,,RED_E,https://www.redecharge.com,GPS,42.67671774904,-83.0347686183,2026-08-09,448171,2026-08-09 05:14:27 UTC,,,,2025-12-19,,,,,J1772COMBO,US,,,,Public,,public,,,PUBLIC,,,,,,,,,,,,,,,,,False,,,,,,,,,False,
ELEC,OAKLAND COUNTY EVSE-04,1200 North Telegraph,South parking lot,Pontiac,MI,48341,,888-758-4389,E,,Public,24 hours daily,,,,,,2.0,,,ChargePoint Network,https://www.chargepoint.com,GPS,42.65457,-83.326097,2026-08-09,448194,2026-08-09 03:08:14 UTC,,,,2025-12-23,,,,,J1772,US,,,,Public,,public,,,,,,,,,,,,,,,,,,,,False,,,,,,,,,False,
ELEC,OAKLAND COUNTY EVSE-05,1200 North Telegraph,,Pontiac,MI,48341,,888-758-4389,E,,Public,24 hours daily,,,,,,2.0,,,ChargePoint Network,https://www.chargepoint.com,GPS,42.654657,-83.326134,2026-08-09,448195,2026-08-09 03:08:14 UTC,,,,2025-12-23,,,,,J1772,US,,,,Public,,public,,,,,,,,,,,,,,,,,,,,False,,,,,,,,,False,
ELEC,"Oakland Plaza (Troy, MI)",272 John R Rd,,Troy,MI,48083,,833-632-2778,E,,Public,24 hours daily,,,,,,,10.0,,Electrify America,https://www.electrifyamerica.com,GPS,42.53451,-83.10508,2026-08-09,448203,2026-08-09 03:39:19 UTC,,,,2025-12-23,,,,,J1772COMBO,US,,,,Public,,public,,,,,,,,,,,,,,,,,,,,False,,,,,,,,,False,
ELEC,Pitstop Downtown Romeo,200 N Main St,,Romeo,MI,48065,,313-262-6722,E,,Public,,,,,,,,4.0,,RED_E,https://www.redecharge.com,GPS,42.8031057657,-83.0130185586,2026-08-09,448211,2026-08-09 05:14:09 UTC,,,,2025-12-19,,,,,J1772COMBO TESLA,US,,,,Public,,public,,,PUBLIC,,,,,,,,,,,,,,,,,False,,,,,,,,,False,
ELEC,FasCharge 8238 Speedy Q Kimball,2797 Wadhams Rd Kimball,,Kimball,MI,48074,,313-262-6722,E,,Public,,,,,,,,4.0,,RED_E,https://www.redecharge.com,GPS,42.98415,-82.5382,2026-08-09,448304,2026-08-09 05:14:27 UTC,,,,2025-12-22,,,,,J1772COMBO,US,,,,Public,,public,,,PUBLIC,,,,,,,,,,,,,,,,,False,,,,,,,,,False,
ELEC,OAKLAND COUNTY EVSE-02,1200 North Telegraph,,Pontiac,MI,48341,,888-758-4389,E,,Public,24 hours daily,,,,,,2.0,,,ChargePoint Network,https://www.chargepoint.com,GPS,42.6566,-83.327637,2026-08-09,448384,2026-08-09 03:08:22 UTC,,,,2025-12-30,,,,,J1772,US,,,,Public,,public,,,,,,,,,,,,,,,,,,,,False,,,,,,,,,False,
ELEC,FasCharge 4675 Express Stop Whitmore Lake MI,366 East North Territorial Rd,,Whitmore Lake,MI,48189,,313-262-6722,E,,Public,,,,,,,,4.0,,RED_E,https://www.redecharge.com,GPS,42.378434054075,-83.75491877562,2026-08-09,448469,2026-08-09 05:14:27 UTC,,,,2025-12-29,,,,,J1772COMBO,US,,,,Public,,public,,,PUBLIC,,,,,,,,,,,,,,,,,False,,,,,,,,,False,
ELEC,IBEW Local 58 EV Lot,1358 Abbott Street,,Detroit,MI,48226,,313-262-6722,E,,Public,,,,,,,,2.0,,RED_E,https://www.redecharge.com,GPS,42.32807,-83.06209,2026-08-09,448930,2026-08-09 05:14:25 UTC,,,,2025-12-13,,,,,J1772COMBO TESLA,US,,,,Public,,public,,,PUBLIC,,,,,,,,,,,,,,,,,False,,,,,,,,,False,
ELEC,PUBLIC WORKS EVSE-06,1 Public Works Drive,,Waterford Township,MI,48328,,888-758-4389,E,,Public,24 hours daily,,,,,,2.0,,,ChargePoint Network,https://www.chargepoint.com,GPS,42.658255,-83.33981,2026-08-09,448994,2026-08-09 03:08:22 UTC,,,,2026-01-08,,,,,J1772 TESLA,US,,,,Public,,public,,,,,,,,,,,,,,,,,,,,False,,,,,,,,,False,
ELEC,itselectric,1701 W Lafayette Blvd,,Detroit,MI,48216,,,E,,Public,24 hours daily,A ACCOUNT_BALANCE ANDROID_PAY APPLE_PAY CREDIT D M V,,,,,2.0,,,ITSELECTRIC,https://www.itselectric.us,200-8,42.32369,-83.06552,2026-03-12,449172,2026-03-12 20:29:51 UTC,P,,,2025-04-30,,,,,J1772 TESLA,US,,,,Public,,public,,,STREET_PARKING,,,,,,,$0.39 per kWh,,,,,,,,,,False,,,,,,,,LD,False,
ELEC,itselectric,1358 Abbott St.,,Detroit,MI,48226,,,E,,Public,24 hours daily,A ACCOUNT_BALANCE ANDROID_PAY APPLE_PAY CREDIT D M V,,,,,2.0,,,ITSELECTRIC,https://www.itselectric.us,200-8,42.32803,-83.0623,2026-03-12,449173,2026-03-12 20:29:51 UTC,P,,,2024-06-25,,,,,J1772 TESLA,US,,,,Public,,public,,,STREET_PARKING,,,,,,,$0.39 per kWh,,,,,,,,,,False,,,,,,,,LD,False,
ELEC,itselectric,13301 Mound Rd.,,Detroit,MI,48212,,,E,,Public,24 hours daily,A ACCOUNT_BALANCE ANDROID_PAY APPLE_PAY CREDIT D M V,,,,,1.0,,,ITSELECTRIC,https://www.itselectric.us,200-8,42.41494,-83.0434,2026-03-12,449174,2026-03-12 20:29:51 UTC,P,,,2024-06-14,,,,,J1772 TESLA,US,,,,Public,,public,,,STREET_PARKING,,,,,,,$0.39 per kWh,,,,,,,,,,False,,,,,,,,LD,False,
ELEC,itselectric - DT04,2050 15th St,,Detroit,MI,48216,,,E,,Public,24 hours daily,A ACCOUNT_BALANCE ANDROID_PAY APPLE_PAY CREDIT D M V,,,,,1.0,,,ITSELECTRIC,https://www.itselectric.us,200-8,42.32834,-83.07549,2026-02-13,449179,2026-02-13 16:34:38 UTC,P,,,2025-05-02,,,,,J1772 TESLA,US,,,,Public,,public,,,STREET_PARKING,,,,,,,$0.40 per kWh,,,,,,,,,,False,,,,,,,,LD,False,
ELEC,FasCharge 4644 Express Stop Pinconning,520 Piconning Rd.,,Pinconning,MI,48650,,313-262-6722,E,,Public,,,,,,,,4.0,,RED_E,https://www.redecharge.com,GPS,43.85294,-84.02486,2026-08-09,449288,2026-08-09 05:14:28 UTC,,,,2026-01-09,,,,,J1772COMBO,US,,,,Public,,public,,,PUBLIC,,,,,,,,,,,,,,,,,False,,,,,,,,,False,
ELEC,Kirtland Community College Shipping and Receiving,4800 W. Fourmile Rd,,Grayling,MI,49738,,313-262-6722,E,,Public,,,,,,,1.0,,,RED_E,https://www.redecharge.com,GPS,44.6036246656,-84.70565450992,2026-08-09,449295,2026-08-09 05:14:29 UTC,,,,2024-01-26,,,,,J1772,US,,,,Public,,public,,,FLEET_GARAGE,,,,,,,,,,,,,,,,,False,,,,,,,,,False,
ELEC,601 Ottawa Ave,601 Ottawa Ave,,Grand Rapids,MI,49503,,313-262-6722,E,,Public,,,,,,,2.0,,,RED_E,https://www.redecharge.com,GPS,42.97383,-85.67051,2026-08-09,449482,2026-08-09 05:14:21 UTC,,,,2026-01-14,,,,,J1772,US,,,,Public,,public,,,PUBLIC,,,,,,,,,,,,,,,,,False,,,,,,,,,False,
ELEC,FasCharge 5017 Next Door Marathon Mackinaw City,309 S Nicolet St,,Mackinaw City,MI,49701,,313-262-6722,E,,Public,,,,,,,,4.0,,RED_E,https://www.redecharge.com,GPS,45.77918919426,-84.73266053551,2026-08-09,449484,2026-08-09 05:14:28 UTC,,,,2026-01-09,,,,,J1772COMBO,US,,,,Public,,public,,,PUBLIC,,,,,,,,,,,,,,,,,False,,,,,,,,,False,NEVI
ELEC,Kirtland Community College Fleet Parking,4800 W. Fourmile Rd,,Grayling,MI,49738,,313-262-6722,E,,Public,,,,,,,1.0,,,RED_E,https://www.redecharge.com,GPS,44.60444086711,-84.7048599595,2026-08-09,449485,2026-08-09 05:14:29 UTC,,,,2024-01-26,,,,,J1772,US,,,,Public,,public,,,FLEET_GARAGE,,,,,,,,,,,,,,,,,False,,,,,,,,,False,
ELEC,Downtown Auto Wash,1217 Michigan Ave,,Detroit,MI,48226,,313-965-4834,E,,Public,8am-6pm daily,ANDROID_PAY APPLE_PAY CREDIT Debit,,,,,,4.0,,POWERPUMP,https://powerpump.com,200-8,42.33115,-83.06231,2026-02-13,449612,2026-02-13 16:34:38 UTC,P,,,2025-12-08,,,,,J1772COMBO TESLA,US,,,,Public,,public,,,CARWASH,,,,,,,$0.50 per kWh,,,,,,,,,,False,,,,,,,,MD,False,
ELEC,AMC Dearborn - Outer,21110 Outer Dr,,Dearborn,MI,48124,,800-308-3006,E,,Public,24 hours daily,ANDROID_PAY APPLE_PAY CREDIT Debit,,,,,4.0,,,POWERPUMP,https://powerpump.com,GPS,42.29104,-83.24835,2026-07-15,449613,2026-07-15 18:47:09 UTC,P,,,2026-03-15,,,,,J1772,US,,,,Public,,public,,,HOTEL,,,,,,,$0.50 per kWh,,,,,,,,,,True,,,,,,,,LD,True,
ELEC,Burt Lake State Park,6635 State Park Dr,,Indian River,MI,49749,,866-576-1495,E,,Public,24 hours daily,A ACCOUNT_BALANCE D M V,,,,,2.0,,,RIVIAN_WAYPOINTS,https://rivian.com/experience/charging,GPS,45.4029,-84.62382,2026-08-09,449651,2026-08-09 03:54:19 UTC,,,,2026-01-16,,,,,J1772,US,,,,Public,,public,,,PUBLIC,,,,,,,,,,,,,,,,,False,,,,,,,,,False,
ELEC,Windmill Market West Bloomfield,7275 Cooley Lake Rd,,West Bloomfield Township,MI,48324,,949-945-2000,E,,Public,24 hours daily,,,,,,4.0,,,EVGATEWAY,https://evgateway.com,GPS,42.61507854005875,-83.4290391718277,2026-08-09,449833,2026-08-09 04:48:07 UTC,,,,2026-01-21,,,,,J1772,US,,,,Public,,public,,,,,,,,,,,,,,,,,,,,False,,,,,,,,,False,
ELEC,Philadelphia Properties Waterford,4194 Airport Rd,,Waterford Township,MI,48329,,949-945-2000,E,,Public,24 hours daily,,,,,,4.0,,,EVGATEWAY,https://evgateway.com,GPS,42.699554276612766,-83.40768009577027,2026-08-09,449834,2026-08-09 04:47:37 UTC,,,,2026-01-21,,,,,J1772,US,,,,Public,,public,,,,,,,,,,,,,,,,,,,,False,,,,,,,,,False,
ELEC,Holiday Inn Ann Arbor,323 N Zeeb Rd,,Ann Arbor,MI,48103,,949-945-2000,E,,Public,24 hours daily,,,,,,4.0,,,EVGATEWAY,https://evgateway.com,GPS,42.29463824017888,-83.8406781674591,2026-08-09,449936,2026-08-09 04:47:32 UTC,,,,2026-01-22,,,,,J1772,US,,,,Public,,public,,,,,,,,,,,,,,,,,,,,False,,,,,,,,,False,
ELEC,Hyatt House Auburn Hills Detroit,95 Brown Road,,Lake Orion Township,MI,48359,,313-262-6722,E,,Public,,,,,,,2.0,,,RED_E,https://www.redecharge.com,GPS,42.707541354984,-83.303759015555,2026-08-09,449937,2026-08-09 05:14:17 UTC,,,,2026-01-07,,,,,J1772,US,,,,Public,,public,,,PUBLIC,,,,,,,,,,,,,,,,,False,,,,,,,,,False,
ELEC,Destination Napa Sterling Heights,35030 Mound Rd,,Sterling Heights,MI,48310,,949-945-2000,E,,Public,24 hours daily,,,,,,2.0,,,EVGATEWAY,https://evgateway.com,GPS,42.551020442444354,-83.04783311537895,2026-08-09,450143,2026-08-09 04:48:11 UTC,,,,2026-01-27,,,,,J1772,US,,,,Public,,public,,,,,,,,,,,,,,,,,,,,False,,,,,,,,,False,
ELEC,BEDROCK HUD B2-4,1240 Woodward Avenue,,Detroit,MI,48226,,888-758-4389,E,,Public,24 hours daily,,,,,,2.0,,,ChargePoint Network,https://www.chargepoint.com,GPS,42.333762,-83.048226,2026-08-09,450450,2026-08-09 03:08:34 UTC,,,,2026-01-31,,,,,J1772,US,,,,Public,,public,,,,,,,,,,,,,,,,,,,,False,,,,,,,,,False,
ELEC,BEDROCK HUD B2-5,1240 Woodward Avenue,,Detroit,MI,48226,,888-758-4389,E,,Public,24 hours daily,,,,,,2.0,,,ChargePoint Network,https://www.chargepoint.com,GPS,42.333784,-83.048237,2026-08-09,450451,2026-08-09 03:08:36 UTC,,,,2026-01-31,,,,,J1772,US,,,,Public,,public,,,,,,,,,,,,,,,,,,,,False,,,,,,,,,False,
ELEC,BEDROCK HUD B2-6,1240 Woodward Avenue,,Detroit,MI,48226,,888-758-4389,E,,Public,24 hours daily,,,,,,2.0,,,ChargePoint Network,https://www.chargepoint.com,GPS,42.333778,-83.048248,2026-08-09,450452,2026-08-09 03:08:37 UTC,,,,2026-01-31,,,,,J1772,US,,,,Public,,public,,,,,,,,,,,,,,,,,,,,False,,,,,,,,,False,
ELEC,BEDROCK HUD B2-7,1240 Woodward Avenue,,Detroit,MI,48226,,888-758-4389,E,,Public,24 hours daily,,,,,,2.0,,,ChargePoint Network,https://www.chargepoint.com,GPS,42.333655,-83.048129,2026-08-09,450453,2026-08-09 03:08:37 UTC,,,,2026-01-31,,,,,J1772,US,,,,Public,,public,,,,,,,,,,,,,,,,,,,,False,,,,,,,,,False,
ELEC,BEDROCK HUD B2-8,1240 Woodward Avenue,,Detroit,MI,48226,,888-758-4389,E,,Public,24 hours daily,,,,,,2.0,,,ChargePoint Network,https://www.chargepoint.com,GPS,42.333546,-83.048036,2026-08-09,450454,2026-08-09 03:08:37 UTC,,,,2026-01-31,,,,,J1772,US,,,,Public,,public,,,,,,,,,,,,,,,,,,,,False,,,,,,,,,False,
ELEC,BEDROCK HUD B2-9,1240 Woodward Avenue,,Detroit,MI,48226,,888-758-4389,E,,Public,24 hours daily,,,,,,2.0,,,ChargePoint Network,https://www.chargepoint.com,GPS,42.33329,-83.047834,2026-08-09,450455,2026-08-09 03:08:37 UTC,,,,2026-01-31,,,,,J1772,US,,,,Public,,public,,,,,,,,,,,,,,,,,,,,False,,,,,,,,,False,
ELEC,BEDROCK HUB B2-10,1240 Woodward Avenue,,Detroit,MI,48226,,888-758-4389,E,,Public,24 hours daily,,,,,,2.0,,,ChargePoint Network,https://www.chargepoint.com,GPS,42.333267,-83.047808,2026-08-09,450456,2026-08-09 03:08:37 UTC,,,,2026-01-31,,,,,J1772,US,,,,Public,,public,,,,,,,,,,,,,,,,,,,,False,,,,,,,,,False,
ELEC,BEDROCK HUD B2-3,1240 Woodward Avenue,,Detroit,MI,48226,,888-758-4389,E,,Public,24 hours daily,,,,,,2.0,,,ChargePoint Network,https://www.chargepoint.com,GPS,42.334106,-83.04739,2026-08-09,450457,2026-08-09 03:08:41 UTC,,,,2026-01-31,,,,,J1772,US,,,,Public,,public,,,,,,,,,,,,,,,,,,,,False,,,,,,,,,False,
ELEC,BEDROCK HUD B2-2,1240 Woodward Avenue,,Detroit,MI,48226,,888-758-4389,E,,Public,24 hours daily,,,,,,2.0,,,ChargePoint Network,https://www.chargepoint.com,GPS,42.33405,-83.047487,2026-08-09,450458,2026-08-09 03:08:41 UTC,,,,2026-01-31,,,,,J1772,US,,,,Public,,public,,,,,,,,,,,,,,,,,,,,False,,,,,,,,,False,
ELEC,BEDROCK HUD B2-1,1240 Woodward Avenue,,Detroit,MI,48226,,888-758-4389,E,,Public,24 hours daily,,,,,,2.0,,,ChargePoint Network,https://www.chargepoint.com,GPS,42.33381,-83.047302,2026-08-09,450459,2026-08-09 03:08:41 UTC,,,,2026-01-31,,,,,J1772,US,,,,Public,,public,,,,,,,,,,,,,,,,,,,,False,,,,,,,,,False,
ELEC,BEDROCK HUD B1-4,1240 Woodward Avenue,,Detroit,MI,48226,,888-758-4389,E,,Public,24 hours daily,,,,,,2.0,,,ChargePoint Network,https://www.chargepoint.com,GPS,42.334108,-83.047667,2026-08-09,450460,2026-08-09 03:08:47 UTC,,,,2026-01-31,,,,,J1772,US,,,,Public,,public,,,,,,,,,,,,,,,,,,,,False,,,,,,,,,False,
ELEC,BEDROCK HUD B1-2,1240 Woodward Avenue,,Detroit,MI,48226,,888-758-4389,E,,Public,24 hours daily,,,,,,2.0,,,ChargePoint Network,https://www.chargepoint.com,GPS,42.33376,-83.047276,2026-08-09,450461,2026-08-09 03:08:47 UTC,,,,2026-01-31,,,,,J1772,US,,,,Public,,public,,,,,,,,,,,,,,,,,,,,False,,,,,,,,,False,
ELEC,BEDROCK HUD B1-11,1240 Woodward Avenue,,Detroit,MI,48226,,888-758-4389,E,,Public,24 hours daily,,,,,,2.0,,,ChargePoint Network,https://www.chargepoint.com,GPS,42.333898,-83.048128,2026-08-09,450462,2026-08-09 03:08:47 UTC,,,,2026-01-31,,,,,J1772,US,,,,Public,,public,,,,,,,,,,,,,,,,,,,,False,,,,,,,,,False,
ELEC,BEDROCK HUD B1-10,1240 Woodward Avenue,,Detroit,MI,48226,,888-758-4389,E,,Public,24 hours daily,,,,,,2.0,,,ChargePoint Network,https://www.chargepoint.com,GPS,42.333902,-83.048162,2026-08-09,450463,2026-08-09 03:08:48 UTC,,,,2026-01-31,,,,,J1772,US,,,,Public,,public,,,,,,,,,,,,,,,,,,,,False,,,,,,,,,False,
ELEC,BEDROCK HUD B1-9,1240 Woodward Avenue,,Detroit,MI,48226,,888-758-4389,E,,Public,24 hours daily,,,,,,2.0,,,ChargePoint Network,https://www.chargepoint.com,GPS,42.334017,-83.048223,2026-08-09,450464,2026-08-09 03:08:48 UTC,,,,2026-01-31,,,,,J1772,US,,,,Public,,public,,,,,,,,,,,,,,,,,,,,False,,,,,,,,,False,
ELEC,BEDROCK HUD B1-8,1240 Woodward Avenue,,Detroit,MI,48226,,888-758-4389,E,,Public,24 hours daily,,,,,,2.0,,,ChargePoint Network,https://www.chargepoint.com,GPS,42.33397,-83.047995,2026-08-09,450465,2026-08-09 03:08:48 UTC,,,,2026-01-31,,,,,J1772,US,,,,Public,,public,,,,,,,,,,,,,,,,,,,,False,,,,,,,,,False,
ELEC,BEDROCK HUD B1-7,1240 Woodward Avenue,,Detroit,MI,48226,,888-758-4389,E,,Public,24 hours daily,,,,,,2.0,,,ChargePoint Network,https://www.chargepoint.com,GPS,42.334006,-83.047926,2026-08-09,450466,2026-08-09 03:08:48 UTC,,,,2026-01-31,,,,,J1772,US,,,,Public,,public,,,,,,,,,,,,,,,,,,,,False,,,,,,,,,False,
ELEC,BEDROCK HUD B1-3,1240 Woodward Avenue,,Detroit,MI,48226,,888-758-4389,E,,Public,24 hours daily,,,,,,2.0,,,ChargePoint Network,https://www.chargepoint.com,GPS,42.334053,-83.047607,2026-08-09,450472,2026-08-09 03:10:12 UTC,,,,2026-01-31,,,,,J1772,US,,,,Public,,public,,,,,,,,,,,,,,,,,,,,False,,,,,,,,,False,
ELEC,Roy OBrien Ford,22201 E 9 Mile Rd,,St Clair Shores,MI,48080,,313-262-6722,E,,Public,,,,,,,3.0,4.0,,RED_E,https://www.redecharge.com,GPS,42.467,-82.897833,2026-08-09,450486,2026-08-09 05:13:04 UTC,,,,2026-01-27,,,,,J1772 J1772COMBO,US,,,,Public,,public,,,PUBLIC,,,,,,,,,,,,,,,,,False,,,,,,,,,False,
ELEC,BEDROCK HUD B1-5,1240 Woodward Avenue,,Detroit,MI,48226,,888-758-4389,E,,Public,24 hours daily,,,,,,2.0,,,ChargePoint Network,https://www.chargepoint.com,GPS,42.334173,-83.047733,2026-08-09,450487,2026-08-09 03:08:47 UTC,,,,2026-02-01,,,,,J1772,US,,,,Public,,public,,,,,,,,,,,,,,,,,,,,False,,,,,,,,,False,
ELEC,HFHS SOUTH GARAGE 1K,6355 Lincoln Street,,Detroit,MI,48202,,888-758-4389,E,,Public,24 hours daily,,,,,,2.0,,,ChargePoint Network,https://www.chargepoint.com,GPS,42.363896,-83.08357,2026-08-09,450859,2026-08-09 03:06:49 UTC,,,,2026-02-07,,,,,J1772,US,,,,Public,,public,,,,,,,,,,,,,,,,,,,,False,,,,,,,,,False,
ELEC,HFHS SOUTH GARAGE 1M,6355 Lincoln Street,,Detroit,MI,48202,,888-758-4389,E,,Public,24 hours daily,,,,,,2.0,,,ChargePoint Network,https://www.chargepoint.com,GPS,42.36377,-83.083542,2026-08-09,450860,2026-08-09 03:06:49 UTC,,,,2026-02-07,,,,,J1772,US,,,,Public,,public,,,,,,,,,,,,,,,,,,,,False,,,,,,,,,False,
ELEC,HFHS SOUTH GARAGE 1O,6355 Lincoln Street,,Detroit,MI,48202,,888-758-4389,E,,Public,24 hours daily,,,,,,2.0,,,ChargePoint Network,https://www.chargepoint.com,GPS,42.363696,-83.083571,2026-08-09,450861,2026-08-09 03:06:49 UTC,,,,2026-02-07,,,,,J1772,US,,,,Public,,public,,,,,,,,,,,,,,,,,,,,False,,,,,,,,,False,
ELEC,HFHS SOUTH GARAGE 1P,6355 Lincoln Street,,Detroit,MI,48202,,888-758-4389,E,,Public,24 hours daily,,,,,,2.0,,,ChargePoint Network,https://www.chargepoint.com,GPS,42.363715,-83.083483,2026-08-09,450862,2026-08-09 03:06:49 UTC,,,,2026-02-07,,,,,J1772,US,,,,Public,,public,,,,,,,,,,,,,,,,,,,,False,,,,,,,,,False,
ELEC,HFHS SOUTH GARAGE 3A,6355 Lincoln Street,,Detroit,MI,48202,,888-758-4389,E,,Public,24 hours daily,,,,,,2.0,,,ChargePoint Network,https://www.chargepoint.com,GPS,42.363621,-83.08342,2026-08-09,450863,2026-08-09 03:06:50 UTC,,,,2026-02-07,,,,,J1772,US,,,,Public,,public,,,,,,,,,,,,,,,,,,,,False,,,,,,,,,False,
ELEC,HFHS SOUTH GARAGE 1G,6355 Lincoln Street,,Detroit,MI,48202,,888-758-4389,E,,Public,24 hours daily,,,,,,2.0,,,ChargePoint Network,https://www.chargepoint.com,GPS,42.363511,-83.083525,2026-08-09,450864,2026-08-09 03:06:54 UTC,,,,2026-02-07,,,,,J1772,US,,,,Public,,public,,,,,,,,,,,,,,,,,,,,False,,,,,,,,,False,
ELEC,HFHS SOUTH GARAGE 1F,6355 Lincoln Street,,Detroit,MI,48202,,888-758-4389,E,,Public,24 hours daily,,,,,,2.0,,,ChargePoint Network,https://www.chargepoint.com,GPS,42.363522,-83.083558,2026-08-09,450865,2026-08-09 03:06:54 UTC,,,,2026-02-07,,,,,J1772,US,,,,Public,,public,,,,,,,,,,,,,,,,,,,,False,,,,,,,,,False,
ELEC,HFHS SOUTH GARAGE 1D,6355 Lincoln Street,,Detroit,MI,48202,,888-758-4389,E,,Public,24 hours daily,,,,,,2.0,,,ChargePoint Network,https://www.chargepoint.com,GPS,42.363563,-83.08357,2026-08-09,450866,2026-08-09 03:06:54 UTC,,,,2026-02-07,,,,,J1772,US,,,,Public,,public,,,,,,,,,,,,,,,,,,,,False,,,,,,,,,False,
ELEC,HFHS SOUTH GARAGE 1C,6355 Lincoln Street,,Detroit,MI,48202,,888-758-4389,E,,Public,24 hours daily,,,,,,2.0,,,ChargePoint Network,https://www.chargepoint.com,GPS,42.363602,-83.083655,2026-08-09,450867,2026-08-09 03:06:54 UTC,,,,2026-02-07,,,,,J1772,US,,,,Public,,public,,,,,,,,,,,,,,,,,,,,False,,,,,,,,,False,
ELEC,HFHS SOUTH GARAGE 1A,6355 Lincoln Street,,Detroit,MI,48202,,888-758-4389,E,,Public,24 hours daily,,,,,,2.0,,,ChargePoint Network,https://www.chargepoint.com,GPS,42.363644,-83.084038,2026-08-09,450868,2026-08-09 03:06:54 UTC,,,,2026-02-07,,,,,J1772,US,,,,Public,,public,,,,,,,,,,,,,,,,,,,,False,,,,,,,,,False,
ELEC,HFHS SOUTH GARAGE 1H,6355 Lincoln Street,,Detroit,MI,48202,,888-758-4389,E,,Public,24 hours daily,,,,,,2.0,,,ChargePoint Network,https://www.chargepoint.com,GPS,42.363804,-83.083906,2026-08-09,450869,2026-08-09 03:06:54 UTC,,,,2026-02-07,,,,,J1772,US,,,,Public,,public,,,,,,,,,,,,,,,,,,,,False,,,,,,,,,False,
ELEC,HFHS SOUTH GARAGE 1L,6355 Lincoln Street,,Detroit,MI,48202,,888-758-4389,E,,Public,24 hours daily,,,,,,2.0,,,ChargePoint Network,https://www.chargepoint.com,GPS,42.363936,-83.083782,2026-08-09,450870,2026-08-09 03:06:55 UTC,,,,2026-02-07,,,,,J1772,US,,,,Public,,public,,,,,,,,,,,,,,,,,,,,False,,,,,,,,,False,
ELEC,HFHS SOUTH GARAGE 1N,6355 Lincoln Street,,Detroit,MI,48202,,888-758-4389,E,,Public,24 hours daily,,,,,,2.0,,,ChargePoint Network,https://www.chargepoint.com,GPS,42.3639,-83.083739,2026-08-09,450871,2026-08-09 03:06:55 UTC,,,,2026-02-07,,,,,J1772,US,,,,Public,,public,,,,,,,,,,,,,,,,,,,,False,,,,,,,,,False,
ELEC,HFHS SOUTH GARAGE 3B,6355 Lincoln Street,,Detroit,MI,48202,,888-758-4389,E,,Public,24 hours daily,,,,,,2.0,,,ChargePoint Network,https://www.chargepoint.com,GPS,42.364193,-83.083749,2026-08-09,450872,2026-08-09 03:07:16 UTC,,,,2026-02-07,,,,,J1772,US,,,,Public,,public,,,,,,,,,,,,,,,,,,,,False,,,,,,,,,False,
ELEC,HFHS SOUTH GARAGE 1J,6355 Lincoln Street,,Detroit,MI,48202,,888-758-4389,E,,Public,24 hours daily,,,,,,2.0,,,ChargePoint Network,https://www.chargepoint.com,GPS,42.364227,-83.083685,2026-08-09,450873,2026-08-09 03:07:16 UTC,,,,2026-02-07,,,,,J1772,US,,,,Public,,public,,,,,,,,,,,,,,,,,,,,False,,,,,,,,,False,
ELEC,HFHS SOUTH GARAGE 1B,6355 Lincoln Street,,Detroit,MI,48202,,888-758-4389,E,,Public,24 hours daily,,,,,,2.0,,,ChargePoint Network,https://www.chargepoint.com,GPS,42.363596,-83.08397,2026-08-09,450874,2026-08-09 03:07:17 UTC,,,,2026-02-07,,,,,J1772,US,,,,Public,,public,,,,,,,,,,,,,,,,,,,,False,,,,,,,,,False,
ELEC,HFHS SOUTH GARAGE 1E,6355 Lincoln Street,,Detroit,MI,48202,,888-758-4389,E,,Public,24 hours daily,,,,,,2.0,,,ChargePoint Network,https://www.chargepoint.com,GPS,42.36364,-83.083616,2026-08-09,450876,2026-08-09 03:07:58 UTC,,,,2026-02-07,,,,,J1772,US,,,,Public,,public,,,,,,,,,,,,,,,,,,,,False,,,,,,,,,False,
ELEC,HFHS SOUTH GARAGE 1I,6355 Lincoln Street,,Detroit,MI,48202,,888-758-4389,E,,Public,24 hours daily,,,,,,2.0,,,ChargePoint Network,https://www.chargepoint.com,GPS,42.364367,-83.084051,2026-08-09,450888,2026-08-09 03:08:57 UTC,,,,2026-02-07,,,,,J1772,US,,,,Public,,public,,,,,,,,,,,,,,,,,,,,False,,,,,,,,,False,
ELEC,ELETRIC AVE VARSITY DC-3,3480 Jackson Avenue,,Ann Arbor,MI,48103,,888-758-4389,E,,Public,24 hours daily,,,,,,,2.0,,ChargePoint Network,https://www.chargepoint.com,GPS,42.285465,-83.796245,2026-08-09,450945,2026-08-09 03:03:16 UTC,,,,2026-02-10,,,,,J1772COMBO,US,,,,Public,,public,,,,,,,,,,,,,,,,,,,,False,,,,,,,,,False,
ELEC,Elizabeth and Groesbeck Petro,43561 N Groesbeck Hwy,,Clinton Twp,MI,48036,,313-262-6722,E,,Public,,,,,,,,4.0,,RED_E,https://www.redecharge.com,GPS,42.61621,-82.8867,2026-08-09,450983,2026-08-09 05:14:31 UTC,,,,2026-02-06,,,,,J1772COMBO,US,,,,Public,,public,,,PUBLIC,,,,,,,,,,,,,,,,,False,,,,,,,,,False,
ELEC,LCC-EV-STATION MASON AVIATION,655 Aviation Drive,,Mason,MI,48854,,888-758-4389,E,,Public,24 hours daily,,,,,,2.0,,,ChargePoint Network,https://www.chargepoint.com,GPS,42.562553,-84.4238,2026-08-09,450998,2026-08-09 03:07:06 UTC,,,,2026-02-11,,,,,J1772,US,,,,Public,,public,,,,,,,,,,,,,,,,,,,,False,,,,,,,,,False,
ELEC,Serra Buick GMC Rochester Hills,855 S Rochester Rd,,Rochester Hills,MI,48037,,313-262-6722,E,,Public,,,,,,,2.0,2.0,,RED_E,https://www.redecharge.com,GPS,42.6688965626,-83.13231623044,2026-08-09,451554,2026-08-09 05:14:32 UTC,,,,2026-02-17,,,,,CHADEMO J1772 J1772COMBO,US,,,,Public,,public,,,PUBLIC,,,,,,,,,,,,,,,,,False,,,,,,,,,False,
ELEC,City of Muskegon 295 W Muskegon St,295 W. Muskegon St,,Muskegon,MI,49440,,313-262-6722,E,,Public,,,,,,,2.0,,,RED_E,https://www.redecharge.com,GPS,43.236667,-86.250278,2026-08-09,451555,2026-08-09 05:14:33 UTC,,,,2026-02-16,,,,,J1772 TESLA,US,,,,Public,,public,,,PUBLIC,,,,,,,,,,,,,,,,,False,,,,,,,,,False,
ELEC,City of Muskegon 610 W Western Ave,610 W Western Ave,,Muskegon,MI,49440,,313-262-6722,E,,Public,,,,,,,2.0,,,RED_E,https://www.redecharge.com,GPS,43.233170555116,-86.258178276291,2026-08-09,451556,2026-08-09 05:14:33 UTC,,,,2026-02-17,,,,,J1772 TESLA,US,,,,Public,,public,,,PUBLIC,,,,,,,,,,,,,,,,,False,,,,,,,,,False,
ELEC,Seven Lakes State Park,14390 Fish Lake Road,,Holly,MI,48442,,866-576-1495,E,,Public,24 hours daily,A ACCOUNT_BALANCE D M V,,,,,2.0,,,RIVIAN_WAYPOINTS,https://rivian.com/experience/charging,GPS,42.8139,-83.67934,2026-08-09,451609,2026-08-09 03:53:39 UTC,,,,2026-02-18,,,,,J1772,US,,,,Public,,public,,,PUBLIC,,,,,,,,,,,,,,,,,False,,,,,,,,,False,
ELEC,Chase Bank - 28660 Northwestern Hwy,28660 Northwestern Hwy,,Southfield,MI,48034,,877-455-3833,E,,Public,24 hours daily,,,,,,,6.0,,eVgo Network,https://www.evgo.com,GPS,42.49958,-83.30292,2026-08-09,451722,2026-08-09 23:59:35 UTC,,,,2026-02-21,,,,,J1772COMBO,US,,,,Public,,public,,,,,,,,,,,,,,,,,,,,False,,,,,,,,,False,
ELEC,Wayne Truck Stop,38800 Michigan Ave,,Wayne,MI,48184,,313-262-6722,E,,Public,,,,,,,,4.0,,RED_E,https://www.redecharge.com,GPS,42.279240862163,-83.421026194722,2026-08-09,451781,2026-08-09 05:14:33 UTC,,,,2026-02-20,,,,,J1772COMBO,US,,,,Public,,public,,,PUBLIC,,,,,,,,,,,,,,,,,False,,,,,,,,,False,
ELEC,Bay Mills Resort Casino,11386 W Lakeshore Dr,,Brimley,MI,49715,,313-262-6722,E,,Public,,,,,,,6.0,,,RED_E,https://www.redecharge.com,GPS,46.42314,-84.60348,2026-08-09,451912,2026-08-09 05:14:30 UTC,,,,2026-02-26,,,,,J1772,US,,,,Public,,public,,,PUBLIC,,,,,,,,,,,,,,,,,False,,,,,,,,,False,
ELEC,Towns on the Green,3133 Park Drive,,Pittsfield Township,MI,48103,,313-262-6722,E,,Public,,,,,,,2.0,,,RED_E,https://www.redecharge.com,GPS,42.24297140785,-83.77348224708,2026-08-09,451913,2026-08-09 05:14:35 UTC,,,,2026-02-25,,,,,J1772,US,,,,Public,,public,,,PUBLIC,,,,,,,,,,,,,,,,,False,,,,,,,,,False,
ELEC,Hudson Towns,56055 Madison Lane,,Lyon Township,MI,48165,,313-262-6722,E,,Public,,,,,,,2.0,,,RED_E,https://www.redecharge.com,GPS,42.510963097244,-83.606250291249,2026-08-09,451914,2026-08-09 05:14:35 UTC,,,,2026-02-25,,,,,J1772,US,,,,Public,,public,,,PUBLIC,,,,,,,,,,,,,,,,,False,,,,,,,,,False,
ELEC,Shell Fennville,2398 68th St,,Fennville,MI,49408,,313-262-6722,E,,Public,,,,,,,,2.0,,RED_E,https://www.redecharge.com,GPS,42.592785550078,-86.211464629974,2026-08-09,451991,2026-08-09 05:14:35 UTC,,,,2026-02-26,,,,,J1772COMBO,US,,,,Public,,public,,,PUBLIC,,,,,,,,,,,,,,,,,False,,,,,,,,,False,
ELEC,Family Fare - Gaylord,829 W Main St,,Gaylord,MI,49734,,800-489-1588,E,,Public,24 hours daily,,,,,,,4.0,,FCN,https://francisenergy.com,GPS,45.0252054,-84.6833705,2026-08-09,452317,2026-08-09 04:04:28 UTC,,,,2026-03-03,,,,,J1772COMBO,US,,,,Public,,public,,,,,,,,,,,,,,,,,,,,False,,,,,,,,,False,NEVI
ELEC,132 E Broad St,132 E Broad St,,Linden,MI,48451,,888-807-4522,E,,Public,24 hours daily,,,,,,2.0,,,SYNERGEV,https://synergev.com,GPS,42.814531,-83.781215,2026-08-09,452479,2026-08-09 05:29:21 UTC,,,,2026-03-04,,,,,J1772,US,,,,Public,,public,,,,,,,,,,,,,,,,,,,,False,,,,,,,,,False,
ELEC,4906 W Mt Hope Hwy,4906 W Mt Hope Hwy,,Lansing,MI,48917,,888-807-4522,E,,Public,24 hours daily,,,,,,1.0,,,SYNERGEV,https://synergev.com,GPS,42.712323,-84.619435,2026-08-09,452484,2026-08-09 05:29:22 UTC,,,,2026-03-04,,,,,J1772,US,,,,Public,,public,,,,,,,,,,,,,,,,,,,,False,,,,,,,,,False,
ELEC,"145 S Anderson St., Lake Orion, MI 48362",145 S Anderson St,,Lake Orion,MI,48362,,888-807-4522,E,,Public,24 hours daily,,,,,,4.0,,,SYNERGEV,https://synergev.com,GPS,42.78328,-83.238723,2026-08-09,452520,2026-08-09 05:29:27 UTC,,,,2026-03-04,,,,,J1772,US,,,,Public,,public,,,,,,,,,,,,,,,,,,,,False,,,,,,,,,False,
ELEC,GREAT LAKES EV LIVONIA DC4,30000 Plymouth Road,,Livonia,MI,48150,,888-758-4389,E,,Public,24 hours daily,,,,,,,2.0,,ChargePoint Network,https://www.chargepoint.com,GPS,42.370029,-83.339406,2026-08-09,452712,2026-08-09 03:11:43 UTC,,,,2026-03-06,,,,,J1772COMBO TESLA,US,,,,Public,,public,,,,,,,,,,,,,,,,,,,,False,,,,,,,,,False,
ELEC,GREAT LAKES EV LIVONIA DC 3,30000 Plymouth Road,,Livonia,MI,48150,,888-758-4389,E,,Public,24 hours daily,,,,,,,2.0,,ChargePoint Network,https://www.chargepoint.com,GPS,42.369947,-83.339374,2026-08-09,452714,2026-08-09 03:11:44 UTC,,,,2026-03-06,,,,,J1772COMBO TESLA,US,,,,Public,,public,,,,,,,,,,,,,,,,,,,,False,,,,,,,,,False,
ELEC,GREAT LAKES EV LIVONIA DC 2,30000 Plymouth Road,,Livonia,MI,48150,,888-758-4389,E,,Public,24 hours daily,,,,,,,2.0,,ChargePoint Network,https://www.chargepoint.com,GPS,42.36993,-83.339413,2026-08-09,452719,2026-08-09 03:11:47 UTC,,,,2026-03-06,,,,,J1772COMBO TESLA,US,,,,Public,,public,,,,,,,,,,,,,,,,,,,,False,,,,,,,,,False,
ELEC,Sakura Novi Residential,42639 Hoshi Lane,,Novi,MI,48375,,313-262-6722,E,,Public,,,,,,,10.0,,,RED_E,https://www.redecharge.com,GPS,42.481134946728,-83.46873160289,2026-08-09,453307,2026-08-09 05:14:37 UTC,,,,2026-03-06,,,,,J1772,US,,,,Public,,public,,,PUBLIC,,,,,,,,,,,,,,,,,False,,,,,,,,,False,
ELEC,LTU Lot C EV Parking,21000 W 10 Mile Rd,,Southfield,MI,48075,,313-262-6722,E,,Public,,,,,,,2.0,,,RED_E,https://www.redecharge.com,GPS,42.4764030164,-83.249826896492,2026-08-09,453385,2026-08-09 05:14:28 UTC,,,,2026-03-05,,,,,J1772,US,,,,Public,,public,,,PUBLIC,,,,,,,,,,,,,,,,,False,,,,,,,,,False,
ELEC,LTU Lot D EV Parking,21000 W 10 Mile Rd,,Southfield,MI,48075,,313-262-6722,E,,Public,,,,,,,2.0,,,RED_E,https://www.redecharge.com,GPS,42.47615,-83.2489,2026-08-09,453386,2026-08-09 05:14:34 UTC,,,,2026-02-18,,,,,J1772,US,,,,Public,,public,,,PUBLIC,,,,,,,,,,,,,,,,,False,,,,,,,,,False,
ELEC,302 N Saginaw,302 N Saginaw St,,Holly,MI,48442,,,E,,Public,,,,,,,2.0,,,FLIPTURN,https://www.getflipturn.com,GPS,42.794411,-83.627464,2026-08-09,453387,2026-08-09 05:21:22 UTC,,,,2026-03-10,,,,,J1772,US,,,,Public,,public,,,,,,,,,,,,,,,,,,,,False,,,,,,,,,False,
ELEC,GREAT LAKES EV LIVONIA DC 1,30000 Plymouth Rd,,Livonia,MI,48150,,888-758-4389,E,,Public,24 hours daily,,,,,,,2.0,,ChargePoint Network,https://www.chargepoint.com,GPS,42.369939,-83.339394,2026-08-09,454070,2026-08-09 03:11:59 UTC,,,,2026-03-13,,,,,J1772COMBO TESLA,US,,,,Public,,public,,,,,,,,,,,,,,,,,,,,False,,,,,,,,,False,
ELEC,FasCharge 5783 Lemmen Coopersville,125 68th S.,,Coopersville,MI,49404,,313-262-6722,E,,Public,,,,,,,,2.0,,RED_E,https://www.redecharge.com,GPS,43.05715,-85.95723,2026-08-09,454084,2026-08-09 05:14:38 UTC,,,,2026-03-10,,,,,J1772COMBO,US,,,,Public,,public,,,PUBLIC,,,,,,,,,,,,,,,,,False,,,,,,,,,False,
ELEC,BEDROCK HUD B1-6,1240 Woodward Avenue,,Detroit,MI,48226,,888-758-4389,E,,Public,24 hours daily,,,,,,2.0,,,ChargePoint Network,https://www.chargepoint.com,GPS,42.334121,-83.047831,2026-08-09,454109,2026-08-09 03:08:47 UTC,,,,2026-03-14,,,,,J1772,US,,,,Public,,public,,,,,,,,,,,,,,,,,,,,False,,,,,,,,,False,
ELEC,Hanon Systems Side EV Lot,39600 Lewis Dr,,Novi,MI,48377,,313-262-6722,E,,Public,,,,,,,4.0,,,RED_E,https://www.redecharge.com,GPS,42.50587959712,-83.441048192755,2026-08-09,454181,2026-08-09 05:12:49 UTC,,,,2026-03-16,,,,,J1772,US,,,,Public,,public,,,WORKPLACE,,,,,,,,,,,,,,,,,False,,,,,,,,,False,
ELEC,Hanon Systems Front EV Lot,39600 Lewis Dr,,Novi,MI,48377,,313-262-6722,E,,Public,,,,,,,2.0,,,RED_E,https://www.redecharge.com,GPS,42.505723942,-83.43843586773,2026-08-09,454183,2026-08-09 05:14:42 UTC,,,,2026-03-16,,,,,J1772,US,,,,Public,,public,,,WORKPLACE,,,,,,,,,,,,,,,,,False,,,,,,,,,False,
ELEC,Beaumont,1000 Telegraph,,Taylor,MI,48009,,800-636-0986,E,,Public,,,,,,,2.0,,,CHARGELAB,https://chargelab.co,GPS,42.235526,-83.2769,2026-08-09,455503,2026-08-09 05:25:43 UTC,,,,2026-03-18,,,,,J1772,US,,,,Public,,public,,,,,,,,,,,,,,,,,,,,False,,,,,,,,,False,
ELEC,Eaton Aerospace Grand Rapids,3675 Patterson Ave,,Grand Rapids,MI,49512,,800-636-0986,E,,Public,,,,,,,1.0,,,CHARGELAB,https://chargelab.co,GPS,42.896859,-85.549346,2026-08-09,455591,2026-08-09 05:26:24 UTC,,,,2026-03-18,,,,,J1772,US,,,,Public,,public,,,,,,,,,,,,,,,,,,,,False,,,,,,,,,False,
ELEC,1123 129th Avenue,1123 129th Avenue,,Wayland,MI,49348,,800-636-0986,E,,Public,,,,,,,14.0,,,CHARGELAB,https://chargelab.co,GPS,42.613415,-85.623004,2026-08-09,455719,2026-08-09 05:26:48 UTC,,,,2026-03-18,,,,,J1772,US,,,,Public,,public,,,,,,,,,,,,,,,,,,,,False,,,,,,,,,False,
ELEC,Westwood Village,3366 Northwood Dr,,Flint,MI,48504,,,E,,Public,,,,,,,4.0,,,FLIPTURN,https://www.getflipturn.com,GPS,43.04538,-83.745973,2026-08-09,455874,2026-08-09 05:21:22 UTC,,,,2026-03-19,,,,,J1772,US,,,,Public,,public,,,,,,,,,,,,,,,,,,,,False,,,,,,,,,False,
ELEC,AAHC STATION 2,121 Catherine St,,Ann Arbor,MI,48104,,888-758-4389,E,,Public,24 hours daily,,,,,,2.0,,,ChargePoint Network,https://www.chargepoint.com,GPS,42.283518,-83.747292,2026-08-09,456294,2026-08-09 03:10:35 UTC,,,,2026-03-24,,,,,J1772,US,,,,Public,,public,,,,,,,,,,,,,,,,,,,,False,,,,,,,,,False,
ELEC,GRCC GRCC RAMP C,435 Fulton Street East,Parking Ramp C,Grand Rapids,MI,49503,,888-758-4389,E,,Public,24 hours daily,,,,,,2.0,,,ChargePoint Network,https://www.chargepoint.com,GPS,42.964264,-85.658811,2026-08-09,456398,2026-08-09 03:11:53 UTC,,,,2026-03-25,,,,,J1772,US,,,,Public,,public,,,,,,,,,,,,,,,,,,,,False,,,,,,,,,False,
ELEC,GARBER HYUNDAI EXPRESS 250 #2,5450 Bay Rd,,Saginaw,MI,48604,,888-758-4389,E,,Public,24 hours daily,,,,,,,1.0,,ChargePoint Network,https://www.chargepoint.com,GPS,43.486733,-83.973589,2026-08-09,456502,2026-08-09 02:38:08 UTC,,,,2026-03-27,,,,,CHADEMO J1772COMBO,US,,,,Public,,public,,,,,,,,,,,,,,,,,,,,False,,,,,,,,,False,
ELEC,The Beauton Apartments,503 Horton St,,Detroit,MI,48202,,313-262-6722,E,,Public,,,,,,,2.0,,,RED_E,https://www.redecharge.com,GPS,42.373547243045,-83.067927549928,2026-08-09,456586,2026-08-09 05:13:28 UTC,,,,2026-03-27,,,,,J1772,US,,,,Public,,public,,,MULTI_UNIT_DWELLING,,,,,,,,,,,,,,,,,False,,,,,,,,,False,
ELEC,Extreme CDJR,2300 Seymour Road,,Jackson,MI,49201,,313-262-6722,E,,Public,,,,,,,1.0,2.0,,RED_E,https://www.redecharge.com,GPS,42.27829652058,-84.3771550096,2026-08-09,456587,2026-08-09 05:14:42 UTC,,,,2026-03-27,,,,,J1772 J1772COMBO,US,,,,Public,,public,,,PUBLIC,,,,,,,,,,,,,,,,,False,,,,,,,,,False,
ELEC,Fast Napa Sterling Heights,35050,,Sterling Heights,MI,48310,,949-945-2000,E,,Public,24 hours daily,,,,,,,4.0,,EVGATEWAY,https://evgateway.com,GPS,42.550967092648285,-83.04723364166412,2026-08-09,456642,2026-08-09 04:47:10 UTC,,,,2026-03-29,,,,,J1772COMBO TESLA,US,,,,Public,,public,,,,,,,,,,,,,,,,,,,,False,,,,,,,,,False,
ELEC,Serra Hyundai TC - Showroom,1661 South Garfield Avenue,,Traverse City,MI,49686,,888-998-2546,E,,Public,24 hours daily,,,,,,,2.0,,Blink Network,https://blinkcharging.com,GPS,44.73742916651408,-85.59441426459246,2026-08-10,456645,2026-08-10 00:17:54 UTC,,,,2024-06-03,,,,,J1772COMBO,US,,,,Public,,public,,,,,,,,,,,,,,,,,,,,False,,,,,,,,,False,
ELEC,BEDROCK HUD B1-1,1240 Woodward Avenue,,Detroit,MI,48226,,888-758-4389,E,,Public,24 hours daily,,,,,,2.0,,,ChargePoint Network,https://www.chargepoint.com,GPS,42.333681,-83.04721,2026-08-09,456658,2026-08-09 03:08:47 UTC,,,,2026-03-31,,,,,J1772,US,,,,Public,,public,,,,,,,,,,,,,,,,,,,,False,,,,,,,,,False,
ELEC,PLYMOUTH BRANCH UMCU 2,2929 Plymouth Rd,,Ann Arbor,MI,48105,,888-758-4389,E,,Public,24 hours daily,,,,,,2.0,,,ChargePoint Network,https://www.chargepoint.com,GPS,42.302967,-83.702401,2026-08-09,456670,2026-08-09 03:12:40 UTC,,,,2026-03-31,,,,,J1772,US,,,,Public,,public,,,,,,,,,,,,,,,,,,,,False,,,,,,,,,False,
ELEC,"Gigahub, Briarwood Cir, Ann Arbor, MI",100 Briarwood Circle,,Ann Arbor,MI,48108,,833-277-8573,E,,Public,24 hours daily,,,,,,,20.0,,BP_PULSE,https://www.bp.com/en_us/united-states/home/what-we-do/customers-and-products/bp-pulse/bp-pulse-products.html,GPS,42.240836,-83.74301,2026-08-09,456683,2026-08-09 04:26:53 UTC,,,,2026-03-31,,,,,J1772COMBO TESLA,US,,,,Public,,public,,,,,,,,,,,,,,,,,,,,False,,,,,,,,,False,
ELEC,PLYMOUTH BRANCH UMCU 3,2929 Plymouth Rd,,Ann Arbor,MI,48105,,888-758-4389,E,,Public,24 hours daily,,,,,,2.0,,,ChargePoint Network,https://www.chargepoint.com,GPS,42.303011,-83.702533,2026-08-09,456714,2026-08-09 03:12:46 UTC,,,,2026-04-01,,,,,J1772,US,,,,Public,,public,,,,,,,,,,,,,,,,,,,,False,,,,,,,,,False,
ELEC,Lindsey Living,2690 Crooks,,Troy,MI,48084,,313-262-6722,E,,Public,,,,,,,2.0,,,RED_E,https://www.redecharge.com,GPS,42.558429218242,-83.16611657999,2026-08-09,456878,2026-08-09 05:14:43 UTC,,,,2026-03-19,,,,,J1772,US,,,,Public,,public,,,PUBLIC,,,,,,,,,,,,,,,,,False,,,,,,,,,False,
ELEC,Saddle Up - Bear Lake,12991 Pleasanton Hwy,,Bear Lake,MI,49614,,800-489-1588,E,,Public,24 hours daily,,,,,,,4.0,,FCN,https://francisenergy.com,GPS,44.4307453,-86.127664,2026-08-09,457232,2026-08-09 04:04:28 UTC,,,,2026-04-07,,,,,J1772COMBO TESLA,US,,,,Public,,public,,,,,,,,,,,,,,,,,,,,False,,,,,,,,,False,NEVI
ELEC,LCC-EV-STATION AUTO_SOUTH,5708 Cornerstone Drive,,Lansing,MI,48917,,888-758-4389,E,,Public,Mon: 6:00am-11:00pm; Tue: 6:00am-11:00pm; Wed: 6:00am-11:00pm; Thu: 6:00am-11:00pm; Fri: 6:00am-11:00pm; Sat: 6:00am-11:00pm; Sun: 6:00am-11:00pm,,,,,,2.0,,,ChargePoint Network,https://www.chargepoint.com,GPS,42.718693,-84.630772,2026-08-09,457249,2026-08-09 02:52:37 UTC,,,,2026-04-08,,,,,J1772,US,,,,Public,,public,,,,,,,,,,,,,,,,,,,,False,,,,,,,,,False,
ELEC,LCC-EV-STATION AUTO_NORTH,5708 Cornerstone Drive,,Lansing,MI,48917,,888-758-4389,E,,Public,Mon: 6:00am-11:00pm; Tue: 6:00am-11:00pm; Wed: 6:00am-11:00pm; Thu: 6:00am-11:00pm; Fri: 6:00am-11:00pm; Sat: 6:00am-11:00pm; Sun: 6:00am-11:00pm,,,,,,2.0,,,ChargePoint Network,https://www.chargepoint.com,GPS,42.718867,-84.630899,2026-08-09,457250,2026-08-09 02:52:37 UTC,,,,2026-04-08,,,,,J1772,US,,,,Public,,public,,,,,,,,,,,,,,,,,,,,False,,,,,,,,,False,
ELEC,LCC-EV-STATION AUTO_OUTSIDE,5708 Cornerstone Drive,,Lansing,MI,48917,,888-758-4389,E,,Public,Mon: 6:00am-11:00pm; Tue: 6:00am-11:00pm; Wed: 6:00am-11:00pm; Thu: 6:00am-11:00pm; Fri: 6:00am-11:00pm; Sat: 6:00am-11:00pm; Sun: 6:00am-11:00pm,,,,,,2.0,,,ChargePoint Network,https://www.chargepoint.com,GPS,42.718707,-84.630877,2026-08-09,457251,2026-08-09 02:52:37 UTC,,,,2026-04-08,,,,,J1772,US,,,,Public,,public,,,,,,,,,,,,,,,,,,,,False,,,,,,,,,False,
ELEC,ALLEN CROSSING 1,148 Allen Ave,,Muskegon,MI,49442,,888-758-4389,E,,Public,24 hours daily,,,,,,,1.0,,ChargePoint Network,https://www.chargepoint.com,GPS,43.236355,-86.241204,2026-08-09,457278,2026-08-09 03:13:13 UTC,,,,2026-04-08,,,,,CHADEMO J1772COMBO,US,,,,Public,,public,,,,,,,,,,,,,,,,,,,,False,,,,,,,,,False,
ELEC,Graff Chevrolet Davison Used Cars,801 N State Rd,,Davison,MI,48423,,313-262-6722,E,,Public,,,,,,,2.0,2.0,,RED_E,https://www.redecharge.com,GPS,43.03746,-83.51911,2026-08-09,457331,2026-08-09 05:14:47 UTC,,,,2026-04-06,,,,,J1772 J1772COMBO,US,,,,Public,,public,,,PUBLIC,,,,,,,,,,,,,,,,,False,,,,,,,,,False,
ELEC,PLYMOUTH BRANCH UMCU 1,2929 Plymouth Rd,,Ann Arbor,MI,48105,,888-758-4389,E,,Public,24 hours daily,,,,,,2.0,,,ChargePoint Network,https://www.chargepoint.com,GPS,42.302885,-83.702542,2026-08-09,457505,2026-08-09 03:12:40 UTC,,,,2026-04-11,,,,,J1772,US,,,,Public,,public,,,,,,,,,,,,,,,,,,,,False,,,,,,,,,False,
ELEC,Suburban Ford of Ferndale,21600 Woodward Avenue,,Ferndale,MI,48220,,888-998-2546,E,,Public,24 hours daily,,,,,,1.0,,,Blink Network,https://blinkcharging.com,GPS,42.45160467072696,-83.12765408967138,2026-08-09,457577,2026-08-09 01:03:59 UTC,,,,2025-01-06,,,,,J1772,US,,,,Public,,public,,,,,,,,,,,,,,,,,,,,False,,,,,,,,,False,
ELEC,"Signature Dealer Group, Inc. - Hyundai",680 East Napier Avenue,,Benton Harbor,MI,49022,,888-998-2546,E,,Public,24 hours daily,,,,,,,4.0,,Blink Network,https://blinkcharging.com,GPS,42.08653575170837,-86.44241081863235,2026-08-10,457637,2026-08-10 00:18:03 UTC,,,,2025-10-07,,,,,J1772COMBO,US,,,,Public,,public,,,,,,,,,,,,,,,,,,,,False,,,,,,,,,False,
ELEC,701 W. Jolly rd,701 West Jolly Road,,Lansing,MI,48910,,888-998-2546,E,,Public,24 hours daily,,,,,,2.0,,,Blink Network,https://blinkcharging.com,GPS,42.68282188450729,-84.56188073207949,2026-08-10,457650,2026-08-10 00:48:14 UTC,,,,2025-11-17,,,,,J1772,US,,,,Public,,public,,,,,,,,,,,,,,,,,,,,False,,,,,,,,,False,
ELEC,23 and North Ave Mobil,22977 23 Mile Rd,,Macomb,MI,48042,,313-262-6722,E,,Public,,,,,,,,4.0,,RED_E,https://www.redecharge.com,GPS,42.67427,-82.87818,2026-08-09,457669,2026-08-09 05:14:47 UTC,,,,2026-04-08,,,,,J1772COMBO,US,,,,Public,,public,,,PUBLIC,,,,,,,,,,,,,,,,,False,,,,,,,,,False,
ELEC,FasCharge 8245 Clinton Township,35700 Harper Ave,,Clinton Township,MI,48035,,313-262-6722,E,,Public,,,,,,,,4.0,,RED_E,https://www.redecharge.com,GPS,42.55953907577,-82.869505538145,2026-08-09,457670,2026-08-09 05:14:48 UTC,,,,2026-04-14,,,,,J1772COMBO TESLA,US,,,,Public,,public,,,PUBLIC,,,,,,,,,,,,,,,,,False,,,,,,,,,False,
ELEC,OAKLAND COUNTY EVSE-03,1200 North Telegraph,,Pontiac,MI,48341,,888-758-4389,E,,Public,24 hours daily,,,,,,2.0,,,ChargePoint Network,https://www.chargepoint.com,GPS,42.656601,-83.327875,2026-08-09,457791,2026-08-09 03:08:21 UTC,,,,2026-04-17,,,,,J1772,US,,,,Public,,public,,,,,,,,,,,,,,,,,,,,False,,,,,,,,,False,
ELEC,GRAND BLANC GRAND BLANC TWP,5272 S. Dort Hwy.,Public Parking Lot,Grand Blanc,MI,48507,,888-758-4389,E,,Public,24 hours daily,,,,,,2.0,,,ChargePoint Network,https://www.chargepoint.com,GPS,42.944577,-83.652752,2026-08-09,457816,2026-08-09 03:12:38 UTC,,,,2026-04-17,,,,,J1772 TESLA,US,,,,Public,,public,,,,,,,,,,,,,,,,,,,,False,,,,,,,,,False,
ELEC,LCC-EV-STATION LCC_WEST_LOT,5708 Cornerstone Drive,,Lansing,MI,48917,,888-758-4389,E,,Public,Mon: 6:00am-11:00pm; Tue: 6:00am-11:00pm; Wed: 6:00am-11:00pm; Thu: 6:00am-11:00pm; Fri: 6:00am-11:00pm; Sat: 6:00am-11:00pm; Sun: 6:00am-11:00pm,,,,,,2.0,,,ChargePoint Network,https://www.chargepoint.com,GPS,42.717594,-84.630408,2026-08-09,457908,2026-08-09 03:13:36 UTC,,,,2026-04-18,,,,,J1772,US,,,,Public,,public,,,,,,,,,,,,,,,,,,,,False,,,,,,,,,False,
ELEC,AMITY COMMONS 4,159 Amity Ave,,Muskegon,MI,49442,,888-758-4389,E,,Public,24 hours daily,,,,,,,1.0,,ChargePoint Network,https://www.chargepoint.com,GPS,43.235816,-86.240257,2026-08-09,457913,2026-08-09 03:13:37 UTC,,,,2026-04-18,,,,,CHADEMO J1772COMBO,US,,,,Public,,public,,,,,,,,,,,,,,,,,,,,False,,,,,,,,,False,
ELEC,AMITY COMMONS 5,159 Amity Ave,,Muskegon,MI,49442,,888-758-4389,E,,Public,24 hours daily,,,,,,,1.0,,ChargePoint Network,https://www.chargepoint.com,GPS,43.235843,-86.240133,2026-08-09,457914,2026-08-09 03:13:38 UTC,,,,2026-04-18,,,,,CHADEMO J1772COMBO,US,,,,Public,,public,,,,,,,,,,,,,,,,,,,,False,,,,,,,,,False,
ELEC,AMITY COMMONS 6,159 Amity Ave,,Muskegon,MI,49442,,888-758-4389,E,,Public,24 hours daily,,,,,,,1.0,,ChargePoint Network,https://www.chargepoint.com,GPS,43.235949,-86.240053,2026-08-09,457915,2026-08-09 03:13:38 UTC,,,,2026-04-18,,,,,CHADEMO J1772COMBO,US,,,,Public,,public,,,,,,,,,,,,,,,,,,,,False,,,,,,,,,False,
ELEC,Roseville Pit Stop,26765 Gratiot Ave,,Roseville,MI,48066,,313-262-6722,E,,Public,,,,,,,,4.0,,RED_E,https://www.redecharge.com,GPS,42.49391,-82.94043,2026-08-09,457943,2026-08-09 05:14:49 UTC,,,,2026-04-17,,,,,J1772COMBO,US,,,,Public,,public,,,PUBLIC,,,,,,,,,,,,,,,,,False,,,,,,,,,False,
ELEC,ALLEN CROSSING 3,148 Allen Ave,Parking lot,Muskegon,MI,49442,,888-758-4389,E,,Public,24 hours daily,,,,,,,1.0,,ChargePoint Network,https://www.chargepoint.com,GPS,43.23542,-86.240223,2026-08-09,458037,2026-08-09 03:13:51 UTC,,,,2026-04-22,,,,,CHADEMO J1772COMBO,US,,,,Public,,public,,,,,,,,,,,,,,,,,,,,False,,,,,,,,,False,
ELEC,Comfort Inn and Suites Grand Blanc,1359 Grand Pointe Ct,,Grand Blanc,MI,48439,,313-262-6722,E,,Public,,,,,,,8.0,,,RED_E,https://www.redecharge.com,GPS,42.94133,-83.67966,2026-08-09,458052,2026-08-09 05:14:48 UTC,,,,2026-04-21,,,,,J1772,US,,,,Public,,public,,,PUBLIC,,,,,,,,,,,,,,,,,False,,,,,,,,,False,
ELEC,City of Muskegon 1611 Beach St,1611 Beach St,,Muskegon,MI,49441,,313-262-6722,E,,Public,,,,,,,4.0,,,RED_E,https://www.redecharge.com,GPS,43.224322,-86.336344,2026-08-09,458053,2026-08-09 05:14:49 UTC,,,,2026-04-21,,,,,J1772 TESLA,US,,,,Public,,public,,,PUBLIC,,,,,,,,,,,,,,,,,False,,,,,,,,,False,
ELEC,LAKE TRUST CU LAKE TRUST -03,8661 W Grand River Ave,,Brighton,MI,48116,,888-758-4389,E,,Public,24 hours daily,,,,,,2.0,,,ChargePoint Network,https://www.chargepoint.com,GPS,42.539299,-83.785009,2026-08-09,458106,2026-08-09 03:02:59 UTC,,,,2026-04-24,,,,,J1772,US,,,,Public,,public,,,,,,,,,,,,,,,,,,,,False,,,,,,,,,False,
ELEC,Shelby Township,4101 Buchanan Rd,,Shelby,MI,49455,,313-262-6722,E,,Public,,,,,,,8.0,,,RED_E,https://www.redecharge.com,GPS,43.6297,-86.38284,2026-08-09,458509,2026-08-09 05:14:51 UTC,,,,2026-04-30,,,,,J1772 TESLA,US,,,,Public,,public,,,PUBLIC,,,,,,,,,,,,,,,,,False,,,,,,,,,False,
ELEC,Eastwood Towne Center MB.HPC,3003 Preyde Blvd.,,Lansing,MI,48912,,833-622-4743,E,,Public,Open to all EV drivers,,,,,,,10.0,,MERCEDES_BENZ,https://www.mbusa.com/en/ev-charging-stations,GPS,42.7644186,-84.5172673,2026-08-09,458928,2026-08-09 05:33:52 UTC,,,,2026-05-06,,,,,J1772COMBO TESLA,US,,,,Public,,public,,,,,,,,,,,,,,,,,,,,False,,,,,,,,,False,
ELEC,BCIH STATION 1,50 Jackson St W,,Battle Creek,MI,49017,,888-758-4389,E,,Public,24 hours daily,,,,,,2.0,,,ChargePoint Network,https://www.chargepoint.com,GPS,42.320456,-85.18431,2026-08-09,459378,2026-08-09 03:13:01 UTC,,,,2026-05-09,,,,,J1772,US,,,,Public,,public,,,,,,,,,,,,,,,,,,,,False,,,,,,,,,False,
ELEC,Art Moehn Chevrolet,2200 Seymour Rd,,Jackson,MI,49201,,313-262-6722,E,,Public,,,,,,,,4.0,,RED_E,https://www.redecharge.com,GPS,42.27762937577,-84.379391761585,2026-08-09,459514,2026-08-09 05:14:51 UTC,,,,2026-05-12,,,,,J1772COMBO,US,,,,Public,,public,,,PUBLIC,,,,,,,,,,,,,,,,,False,,,,,,,,,False,
ELEC,Corner Spirits,21790 23 Mile Rd,,Macomb,MI,48044,,313-262-6722,E,,Public,,,,,,,,4.0,,RED_E,https://www.redecharge.com,GPS,42.672612,-82.899244,2026-08-09,459800,2026-08-09 05:14:48 UTC,,,,2026-04-14,,,,,J1772COMBO,US,,,,Public,,public,,,PUBLIC,,,,,,,,,,,,,,,,,False,,,,,,,,,False,
ELEC,Straits State Park,720 Church St,,St Ignace,MI,49781,,313-262-6722,E,,Public,,,,,,,2.0,,,RED_E,https://www.redecharge.com,GPS,45.853611,-84.720222,2026-08-09,459801,2026-08-09 05:14:51 UTC,,,,2026-05-15,,,,,J1772,US,,,,Public,,public,,,PUBLIC,,,,,,,,,,,,,,,,,False,,,,,,,,,False,
ELEC,Canton Administration Building,1150 Canton Ctr Rd,,Canton Township,MI,48188,,313-262-6722,E,,Public,,,,,,,2.0,,,RED_E,https://www.redecharge.com,GPS,42.298507,-83.487221,2026-08-09,459862,2026-08-09 05:14:56 UTC,,,,2026-05-18,,,,,J1772,US,,,,Public,,public,,,PUBLIC,,,,,,,,,,,,,,,,,False,,,,,,,,,False,
ELEC,A2 PARKS A2 ELECTIONCENT,3021 Miller Rd,,Ann Arbor,MI,48103,,888-758-4389,E,,Public,24 hours daily,,,,,,2.0,,,ChargePoint Network,https://www.chargepoint.com,GPS,42.298939,-83.790382,2026-08-09,459905,2026-08-09 03:15:03 UTC,,,,2026-05-20,,,,,J1772,US,,,,Public,,public,,,,,,,,,,,,,,,,,,,,False,,,,,,,,,False,
ELEC,Fast Hampton Inn Commerce,169,,Commerce Township,MI,48390,,949-945-2000,E,,Public,24 hours daily,,,,,,,4.0,,EVGATEWAY,https://evgateway.com,GPS,42.52835548205798,-83.44461298717194,2026-08-09,460136,2026-08-09 04:47:27 UTC,,,,2026-05-23,,,,,J1772COMBO TESLA,US,,,,Public,,public,,,,,,,,,,,,,,,,,,,,False,,,,,,,,,False,
ELEC,Childrens Services,4125 Washtenaw Avenue,,Ann Arbor,MI,48108,,313-262-6722,E,,Public,,,,,,,,2.0,,RED_E,https://www.redecharge.com,GPS,42.254264382883,-83.677904300936,2026-08-09,460139,2026-08-09 05:14:47 UTC,,,,2026-05-22,,,,,J1772COMBO,US,,,,Public,,public,,,PUBLIC,,,,,,,,,,,,,,,,,False,,,,,,,,,False,
ELEC,H3 Wellness Collective,23100 Jefferson Ave,,St. Clair Shores,MI,48080,,313-262-6722,E,,Public,,,,,,,1.0,,,RED_E,https://www.redecharge.com,GPS,42.46013,-82.88121,2026-08-09,460604,2026-08-09 05:15:01 UTC,,,,2026-06-02,,,,,J1772,US,,,,Public,,public,,,PUBLIC,,,,,,,,,,,,,,,,,False,,,,,,,,,False,
ELEC,MBS EV SYSTEM MBS CP-02,9200 Garfield Road,,Freeland,MI,48623,,888-758-4389,E,,Public,24 hours daily,,,,,,2.0,,,ChargePoint Network,https://www.chargepoint.com,GPS,43.538932,-84.08197,2026-08-09,460622,2026-08-09 03:14:54 UTC,,,,2026-06-04,,,,,J1772,US,,,,Public,,public,,,,,,,,,,,,,,,,,,,,False,,,,,,,,,False,
ELEC,MBS EV SYSTEM MBS CP-01,9200 Garfield Road MBS Premium Parking Lot,,Freeland,MI,48623,,888-758-4389,E,,Public,24 hours daily,,,,,,2.0,,,ChargePoint Network,https://www.chargepoint.com,GPS,43.538925,-84.081944,2026-08-09,460623,2026-08-09 03:14:54 UTC,,,,2026-06-04,,,,,J1772,US,,,,Public,,public,,,,,,,,,,,,,,,,,,,,False,,,,,,,,,False,
ELEC,Sams Mart,404 W 11 Mile Rd,,Madison Heights,MI,48071,,313-262-6722,E,,Public,,,,,,,,4.0,,RED_E,https://www.redecharge.com,GPS,42.491086330665,-83.109065118549,2026-08-09,460653,2026-08-09 05:15:01 UTC,,,,2026-06-02,,,,,J1772COMBO,US,,,,Public,,public,,,PUBLIC,,,,,,,,,,,,,,,,,False,,,,,,,,,False,
ELEC,Cornerstone Community CU Macomb,20851 Hall Road,,Macomb Twp,MI,48044,,313-262-6722,E,,Public,,,,,,,2.0,,,RED_E,https://www.redecharge.com,GPS,42.629417,-82.912842,2026-08-09,460654,2026-08-09 05:15:01 UTC,,,,2026-06-03,,,,,J1772,US,,,,Public,,public,,,PUBLIC,,,,,,,,,,,,,,,,,False,,,,,,,,,False,
ELEC,BEDROCK ONE DETROIT 2-6,201 Larned Street,PARKING GARAGE,Detroit,MI,48226,,888-758-4389,E,,Public,24 hours daily,,,,,,2.0,,,ChargePoint Network,https://www.chargepoint.com,GPS,42.330135,-83.043954,2026-08-09,460684,2026-08-09 03:15:18 UTC,,,,2026-06-05,,,,,J1772,US,,,,Public,,public,,,,,,,,,,,,,,,,,,,,False,,,,,,,,,False,
ELEC,BEDROCK ONE DETROIT 2-5,201 Larned Street,PARKING GARAGE,Detroit,MI,48226,,888-758-4389,E,,Public,24 hours daily,,,,,,2.0,,,ChargePoint Network,https://www.chargepoint.com,GPS,42.330117,-83.044003,2026-08-09,460685,2026-08-09 03:15:18 UTC,,,,2026-06-05,,,,,J1772,US,,,,Public,,public,,,,,,,,,,,,,,,,,,,,False,,,,,,,,,False,
ELEC,BEDROCK GREEKTOWN 1-5,1001 Brush Street,,Detroit,MI,48226,,888-758-4389,E,,Public,24 hours daily,,,,,,2.0,,,ChargePoint Network,https://www.chargepoint.com,GPS,42.333791,-83.04408,2026-08-09,460741,2026-08-09 03:11:03 UTC,,,,2026-06-06,,,,,J1772,US,,,,Public,,public,,,,,,,,,,,,,,,,,,,,False,,,,,,,,,False,
ELEC,Island Charging LLC,9105 Macomb St,,Grosse Ile,MI,48138,,313-262-6722,E,,Public,,,,,,,4.0,,,RED_E,https://www.redecharge.com,GPS,42.1303,-83.15818,2026-08-09,460813,2026-08-09 05:14:18 UTC,,,,2026-06-08,,,,,J1772,US,,,,Public,,public,,,PUBLIC,,,,,,,,,,,,,,,,,False,,,,,,,,,False,
ELEC,LEADER LIGHTS LEADER LIGHTS,1598 44th St SE,,Kentwood,MI,49508,,888-758-4389,E,,Public,24 hours daily,,,,,,2.0,,,ChargePoint Network,https://www.chargepoint.com,GPS,42.883748,-85.626061,2026-08-09,460848,2026-08-09 03:14:49 UTC,,,,2026-06-10,,,,,J1772 TESLA,US,,,,Public,,public,,,,,,,,,,,,,,,,,,,,False,,,,,,,,,False,
ELEC,City of Muskegon 407 Morris Ave,407 Morris Ave,,Muskegon,MI,49440,,313-262-6722,E,,Public,,,,,,,4.0,,,RED_E,https://www.redecharge.com,GPS,43.235925,-86.253753,2026-08-09,460886,2026-08-09 05:15:02 UTC,,,,2026-06-09,,,,,J1772,US,,,,Public,,public,,,PUBLIC,,,,,,,,,,,,,,,,,False,,,,,,,,,False,
ELEC,A2 PARKS BC PARK 1,2945 East Ellsworth Road,Parking Lot,Ann Arbor,MI,48108,,888-758-4389,E,,Public,24 hours daily,,,,,,2.0,,,ChargePoint Network,https://www.chargepoint.com,GPS,42.230886,-83.702305,2026-08-09,461041,2026-08-09 03:15:38 UTC,,,,2026-06-13,,,,,J1772,US,,,,Public,,public,,,,,,,,,,,,,,,,,,,,False,,,,,,,,,False,
ELEC,A2 PARKS BC PARK 3,2945 East Ellsworth Road,Parking Lot,Ann Arbor,MI,48108,,888-758-4389,E,,Public,24 hours daily,,,,,,2.0,,,ChargePoint Network,https://www.chargepoint.com,GPS,42.230886,-83.702452,2026-08-09,461042,2026-08-09 03:15:39 UTC,,,,2026-06-13,,,,,J1772,US,,,,Public,,public,,,,,,,,,,,,,,,,,,,,False,,,,,,,,,False,
ELEC,A2 PARKS BC PARK 4,2945 East Ellsworth Road,Parking Lot,Ann Arbor,MI,48108,,888-758-4389,E,,Public,24 hours daily,,,,,,2.0,,,ChargePoint Network,https://www.chargepoint.com,GPS,42.230879,-83.702553,2026-08-09,461043,2026-08-09 03:15:39 UTC,,,,2026-06-13,,,,,J1772,US,,,,Public,,public,,,,,,,,,,,,,,,,,,,,False,,,,,,,,,False,
ELEC,A2 PARKS BC PARK 5,2945 East Ellsworth Road,Parking Lot,Ann Arbor,MI,48108,,888-758-4389,E,,Public,24 hours daily,,,,,,2.0,,,ChargePoint Network,https://www.chargepoint.com,GPS,42.230876,-83.702608,2026-08-09,461049,2026-08-09 03:15:41 UTC,,,,2026-06-13,,,,,J1772,US,,,,Public,,public,,,,,,,,,,,,,,,,,,,,False,,,,,,,,,False,
ELEC,Warren Valley Golf Course,26116 W Warren Ave,,Dearborn Heights,MI,48127,,313-262-6722,E,,Public,,,,,,,6.0,4.0,,RED_E,https://www.redecharge.com,GPS,42.341828,-83.2962538,2026-08-09,461072,2026-08-09 05:15:02 UTC,,,,2026-06-10,,,,,J1772 J1772COMBO,US,,,,Public,,public,,,PUBLIC,,,,,,,,,,,,,,,,,False,,,,,,,,,False,
ELEC,POLICE DEPARTME PD,40333 Dodge Park Road,,Sterling Heights,MI,48313,,888-758-4389,E,,Public,24 hours daily,,,,,,2.0,,,ChargePoint Network,https://www.chargepoint.com,GPS,42.590857,-83.013101,2026-08-09,461129,2026-08-09 03:16:04 UTC,,,,2026-06-16,,,,,J1772,US,,,,Public,,public,,,,,,,,,,,,,,,,,,,,False,,,,,,,,,False,
ELEC,Champion Cueter Chrysler Jeep Dodge Ram Ypsilanti,2448 Washtenaw Avenue,,Ypsilanti,MI,48197,,313-262-6722,E,,Public,,,,,,,,2.0,,RED_E,https://www.redecharge.com,GPS,42.2497,-83.65176,2026-08-09,461189,2026-08-09 05:12:20 UTC,,,,2024-03-15,,,,,J1772COMBO,US,,,,Public,,public,,,PUBLIC,,,,,,,,,,,,,,,,,False,,,,,,,,,False,
ELEC,Fresh Choice Marketplace,18801 E 9 Mile Rd,,Eastpointe,MI,48201,,313-262-6722,E,,Public,,,,,,,,4.0,,RED_E,https://www.redecharge.com,GPS,42.466467387939,-82.925124579073,2026-08-09,461190,2026-08-09 05:15:01 UTC,,,,2026-06-16,,,,,J1772COMBO,US,,,,Public,,public,,,PUBLIC,,,,,,,,,,,,,,,,,False,,,,,,,,,False,
ELEC,MARENGO TC MARENGO EV 1,3341 Mikhail Boulevard,,Traverse City,MI,49684,,888-758-4389,E,,Public,24 hours daily,,,,,,2.0,,,ChargePoint Network,https://www.chargepoint.com,GPS,44.72041,-85.642219,2026-08-09,461225,2026-08-09 03:15:30 UTC,,,,2026-06-18,,,,,J1772 TESLA,US,,,,Public,,public,,,,,,,,,,,,,,,,,,,,False,,,,,,,,,False,
ELEC,West Michigan Hispanic Chamber of Commerce,1111 Godfrey Ave SW,,Grand Rapids,MI,49503,,313-262-6722,E,,Public,,,,,,,2.0,,,RED_E,https://www.redecharge.com,GPS,42.942559,-85.685439,2026-08-09,461289,2026-08-09 05:15:00 UTC,,,,2026-06-02,,,,,J1772,US,,,,Public,,public,,,PUBLIC,,,,,,,,,,,,,,,,,False,,,,,,,,,False,
ELEC,Art Moehn Chevrolet of Chelsea,2038 McKernan Rd,,Chelsea,MI,48118,,313-262-6722,E,,Public,,,,,,,,2.0,,RED_E,https://www.redecharge.com,GPS,42.293524561151,-84.02839893701,2026-08-09,461290,2026-08-09 05:15:04 UTC,,,,2026-06-17,,,,,J1772COMBO,US,,,,Public,,public,,,PUBLIC,,,,,,,,,,,,,,,,,False,,,,,,,,,False,
ELEC,A2 PARKS BC PARK 2,2945 East Ellsworth Road,Parking Lot,Ann Arbor,MI,48108,,888-758-4389,E,,Public,24 hours daily,,,,,,2.0,,,ChargePoint Network,https://www.chargepoint.com,GPS,42.230884,-83.70243,2026-08-09,461382,2026-08-09 03:15:38 UTC,,,,2026-06-20,,,,,J1772,US,,,,Public,,public,,,,,,,,,,,,,,,,,,,,False,,,,,,,,,False,
ELEC,POLICE DEPARTME LIBRARY 2,40255 Dodge Park Road,,Sterling Heights,MI,48313,,888-758-4389,E,,Public,24 hours daily,,,,,,1.0,,,ChargePoint Network,https://www.chargepoint.com,GPS,42.590263,-83.012591,2026-08-09,461417,2026-08-09 03:16:20 UTC,,,,2026-06-20,,,,,J1772,US,,,,Public,,public,,,,,,,,,,,,,,,,,,,,False,,,,,,,,,False,
ELEC,POLICE DEPARTME LIBRARY 1,40255 Dodge Park Rd,,Sterling Heights,MI,48313,,888-758-4389,E,,Public,24 hours daily,,,,,,1.0,,,ChargePoint Network,https://www.chargepoint.com,GPS,42.590167,-83.012977,2026-08-09,461418,2026-08-09 03:16:20 UTC,,,,2026-06-20,,,,,J1772,US,,,,Public,,public,,,,,,,,,,,,,,,,,,,,False,,,,,,,,,False,
ELEC,Chick-Fil-A Store #5391 - Ann Arbor,3310 Washtenaw Ave,,Ann Arbor,MI,48104,,866-816-7584,E,,Public,24 hours daily,,,,,,1.0,,,EV Connect,https://www.evconnect.com,GPS,42.255841,-83.694824,2026-08-09,461457,2026-08-09 03:51:34 UTC,,,,2026-06-20,,,,,J1772,US,,,,Public,,public,,,,,,,,,,,,,,,,,,,,False,,,,,,,,,False,
ELEC,May's Bakery & Country Store,20379 Ecorse Rd,,Taylor,MI,48180,,800-308-3006,E,,Public,24 hours daily,CREDIT M V,,,,,4.0,,,POWERPUMP,https://powerpump.com,GPS,42.2560025,-83.2356063,2026-07-15,461555,2026-07-15 18:47:09 UTC,P,,,2026-06-17,,,,,J1772,US,,,,Public,,public,,,CONVENIENCE_STORE,,,,,,,,,,,,,,,,,False,,,,,,,,LD,False,
ELEC,INSTRUMENTS STATION #2,1941 Stryker Way,Northwest Employee Parking Lot,Portage,MI,49002,,888-758-4389,E,,Public,24 hours daily,,,,,,2.0,,,ChargePoint Network,https://www.chargepoint.com,GPS,42.224189,-85.566727,2026-08-09,461564,2026-08-09 01:36:00 UTC,,,,2026-06-23,,,,,J1772,US,,,,Public,,public,,,,,,,,,,,,,,,,,,,,False,,,,,,,,,False,
ELEC,INSTRUMENTS STATION #1,1941 Stryker Way,Northwest Employee Lot,Portage,MI,49002,,888-758-4389,E,,Public,24 hours daily,,,,,,2.0,,,ChargePoint Network,https://www.chargepoint.com,GPS,42.225041,-85.56383,2026-08-09,461565,2026-08-09 01:36:00 UTC,,,,2026-06-23,,,,,J1772,US,,,,Public,,public,,,,,,,,,,,,,,,,,,,,False,,,,,,,,,False,
ELEC,"Troy, MI",780 E Big Beaver Rd,,Troy,MI,48083,,866-576-1495,E,,Public,24 hours daily,A ACCOUNT_BALANCE D M V,,,,,,8.0,,RIVIAN_ADVENTURE,https://rivian.com/experience/charging,GPS,42.5617359,-83.130907,2026-08-09,461752,2026-08-09 03:54:08 UTC,,,,2026-06-23,,,,,TESLA,US,,,,Public,,public,,,PUBLIC,,,,,,,,,,,,,,,,,False,,,,,,,,,False,
ELEC,Leelanau Sands Casino,2521 N West Bay Shore Dr,,Peshawbestown,MI,49682,,313-262-6722,E,,Public,,,,,,,2.0,2.0,,RED_E,https://www.redecharge.com,GPS,45.01807,-85.60646,2026-08-09,462222,2026-08-09 05:15:04 UTC,,,,2026-06-24,,,,,J1772 J1772COMBO,US,,,,Public,,public,,,PUBLIC,,,,,,,,,,,,,,,,,False,,,,,,,,,False,
ELEC,NOONDAY MARKET NOONDAY 2,1150 129th Ave,,Wayland,MI,49348,,888-758-4389,E,,Public,24 hours daily,,,,,,,2.0,,ChargePoint Network,https://www.chargepoint.com,GPS,42.630259,-85.658704,2026-08-09,462330,2026-08-09 03:16:39 UTC,,,,2026-06-27,,,,,J1772COMBO,US,,,,Public,,public,,,,,,,,,,,,,,,,,,,,False,,,,,,,,,False,NEVI
ELEC,NOONDAY MARKET NOONDAY 1,1150 129th Ave,,Wayland,MI,49348,,888-758-4389,E,,Public,24 hours daily,,,,,,,2.0,,ChargePoint Network,https://www.chargepoint.com,GPS,42.630256,-85.658782,2026-08-09,462336,2026-08-09 03:17:02 UTC,,,,2026-06-27,,,,,J1772COMBO,US,,,,Public,,public,,,,,,,,,,,,,,,,,,,,False,,,,,,,,,False,NEVI
ELEC,BREWERY CREEK BREWERY CREEK 3,13083 S Fishman Cove,,Traverse City,MI,49684,,888-758-4389,E,,Public,24 hours daily,,,,,,,1.0,,ChargePoint Network,https://www.chargepoint.com,GPS,44.788569,-85.639623,2026-08-09,462503,2026-08-09 03:16:40 UTC,,,,2026-07-01,,,,,J1772COMBO TESLA,US,,,,Public,,public,,,,,,,,,,,,,,,,,,,,False,,,,,,,,,False,
ELEC,BREWERY CREEK BREWERY CREEK 2,13083 South Fishman Cove,,Traverse City,MI,49684,,888-758-4389,E,,Public,24 hours daily,,,,,,,1.0,,ChargePoint Network,https://www.chargepoint.com,GPS,44.788617,-85.639626,2026-08-09,462512,2026-08-09 03:17:11 UTC,,,,2026-07-01,,,,,J1772COMBO TESLA,US,,,,Public,,public,,,,,,,,,,,,,,,,,,,,False,,,,,,,,,False,
ELEC,BREWERY CREEK BREWERY CREEK 4,13083 S Fishman Cove,,Traverse City,MI,49684,,888-758-4389,E,,Public,24 hours daily,,,,,,,1.0,,ChargePoint Network,https://www.chargepoint.com,GPS,44.788643,-85.63962,2026-08-09,462513,2026-08-09 03:17:11 UTC,,,,2026-07-01,,,,,J1772COMBO TESLA,US,,,,Public,,public,,,,,,,,,,,,,,,,,,,,False,,,,,,,,,False,
ELEC,BREWERY CREEK BREWERY CREEK 1,13083 S Fishman Cove,,Traverse City,MI,49684,,888-758-4389,E,,Public,24 hours daily,,,,,,,1.0,,ChargePoint Network,https://www.chargepoint.com,GPS,44.788593,-85.639623,2026-08-09,462514,2026-08-09 03:17:12 UTC,,,,2026-07-01,,,,,J1772COMBO TESLA,US,,,,Public,,public,,,,,,,,,,,,,,,,,,,,False,,,,,,,,,False,
ELEC,MONROE EV CHGRS SOUTH UNIT,133 N Nottawa St,,Sturgis,MI,49091,,888-758-4389,E,,Public,24 hours daily,,,,,,2.0,,,ChargePoint Network,https://www.chargepoint.com,GPS,41.800857,-85.418061,2026-08-09,462515,2026-08-09 03:17:12 UTC,,,,2026-07-01,,,,,J1772,US,,,,Public,,public,,,,,,,,,,,,,,,,,,,,False,,,,,,,,,False,
ELEC,MONROE EV CHGRS NORTH UNIT,133 North Nottawa Street,,Sturgis,MI,49091,,888-758-4389,E,,Public,24 hours daily,,,,,,2.0,,,ChargePoint Network,https://www.chargepoint.com,GPS,41.800867,-85.418061,2026-08-09,462516,2026-08-09 03:17:13 UTC,,,,2026-07-01,,,,,J1772,US,,,,Public,,public,,,,,,,,,,,,,,,,,,,,False,,,,,,,,,False,
ELEC,Petoskey State Park,2475 M-119,,Petoskey,MI,49770,,866-576-1495,E,,Public,24 hours daily,A ACCOUNT_BALANCE D M V,,,,,4.0,,,RIVIAN_WAYPOINTS,https://rivian.com/experience/charging,GPS,45.40555,-84.91201,2026-08-09,462531,2026-08-09 03:54:20 UTC,,,,2026-06-30,,,,,J1772,US,,,,Public,,public,,,PUBLIC,,,,,,,,,,,,,,,,,False,,,,,,,,,False,
ELEC,Waterford Mobil,5761 Cooley Lake,,Waterford,MI,48327,,313-262-6722,E,,Public,,,,,,,,4.0,,RED_E,https://www.redecharge.com,GPS,42.62247,-83.39827,2026-08-09,462544,2026-08-09 05:15:06 UTC,,,,2026-06-21,,,,,J1772COMBO TESLA,US,,,,Public,,public,,,PUBLIC,,,,,,,,,,,,,,,,,False,,,,,,,,,False,
ELEC,Victory Chevrolet,1250 Dexter St,,Milan,MI,48160,,734-403-4108,E,,Public,24 hours daily,,,,,,1.0,,,Non-Networked,,GPS,42.0979681208765,-83.6757983632137,2026-07-15,462750,2026-07-15 18:47:09 UTC,P,,,2024-01-25,,,,,J1772,US,,,,Public,,public,,,CAR_DEALER,,,,,,,Free,,,,,,,,,,False,,,,,,,,LD,False,
ELEC,Brightdawn Village,"2805 Burton, Rd",,Ann Arbor,MI,48104,,313-262-6722,E,,Public,,,,,,,13.0,,,RED_E,https://www.redecharge.com,GPS,42.249048,-83.684775,2026-08-09,463296,2026-08-09 05:14:48 UTC,,,,2026-05-06,,,,,J1772,US,,,,Public,,public,,,PUBLIC,,,,,,,,,,,,,,,,,False,,,,,,,,,False,
ELEC,The Residences at 111 Lyon,111 Lyon NW,,Grand Rapids,MI,49503,,313-262-6722,E,,Public,,,,,,,2.0,,,RED_E,https://www.redecharge.com,GPS,42.967852994595,-85.67091891851,2026-08-09,463479,2026-08-09 05:15:08 UTC,,,,2026-07-09,,,,,J1772,US,,,,Public,,public,,,PUBLIC,,,,,,,,,,,,,,,,,False,,,,,,,,,False,
ELEC,KUKA Systems 12200 Middlebelt Rd.,12200 Middlebelt Rd Ste 150,,Livonia,MI,48150,,518-738-0855,E,,Public,24 hours daily,A ACCOUNT_BALANCE ANDROID_PAY APPLE_PAY CREDIT D M V Wright_Exp,,,,,2.0,,,QUICKCHARGE,https://integraenergy.com,,42.37472,-83.3302,2026-07-15,463521,2026-07-15 18:47:09 UTC,P,,,2025-05-31,,,,,J1772,US,,,,Public,,public,,,FACTORY,,,,,,,,,,,,,,,,,False,,,,,,,,MD,False,
ELEC,KUKA Systems 22500 Key Dr,22500 Key Dr,,Clinton Twp,MI,48036,,518-738-0855,E,,Public,24 hours daily,A ACCOUNT_BALANCE ANDROID_PAY APPLE_PAY CREDIT D M V Wright_Exp,,,,,2.0,,,QUICKCHARGE,https://integraenergy.com,200-8,42.62536,-82.88484,2026-07-15,463522,2026-07-15 18:47:09 UTC,P,,,2024-10-01,,,,,J1772,US,,,,Public,,public,,,FACTORY,,,,,,,,,,,,,,,,,False,,,,,,,,MD,False,
ELEC,KUKA Systems 28251 Van Dyke Ave,28251 Van Dyke Ave,,Warren,MI,48093,,518-738-0855,E,,Public,24 hours daily,A ACCOUNT_BALANCE ANDROID_PAY APPLE_PAY CREDIT D M V Wright_Exp,,,,,2.0,,,QUICKCHARGE,https://integraenergy.com,200-8,42.50095,-83.02823,2026-07-15,463523,2026-07-15 18:47:09 UTC,P,,,2024-10-01,,,,,J1772,US,,,,Public,,public,,,FACTORY,,,,,,,,,,,,,,,,,False,,,,,,,,MD,False,
ELEC,KUKA Systems 6400 Center Dr,6400 Center Dr,,Sterling Heights,MI,48312,,518-738-0855,E,,Public,24 hours daily,A ACCOUNT_BALANCE ANDROID_PAY APPLE_PAY CREDIT D M V Wright_Exp,,,,,2.0,,,QUICKCHARGE,https://integraenergy.com,200-8,42.55939,-83.04448,2026-07-15,463524,2026-07-15 18:47:09 UTC,P,,,2024-10-01,,,,,J1772,US,,,,Public,,public,,,FACTORY,,,,,,,,,,,,,,,,,False,,,,,,,,MD,False,
ELEC,Shorepower Ferndale MI,2439 Goodrich St.,,Ferndale,MI,48220,,855-885-9571,E,,Public,24 hours daily,,,,,,2.0,,,OpConnect,https://opconnect-ev.com,GPS,42.4664285,-83.1245068,2026-08-09,463610,2026-08-09 03:45:20 UTC,,,,2026-07-13,,,,,J1772 TESLA,US,,,,Public,,public,,,,,,,,,,,,,,,,,,,,False,,,,,,,,,False,
ELEC,NOVA Consultants Inc,21580 Novi Road Suite 300,,Novi,MI,48375,,313-262-6722,E,,Public,,,,,,,2.0,,,RED_E,https://www.redecharge.com,GPS,42.446855,-83.472486,2026-08-09,463656,2026-08-09 05:15:08 UTC,,,,2026-07-14,,,,,J1772,US,,,,Public,,public,,,WORKPLACE,,,,,,,,,,,,,,,,,False,,,,,,,,,False,
ELEC,12 Mile and I94 Marathon,19751 E 12 Mile Rd,,Roseville,MI,48066,,313-262-6722,E,,Public,,,,,,,,4.0,,RED_E,https://www.redecharge.com,GPS,42.510304,-82.9176908,2026-08-09,463657,2026-08-09 05:15:08 UTC,,,,2026-07-14,,,,,J1772COMBO,US,,,,Public,,public,,,PUBLIC,,,,,,,,,,,,,,,,,False,,,,,,,,,False,
ELEC,LG ENERGY STATION 3,1960 Technology Dr,,Troy,MI,48083,,888-758-4389,E,,Public,24 hours daily,,,,,,2.0,,,ChargePoint Network,https://www.chargepoint.com,GPS,42.54286,-83.109,2026-08-09,463662,2026-08-09 02:49:12 UTC,,,,2026-07-16,,,,,J1772,US,,,,Public,,public,,,,,,,,,,,,,,,,,,,,False,,,,,,,,,False,
ELEC,Meijer Rochester Hills MI 57,3175 S. Rochester Rd.,,Rochester Hills,MI,48307,,877-455-3833,E,,Public,24 hours daily,,,,,,,12.0,,eVgo Network,https://www.evgo.com,GPS,42.635102,-83.127212,2026-08-09,463882,2026-08-09 23:58:53 UTC,,,,2026-07-21,,,,,J1772COMBO,US,,,,Public,,public,,,,,,,,,,,,,,,,,,,,False,,,,,,,,,False,
ELEC,Andys Seney Bar,10795 Grand St,,Seney,MI,49883,,313-262-6722,E,,Public,,,,,,,,2.0,,RED_E,https://www.redecharge.com,GPS,46.34522,-85.94508,2026-08-09,464964,2026-08-09 05:15:07 UTC,,,,2026-06-29,,,,,J1772COMBO TESLA,US,,,,Public,,public,,,PUBLIC,,,,,,,,,,,,,,,,,False,,,,,,,,,False,
ELEC,MAIN CAMPUS NRC3 EAST 2,3478 88th Ave,,Zeeland,MI,49464,,888-758-4389,E,,Public,24 hours daily,,,,,,2.0,,,ChargePoint Network,https://www.chargepoint.com,GPS,42.831287,-86.001164,2026-08-09,465106,2026-08-09 03:17:24 UTC,,,,2026-07-25,,,,,J1772,US,,,,Public,,public,,,,,,,,,,,,,,,,,,,,False,,,,,,,,,False,
ELEC,SEELYE SEELYE KIA L2,3820 Stadium Drive,,Kalamazoo,MI,49008,,888-758-4389,E,,Public,24 hours daily,,,,,,2.0,,,ChargePoint Network,https://www.chargepoint.com,GPS,42.271618,-85.637185,2026-08-09,465340,2026-08-09 03:15:53 UTC,,,,2026-07-31,,,,,J1772,US,,,,Public,,public,,,,,,,,,,,,,,,,,,,,False,,,,,,,,,False,
ELEC,Sharpe Cars,1010 28th St SE,,Grand Rapids,MI,49508,,313-262-6722,E,,Public,,,,,,,1.0,,,RED_E,https://www.redecharge.com,GPS,42.912386,-85.640653,2026-08-09,465400,2026-08-09 05:14:00 UTC,,,,2025-09-05,,,,,J1772,US,,,,Public,,public,,,PUBLIC,,,,,,,,,,,,,,,,,False,,,,,,,,,False,
ELEC,Sharpe MINI,1010 28th St SE,,Grand Rapids,MI,49508,,313-262-6722,E,,Public,,,,,,,2.0,,,RED_E,https://www.redecharge.com,GPS,42.912366,-85.639902,2026-08-09,465401,2026-08-09 05:14:04 UTC,,,,2025-09-16,,,,,J1772,US,,,,Public,,public,,,PUBLIC,,,,,,,,,,,,,,,,,False,,,,,,,,,False,
ELEC,Hilton Garden Inn Troy,200 Wilshire Dr,,Troy,MI,48084,,313-262-6722,E,,Public,,,,,,,7.0,,,RED_E,https://www.redecharge.com,GPS,42.56461004024,-83.16062951621,2026-08-09,465432,2026-08-09 05:12:46 UTC,,,,2024-12-30,,,,,J1772,US,,,,Public,,public,,,PUBLIC,,,,,,,,,,,,,,,,,False,,,,,,,,,False,
ELEC,Courtyard Farmington Hills,33043 Hamilton Ct,,Farmington Hills,MI,48334,,313-262-6722,E,,Public,,,,,,,3.0,,,RED_E,https://www.redecharge.com,GPS,42.4965955,-83.3752590529,2026-08-09,465433,2026-08-09 05:12:46 UTC,,,,2025-01-03,,,,,J1772,US,,,,Public,,public,,,PUBLIC,,,,,,,,,,,,,,,,,False,,,,,,,,,False,
ELEC,BEDROCK HUD B2-11,1240 Woodward Avenue,,Detroit,MI,48226,,888-758-4389,E,,Public,24 hours daily,,,,,,2.0,,,ChargePoint Network,https://www.chargepoint.com,GPS,42.333196,-83.047628,2026-08-09,465473,2026-08-09 03:08:37 UTC,,,,2026-08-05,,,,,J1772,US,,,,Public,,public,,,,,,,,,,,,,,,,,,,,False,,,,,,,,,False,
ELEC,MBS EV SYSTEM EV 1 NORTH,8500 Garfield Road,,Freeland,MI,48623,,888-758-4389,E,,Public,24 hours daily,,,,,,,1.0,,ChargePoint Network,https://www.chargepoint.com,GPS,43.535019,-84.082799,2026-08-09,465585,2026-08-09 03:18:10 UTC,,,,2026-08-05,,,,,J1772COMBO TESLA,US,,,,Public,,public,,,,,,,,,,,,,,,,,,,,False,,,,,,,,,False,
ELEC,MBS EV SYSTEM EV 1 SOUTH,8500 Garfield Road,,Freeland,MI,48623,,888-758-4389,E,,Public,24 hours daily,,,,,,,1.0,,ChargePoint Network,https://www.chargepoint.com,GPS,43.535392,-84.083829,2026-08-09,465586,2026-08-09 03:18:11 UTC,,,,2026-08-05,,,,,J1772COMBO TESLA,US,,,,Public,,public,,,,,,,,,,,,,,,,,,,,False,,,,,,,,,False,
ELEC,L501 POWER LINK 1,777 John R Road,,Troy,MI,48083,,888-758-4389,E,,Public,24 hours daily,,,,,,,2.0,,ChargePoint Network,https://www.chargepoint.com,GPS,42.541478,-83.107645,2026-08-09,465630,2026-08-09 03:03:05 UTC,,,,2026-08-06,,,,,J1772COMBO,US,,,,Public,,public,,,,,,,,,,,,,,,,,,,,False,,,,,,,,,False,
ELEC,L501 POWER LINK 2,777 John R Road,,Troy,MI,48083,,888-758-4389,E,,Public,24 hours daily,,,,,,,2.0,,ChargePoint Network,https://www.chargepoint.com,GPS,42.54153,-83.107648,2026-08-09,465631,2026-08-09 03:03:06 UTC,,,,2026-08-06,,,,,J1772COMBO,US,,,,Public,,public,,,,,,,,,,,,,,,,,,,,False,,,,,,,,,False,
ELEC,75 and 94 Intersection Gas Station,2215 Schaefer Rd,,Melvindale,MI,48122,,313-262-6722,E,,Public,,,,,,,2.0,,,RED_E,https://www.redecharge.com,GPS,42.2846755,-83.1633027,2026-08-09,465666,2026-08-09 05:15:13 UTC,,,,2026-08-03,,,,,J1772,US,,,,Public,,public,,,PUBLIC,,,,,,,,,,,,,,,,,False,,,,,,,,,False,
ELEC,South State Commons,2723 South State Street,,Ann Arbor,MI,48104,,888-356-8911,E,,Public,24 hours daily,,,,,,2.0,,,FLO,https://www.flo.com,GPS,42.2477565,-83.7385358,2026-08-09,465755,2026-08-09 04:09:04 UTC,,,,2026-08-07,,,,,J1772,US,,,,Public,,public,,,,,,,,,,,,,,,,,,,,False,,,,,,,,,False,
